"Gene","Symbol","num_estudos","HedgesG_pool","SE_HedgesG","pval","FDR","I2","tau2","logFC_meta","SE_logFC_meta"
"596","BCL2",7,-2.66422554256132,0.238934606483392,7.12546643523855e-29,1.43563897737186e-24,0.000418099244542578,1.87031756266915e-06,-1.23440141148358,0.251757691927727
"79974","CPED1",7,-2.39706588129033,0.23610653803206,3.23062345204918e-24,1.62726503279717e-20,0.000783804339415123,3.42382379935526e-06,-2.38452743305553,0.620400360252935
"79581","SLC52A2",7,2.25296229469792,0.226338337165617,2.42348359419476e-23,8.13805790930599e-20,0.000431006496780439,1.6894956679568e-06,1.04157826054548,0.21841521667569
"2023","ENO1",7,2.2637654896481,0.229222543131416,5.29863701616882e-23,1.52509912288242e-19,0.00113571316859819,4.52202434581356e-06,1.03258955094793,0.0959397728456905
"10212","DDX39A",6,2.3881593493102,0.249921407485365,1.2282073924249e-21,2.74954694917521e-18,0,0,1.17062923453366,0.188769344698853
"90293","KLHL13",6,-2.49567737020485,0.270668125820289,2.95902347357934e-20,4.96820041213971e-17,1.2260433004287,0.00588796822377036,-1.09174075298855,0.0961578305256379
"4857","NOVA1",6,-2.21540624803627,0.241621969508001,4.77896474518962e-20,7.4066601296985e-17,2.18786186341909e-05,8.71667368185246e-08,-1.03026709228979,0.32375741913343
"5121","PCP4",7,-2.12127058596617,0.238098682208339,5.13985955565467e-19,6.90385935515535e-16,0,0,-4.60345316803386,0.985978731679665
"11037","STON1",6,-2.05753695373222,0.232082779835743,7.6140696648655e-19,9.58801722548189e-16,0.000950651538330813,3.44163840054864e-06,-1.48825642140342,0.513418671849126
"79785","RERGL",6,-2.08426191651363,0.236860992078749,1.37408376041232e-18,1.62853174145809e-15,4.55886821754874e-05,1.7213971887756e-07,-1.30244467541986,0.359474936980212
"5010","CLDN11",7,-1.92647613596123,0.220520146036536,2.41392367313582e-18,2.55977548243897e-15,9.04206345676444e-05,3.32536352214997e-07,-1.0203643539006,0.304507039661723
"64943","NT5DC2",7,1.88843148054079,0.217778082109364,4.27000921153921e-18,4.03790070407709e-15,0,0,1.1459340836819,0.188489004537198
"84790","TUBA1C",7,1.92943939141862,0.222600880182976,4.40906370308199e-18,4.03790070407709e-15,3.19859787825317e-05,1.21154953999276e-07,1.06319018824108,0.264960600689156
"6472","SHMT2",7,2.23551843724421,0.267623654859437,6.642850366311e-17,4.615177557946e-14,19.6302268275181,0.0976078431828624,1.22171698283296,0.116661062768138
"10194","TSHZ1",6,-2.21868882156324,0.269188294850533,1.69151116107555e-16,1.03274445070758e-13,0.00021530191264198,1.06982749798002e-06,-1.19922635815215,0.22625570127915
"57659","ZBTB4",6,-2.1999655171053,0.269844036700889,3.55800003254835e-16,1.99129401821622e-13,0,0,-1.15087792923125,0.140018939188771
"23731","TMEM245",6,-2.16146090814796,0.266269803004266,4.75652519474443e-16,2.59012080064083e-13,0.000433823315162684,2.10039369908726e-06,-1.16090592582557,0.10201079254537
"6676","SPAG4",7,1.77615758294837,0.219533231270417,5.93670424931764e-16,2.9903179303813e-13,3.46746029962154e-05,1.28492433569009e-07,1.38404067315487,0.277502582337543
"3977","LIFR",6,-2.40212853681428,0.299426734392151,1.03677654550154e-15,5.09487166799148e-13,28.1522959521015,0.146780394970979,-1.28231350890631,0.332059407007573
"316","AOX1",6,-1.83213169171872,0.231025937365508,2.18413752000618e-15,1.02339541286243e-12,0.000184467945060807,6.63028563103823e-07,-1.43864416143805,0.242052872202139
"10051","SMC4",7,1.72028099692313,0.217318802788078,2.45406528972648e-15,1.09876683238687e-12,0.000233422523829095,8.42880850174085e-07,1.24973575871497,0.11961190989391
"8654","PDE5A",7,-1.76757035680959,0.223825246135631,2.85467280468935e-15,1.19824890976836e-12,4.18896197266786,0.0156070173258374,-1.12095082813241,0.343784658477208
"7371","UCK2",7,1.70763214371756,0.218594433830233,5.63439357132456e-15,2.10225484583421e-12,1.6466168491071e-06,6.06342337971017e-09,1.16396208636506,0.207566073302093
"8703","B4GALT3",7,1.68321892448146,0.216085435383546,6.72221126828385e-15,2.33515711436867e-12,0.0017000819411077,6.03617108206231e-06,1.01137215325096,0.175951208016775
"51514","DTL",7,1.66945210701985,0.215164016118826,8.56188845894484e-15,2.82794965034132e-12,0,0,1.34781368446883,0.222297676891688
"1063","CENPF",7,1.67216784000869,0.216295112587187,1.0674252976258e-14,3.41372776135945e-12,0.000486961146445225,1.75793514046599e-06,2.00106402498317,0.327671125140767
"70","ACTC1",7,-1.79553160190488,0.232437991584121,1.12049514856101e-14,3.52745878956362e-12,0,0,-4.13524359997481,1.08864137360734
"6659","SOX4",7,1.79746422978991,0.232981479702135,1.20932922073474e-14,3.74854848297900e-12,7.30073727245899,0.028942775310448,1.13540201207178,0.199196387140805
"7102","TSPAN7",7,-1.71555675791093,0.22300872874461,1.43973620380554e-14,4.08560634285548e-12,5.67304413610962,0.0207466425335397,-1.21394549756996,0.16717951113526
"10535","RNASEH2A",7,1.6309752014478,0.2140075457276,2.51502091408859e-14,6.84765424014283e-12,0,0,1.16041478578929,0.176063047087585
"114815","SORCS1",6,-2.67199549025602,0.351147487545152,2.75530287607654e-14,7.25258682403264e-12,25.4647769966673,0.184687684821787,-1.25256595783149,0.22645104755289
"991","CDC20",7,2.31453089247377,0.304201041383036,2.77173508760429e-14,7.25258682403264e-12,32.6191786231237,0.197419173178014,2.7519201629167,0.460098958344809
"23336","SYNM",7,-2.25500927289096,0.297244136333687,3.2894707793855e-14,8.49695605936654e-12,28.7523433898494,0.168054429627022,-3.29914648887353,0.55498820107646
"10460","TACC3",7,1.64367281385922,0.216985867055238,3.59065540988732e-14,9.04306564980122e-12,0.000156695174858173,5.68359073052441e-07,1.29793091413529,0.251001295493578
"3899","AFF3",7,-1.8910173306143,0.249961916428288,3.87203454882297e-14,9.2461882077926e-12,12.1730632173231,0.0545881895459921,-1.43923478588112,0.532836669066929
"9920","KBTBD11",7,-1.62056466730256,0.214239660836623,3.90076433225318e-14,9.2461882077926e-12,0.00185171132389513,6.4789238162768e-06,-1.02615794841632,0.236377055186189
"5915","RARB",7,-2.2881624521091,0.304634749248218,5.86026107368058e-14,1.32665775407322e-11,31.2516152442156,0.191799877808245,-1.2851608779295,0.316805424910305
"3779","KCNMB1",7,-1.65071520778768,0.220884293453366,7.82604617779673e-14,1.69547503645428e-11,0.000587959705907226,2.2300173181386e-06,-2.19160554302609,0.796757338459714
"2194","FASN",7,1.59595197039022,0.214044690596573,8.90789497294515e-14,1.90932199909467e-11,0.0014136810166165,4.94633494588952e-06,1.35701463182939,0.220158872113002
"25849","PARM1",7,-1.56959762231621,0.211804890240751,1.2574582554169e-13,2.58523152348364e-11,0,0,-1.52835462847618,0.322832844939673
"3014","H2AX",6,1.94210228199368,0.262835184066902,1.47881703616312e-13,3.00961673177924e-11,0,0,1.16882100629144,0.116259035305704
"7718","ZNF165",7,1.57085201150299,0.213587313325377,1.91481194714791e-13,3.78365090398389e-11,0.00101147148533913,3.49969111189234e-06,1.04219895869686,0.204637250478387
"5166","PDK4",7,-1.57678959610327,0.214396014606426,1.91548735460769e-13,3.78365090398389e-11,0.000390665865047371,1.38198570777833e-06,-1.57129790713205,0.372383367355297
"3149","HMGB3",7,1.57813169417125,0.216499758780514,3.11569549665721e-13,5.86682550155603e-11,0.00044150582644361,1.59978337555928e-06,1.29368613169913,0.233359766155361
"9833","MELK",7,1.55948834353819,0.214289855874655,3.4013453909254e-13,6.28718412260228e-11,0,0,1.53815547010126,0.237479686283606
"5239","PGM5",7,-1.57688249696195,0.217581595734064,4.25112570242392e-13,7.51330532038922e-11,0.00108032042270208,3.99145929733627e-06,-3.00771591326711,0.969191859370822
"401152","ARLN",6,-1.84254713227991,0.255296193632663,5.3033089028673e-13,9.29139719782351e-11,0.000677657798011248,2.9150082807243e-06,-1.03455949258328,0.227162925850065
"4176","MCM7",7,2.16424239703923,0.300327323323474,5.75016479133738e-13,9.81816273015809e-11,36.1452804652049,0.219356679614368,1.07414950332025,0.10087473210227
"79682","CENPU",6,1.61819151579981,0.225884043310977,7.84622280007609e-13,1.28113556393486e-10,0.000332866608674146,1.13210513642401e-06,1.40804610314417,0.273754798250532
"118429","ANTXR2",6,-1.90077242178193,0.265354456989175,7.88469376255322e-13,1.28113556393486e-10,1.10425051543888e-05,5.35775935577315e-08,-2.12589056394476,0.547137549592684
"9636","ISG15",7,1.49885121202489,0.209746368859205,8.93317086646177e-13,1.406136926699e-10,0,0,1.41898517925254,0.333210692457525
"2621","GAS6",7,-1.54779985194045,0.218673056594745,1.46095615827787e-12,2.13036430977179e-10,0.000532900256265166,1.97558559730633e-06,-1.17457421867167,0.22659452386792
"59353","TMEM35A",7,-1.50239514536027,0.214351276520134,2.39971058528798e-12,3.31160060769741e-10,0.000191771200841471,6.69751084489548e-07,-1.14139397235014,0.215049595270025
"51119","SBDS",6,-1.79740122668345,0.256672809596249,2.51086265013544e-12,3.41816626181952e-10,0.000521518235443444,2.29405572015918e-06,-1.02199462778314,0.143528256953992
"27115","PDE7B",7,-1.45627554214506,0.209289560221144,3.44683661793437e-12,4.48044285020269e-10,0.000535535123098076,1.75996483144899e-06,-1.14181659088844,0.224508559964054
"6096","RORB",6,-2.27633808531447,0.329232326628802,4.70915029945351e-12,5.96729309643959e-10,38.6951364238978,0.236497341819658,-1.07538625010277,0.234236915879109
"2177","FANCD2",6,1.79731803930327,0.261142167122849,5.87999788833242e-12,7.31297515148899e-10,0.000265478150512697,1.23093647075558e-06,1.37794261595762,0.342552186308529
"283927","NUDT7",4,-2.25794141897795,0.329815437325796,7.59033760375065e-12,9.15749233774659e-10,0.000971118112208738,5.50583322047607e-06,-1.21000069817924,0.46443313715147
"51599","LSR",7,2.13344232858251,0.31334618901179,9.85673567109932e-12,1.15461343198435e-09,39.5853181393624,0.255613222962784,1.40057982933193,0.102363415733042
"27303","RBMS3",7,-2.22224603480688,0.326446399768487,9.93893135393543e-12,1.15751207467683e-09,40.7256302214914,0.278272534949979,-1.00579909919386,0.177460464391185
"3875","KRT18",7,1.43728175861415,0.211308665653895,1.03311565442713e-11,1.19627667847114e-09,0.000489338193687997,1.64561145635011e-06,1.12790653775762,0.132182260082686
"9639","ARHGEF10",7,-1.4434670037057,0.21236507014835,1.06744663342445e-11,1.22896655829919e-09,0.000611537392296082,2.11252588580716e-06,-1.0441180507602,0.249551174355844
"90627","STARD13",6,-1.57598660335007,0.234163735504181,1.69341390085058e-11,1.88502228035014e-09,0.000927529991823706,3.50157180329851e-06,-1.00332161731226,0.282034468707647
"150468","CKAP2L",6,1.71728283060728,0.255978284914689,1.96359010591047e-11,2.16188051660569e-09,0,0,1.6393928798345,0.289535890257631
"65055","REEP1",7,-1.49980475111488,0.22383569565802,2.07747788395321e-11,2.2625418597778e-09,0,0,-2.49672423458333,0.718822586336132
"7422","VEGFA",7,2.03186854642726,0.303381951334649,2.12168611142848e-11,2.29826514908931e-09,37.3309219836475,0.22932242982042,1.44772079548875,0.306799055151703
"114757","CYGB",6,-1.70608704618843,0.255842046891118,2.58401074709971e-11,2.74013939645079e-09,0.00121438588045275,5.33598808404111e-06,-1.08245650654093,0.261995774622784
"9055","PRC1",7,2.0438382125166,0.309871378386353,4.23073944384888e-11,4.28346423691795e-09,37.0328283582932,0.228972777796648,2.10151833114355,0.240660612301192
"84366","PRAC1",5,-2.24973688601278,0.341225486796926,4.30709614981685e-11,4.33896866132549e-09,22.9160979222253,0.135637886734174,-1.984781645354,0.669643854451743
"4171","MCM2",7,1.39200321798811,0.211183082923109,4.35544759729857e-11,4.36584866618764e-09,0.00107734434364813,3.68826464032809e-06,1.26071985663633,0.275275651041284
"6456","SH3GL2",7,-1.62860430076929,0.248866132656355,5.98556358338687e-11,5.79793918644609e-09,19.8166811122514,0.0850450790539798,-1.55006209951507,0.384180324604246
"4629","MYH11",7,-1.93722129992989,0.297592231221906,7.53260509232027e-11,7.12520785915816e-09,33.698390861651,0.194973014349719,-3.16655080697158,0.583742775600626
"152926","PPM1K",6,-1.66444798623852,0.255912062084992,7.82201609840386e-11,7.34064499216053e-09,0.000508854379838248,2.24951014735723e-06,-1.10823544936982,0.134853804876004
"2810","SFN",7,1.363725457544,0.209882779478521,8.1634419149196e-11,7.61467720841667e-09,1.75703520339621,0.00573162768759468,1.47844240111644,0.348834261547842
"7153","TOP2A",7,2.25943284674526,0.347779691656205,8.20813068372266e-11,7.62107912514489e-09,46.6945227599874,0.354625986994291,3.2809856837147,0.420726992065234
"388228","SBK1",6,1.62098291315701,0.249970839816839,8.89155719529863e-11,8.21775662251728e-09,0,0,1.58224152489461,0.46490962795118
"401115","NICOL1",6,1.65595366577162,0.255893659763093,9.71908909517458e-11,8.78117520581064e-09,0.000230899373580691,1.01506929729601e-06,1.39266729477999,0.336473970575256
"89958","SAPCD2",6,1.61699159164924,0.250851582452422,1.14833744679107e-10,1.02374791495338e-08,0,0,1.22922719778274,0.353647498465493
"3872","KRT17",7,1.32916607229844,0.206622377535268,1.2525193233681e-10,1.10199822389609e-08,0,0,1.81490184798168,0.426023255202942
"8854","ALDH1A2",7,-1.32590627536212,0.206662046015404,1.40067811196825e-10,1.21641649137656e-08,0.00207639558145666,6.58211030009142e-06,-1.09026050939603,0.214904207672692
"10894","LYVE1",7,-1.42777898380113,0.223890135681492,1.80424233996767e-10,1.50837654214393e-08,6.56668900038646,0.0242059314697255,-1.34975228156443,0.387543915034041
"83959","SLC4A11",6,1.59713114460831,0.250477279341293,1.81356576690722e-10,1.50990591205152e-08,2.44281793391823e-05,1.00748848893704e-07,1.24937807313474,0.312824609536613
"9123","SLC16A3",7,1.35511809254878,0.212699151701351,1.87731730995009e-10,1.55655099427467e-08,1.48604753353401,0.00509315525779606,1.16423908366381,0.275068935620857
"51435","SCARA3",7,-1.80746126819264,0.284376077210198,2.07231801510313e-10,1.70420666809379e-08,27.4463592188059,0.148122232600918,-1.29417750494234,0.359728177121429
"221303","FAM162B",5,-1.69238164149059,0.266710782498694,2.2187505441172e-10,1.79234207120994e-08,0,0,-1.1760328129736,0.272049719348664
"29128","UHRF1",6,2.35673231654674,0.371960181898649,2.35837203683565e-10,1.87812173115275e-08,33.8378610522941,0.268550697583154,2.27397340586653,0.472565763728371
"8742","TNFSF12",7,-1.57302717099159,0.248507552849563,2.45325176684861e-10,1.94598884245928e-08,17.471568991349,0.0752765806214532,-1.18607573525247,0.399086491394634
"23017","FAIM2",7,-2.2182323507826,0.350571530933843,2.49206467377014e-10,1.96133277527816e-08,49.6008143658612,0.392911795096534,-1.16058230102642,0.248670592633193
"55885","LMO3",7,-1.32346652331316,0.209215656164677,2.51844984816167e-10,1.97438628563274e-08,0,0,-1.03067185802757,0.278337812963635
"1058","CENPA",7,1.3281424262293,0.210109153597842,2.595362943432e-10,2.0189719144505e-08,0,0,1.1961654542801,0.240003555604887
"163183","SYNE4",6,1.594795433934,0.253139572296201,2.97523320265797e-10,2.27064388511942e-08,0.000994711006281164,4.22448247411754e-06,1.34754318893727,0.354544434561679
"116159","CYYR1",6,-1.5648159664037,0.249490505291255,3.56333891312439e-10,2.64923071666532e-08,0.000162697339641959,6.67372862797712e-07,-1.16120555357767,0.211086520436216
"54749","EPDR1",6,-1.54713256553508,0.247328782239469,3.96579489485998e-10,2.90555765605959e-08,0,0,-1.54263313834991,0.312715527487913
"9212","AURKB",7,1.82887033485729,0.29266775151139,4.13183301051726e-10,3.0162380976776e-08,35.1708091546893,0.197477801354426,1.64326859868282,0.326591312070079
"55165","CEP55",7,1.683863836069,0.270654129121412,4.92549764408399e-10,3.46989253611903e-08,25.8255518865882,0.127220917776841,1.78075175536454,0.272392461567176
"144402","CPNE8",6,-1.57793676232534,0.253953943323822,5.18251115699966e-10,3.61714347752134e-08,2.4172865600914,0.0100429986952994,-1.07405465571051,0.133885012864179
"51203","NUSAP1",7,2.30086734364062,0.371444025040963,5.85129970652244e-10,4.00303556822294e-08,52.6623854512882,0.450773217373039,2.66134137611507,0.356259797454733
"10615","SPAG5",7,1.54918408405853,0.25136045564807,7.12905843048613e-10,4.60673479365097e-08,21.261792323801,0.0924614273131667,1.02200373977858,0.192128945546259
"8313","AXIN2",6,-1.51225848670964,0.245909312689451,7.76495725706703e-10,4.93527945789863e-08,0,0,-1.10929428656002,0.195549501127424
"7108","TM7SF2",7,1.28444306011209,0.210110617879419,9.76679208544525e-10,5.98119534764593e-08,0.0021184992402243,7.1401775313242e-06,1.0462037534368,0.311461756777018
"11130","ZWINT",6,1.39804650681757,0.229874664496189,1.18857613395414e-09,7.00217308389126e-08,0.000404754056878414,1.46602323332312e-06,1.27595924863231,0.463073157099706
"217","ALDH2",7,-1.37086401379249,0.226444114198207,1.41403700557832e-09,8.18678666333102e-08,10.9663499010739,0.0403109983209838,-1.59395686034857,0.324573840985787
"64151","NCAPG",7,1.95816451910194,0.32544536244162,1.77814749148609e-09,1.01490412630204e-07,43.5272052077854,0.293312405572884,1.87814162663588,0.316001806806415
"3209","HOXA13",6,-1.50383191612416,0.250209387216922,1.85187470046774e-09,1.04514205784381e-07,0.000148240608762167,6.18521546921556e-07,-1.5025665726032,0.193135173018838
"2532","ACKR1",7,-1.30630641830372,0.217437711270323,1.88142236090661e-09,1.0588518918309e-07,3.98488879246213,0.0140686533698219,-1.60374551660936,0.396906290664525
"8404","SPARCL1",7,-1.92349023438631,0.321356067943975,2.1567048863514e-09,1.19377170467604e-07,43.5965319543811,0.288053972349341,-2.46369070097154,0.332142030393209
"147495","APCDD1",6,-1.45457875199554,0.243376247925561,2.27749286945361e-09,1.25717606393839e-07,0,0,-1.07417007263559,0.284078983429973
"5350","PLN",6,-1.32072757311149,0.221608080105099,2.52632357652827e-09,1.38316215814923e-07,0.00106086991540931,3.48283353110963e-06,-1.32499090858835,0.526199740716543
"3488","IGFBP5",7,-1.22301687259931,0.206796845845417,3.33698578906835e-09,1.79289572475064e-07,0,0,-1.55641264055895,0.396798456131364
"56907","SPIRE1",6,-1.46344172159362,0.247598074008028,3.40959597134631e-09,1.82703562847568e-07,0,0,-1.03340245282164,0.299367328288151
"891","CCNB1",7,1.83732756922429,0.313862450594589,4.80102222473758e-09,2.4427019137377e-07,41.1764548617277,0.260633892292908,1.62884973397431,0.311152714006434
"6513","SLC2A1",7,1.21609243706936,0.207769620887865,4.82548725718158e-09,2.448965170219e-07,0.00152786595505646,4.94497198352438e-06,1.28831173114165,0.436182923868006
"84798","C19orf48P",6,1.92365571269561,0.328890558376675,4.94764584075973e-09,2.49837514786032e-07,29.5047479280448,0.187557769878187,1.06345059392724,0.217814645520568
"898","CCNE1",7,1.21195155504182,0.207258042564031,4.988689750969e-09,2.50653668584847e-07,0,0,1.01893955562362,0.215531060498296
"114928","GPRASP2",6,-2.51775256391177,0.431543802177164,5.40194396563391e-09,2.68736708690351e-07,46.9270658669285,0.482936001628545,-1.20700699667034,0.211848369208795
"51659","GINS2",7,1.74618301211826,0.300388518406022,6.13330924948918e-09,3.02877242055657e-07,39.610954367567,0.234205964171317,1.47953886672473,0.330012372485097
"3557","IL1RN",7,1.20753796503339,0.208008650689015,6.42778809395827e-09,3.14871801443163e-07,0.0018620397815274,6.07291353246774e-06,1.22456324091951,0.300689445269147
"79901","CYBRD1",7,-2.05728197625493,0.354401629554301,6.43871263622113e-09,3.14871801443163e-07,52.7320791240552,0.421593400656699,-2.10201405782191,0.477543770714421
"113130","CDCA5",6,1.84883285557281,0.31873096972576,6.60755899573350e-09,3.22346485825759e-07,25.1235964097777,0.152017807780412,1.92457787696318,0.532632118479744
"8786","RGS11",7,-1.21334952184665,0.209910185913829,7.45555554431582e-09,3.55958609257998e-07,0.000207785194216872,6.95874519423399e-07,-1.00721184220364,0.42452504114079
"4830","NME1",7,1.76906918904757,0.306979602780618,8.2718414629244e-09,3.92143674811767e-07,41.6650120531571,0.259216950955411,1.01851351114664,0.184642578472339
"220042","DDIAS",6,1.60966108343253,0.279518024888963,8.47630566373831e-09,4.00893442518778e-07,11.5021691624752,0.0563817653529723,1.16843616551763,0.187385411864799
"3006","H1-2",7,1.18161816806745,0.206231747976918,1.00688608814872e-08,4.64227480641198e-07,0,0,1.53816868450912,0.371902467931598
"2706","GJB2",6,1.41188667321386,0.247695016911884,1.19736297494588e-08,5.44570411268839e-07,0,0,2.42829792686064,0.358040055100339
"7298","TYMS",7,1.84579138561507,0.323888824274797,1.20623622906844e-08,5.46480067139443e-07,44.3521223183375,0.297730480302779,1.8829625073803,0.277805136829941
"10319","LAMC3",7,-1.85593296913601,0.327477411501838,1.4501294028972e-08,6.42136422188413e-07,46.7154327010307,0.319091036487808,-1.42828346002903,0.328496629978055
"4282","MIF",7,2.22878788046289,0.393471376703849,1.47521038993871e-08,6.51810064396602e-07,58.9944331116647,0.579035251460472,1.21630963147905,0.170877559643524
"55214","P3H2",7,-1.39630555311795,0.247294881506992,1.63920473428235e-08,7.20308554344976e-07,19.3540212214133,0.0820767164491747,-1.21161494231798,0.220821660364866
"55630","SLC39A4",7,1.76661289868802,0.313555940227618,1.75950878076265e-08,7.62378127200125e-07,42.6686980905123,0.272337075424961,1.14496775358759,0.273533721847237
"1894","ECT2",7,1.18325773944657,0.212813365334927,2.69662612263847e-08,1.11563907841725e-06,2.87324256446016,0.00971268494686662,1.01156745946081,0.276876859303656
"91851","CHRDL1",6,-1.2235266657687,0.220643258703339,2.93499218897706e-08,1.19704904096174e-06,0.000610943927184181,1.98854756673514e-06,-1.26465802350819,0.716198476170878
"85457","CIPC",6,-2.21238841234243,0.399542656866922,3.07166379050358e-08,1.24023811725583e-06,43.8717829862096,0.394214838838605,-1.02662328222655,0.222929362531144
"2172","FABP6",7,1.14029650006008,0.206579735329446,3.39220490945039e-08,1.3453965455828e-06,0.0002339237287421,7.51563609727335e-07,1.27094862622765,0.351236663789583
"8516","ITGA8",7,-1.98502179243126,0.36274101210528,4.44272404753721e-08,1.68255646822894e-06,54.0742891423434,0.447468412968377,-1.77402104402391,0.349653925753785
"259266","ASPM",7,1.96521447773744,0.361180445849116,5.29562373957272e-08,1.97585605749835e-06,53.9792107500571,0.442068196079585,2.12898008642002,0.33892214607865
"55872","PBK",7,1.59425744273021,0.293843933787479,5.77846238593794e-08,2.12841791868149e-06,36.8820844142334,0.207492929697384,1.43394696291353,0.277469839288585
"85012","TCEAL3",6,-1.73659261228378,0.320666584953285,6.10934716318474e-08,2.24209702447807e-06,25.7962303927308,0.156889085202875,-1.02165343333485,0.185686151840391
"577","ADGRB3",6,-2.58322852145349,0.477207240529287,6.19008201004738e-08,2.26759586069881e-06,67.0651530426996,0.814866594147645,-1.20318698773445,0.179767882053755
"8140","SLC7A5",7,1.10155228917976,0.203695995604356,6.37947257164376e-08,2.32352692216136e-06,0.000288654895812681,8.99698049455413e-07,1.1859507002072,0.203226097999521
"29127","RACGAP1",7,1.59748339548099,0.295416640524449,6.3888917752501e-08,2.32352692216136e-06,38.1949131112128,0.218662789023841,1.18457481722616,0.299147659090943
"284837","AATBC",5,1.40666893294763,0.263773036069425,9.66692472819025e-08,3.33508903122563e-06,0.00071323473211103,2.78363453162112e-06,1.22116284913717,0.368804878629186
"22974","TPX2",7,1.89429230861558,0.356063805235347,1.03714620258002e-07,3.54777957378305e-06,53.3468143117795,0.424594843023318,2.12653708088918,0.334286865140228
"7037","TFRC",7,1.46653185822123,0.276614448897946,1.14717825716384e-07,3.86510828182894e-06,32.6168167523784,0.166439362975956,1.42046628567694,0.301686553976849
"9928","KIF14",7,1.51871067975211,0.286553176393483,1.15849515696466e-07,3.89022673708734e-06,36.8287091414135,0.198758077844926,1.14225377791305,0.228169723379507
"54443","ANLN",6,1.9390105914975,0.367723198957002,1.34199301936972e-07,4.40321812393993e-06,37.8800828668757,0.290645505340724,2.01162653385541,0.369169177574084
"9787","DLGAP5",7,1.60259676639526,0.306028761116404,1.6342693798389e-07,5.2348584205078e-06,41.7857224206271,0.252786478133965,1.69540724832895,0.313131818610262
"51776","MAP3K20",7,-1.60825669359651,0.308203970559667,1.80712297564745e-07,5.72482920021144e-06,43.4185588300082,0.267572375342551,-1.09806725129286,0.316727380135175
"11170","FAM107A",7,-2.22563180897339,0.427483105799471,1.925787622279e-07,6.06262015838707e-06,66.7264119764694,0.774939417665662,-2.0085654204491,0.415837774290749
"5064","PALM",7,-1.08026343925512,0.209128270117558,2.39727392106875e-07,7.32932852225998e-06,0.000589030148037375,1.96865746056135e-06,-1.04629358297554,0.434009644553522
"6358","CCL14",7,-1.96787505006387,0.383638942248898,2.90516408479876e-07,8.63322212102144e-06,58.3159862746777,0.534203262043795,-1.83339194741096,0.481195642868049
"2237","FEN1",7,1.44707944217281,0.282220504128537,2.93649193037951e-07,8.69813765536684e-06,34.7313961758209,0.182811755888227,1.01422794021295,0.18594434347726
"57549","IGSF9",6,1.25457389639522,0.245323643469424,3.15483747770232e-07,9.23890486929454e-06,0.000768605028266087,3.02032366514785e-06,1.11855753466945,0.346363312159388
"5099","PCDH7",7,-1.09253287977977,0.214168859500833,3.37384329966792e-07,9.80897471886137e-06,0.000625137761662243,2.24456575516371e-06,-1.42016608858716,0.51692627417168
"9022","CLIC3",7,1.03936537078018,0.203807191149431,3.40105495072593e-07,9.87384079931211e-06,0,0,1.16200339930012,0.29175094094393
"128239","IQGAP3",6,1.54893061905567,0.304651151530321,3.69030477716331e-07,1.0605845211011e-05,27.597320733036,0.15141610840382,1.13899292976743,0.417935898485106
"760","CA2",7,1.13245806244327,0.22293067263558,3.77700134711206e-07,1.07941876796615e-05,9.31453778333881,0.0335024690897613,1.35490104920862,0.399681735908021
"10576","CCT2",7,1.30286122717792,0.257589026284274,4.23884019285973e-07,1.18947287194621e-05,27.7756081281612,0.125474873037691,1.09110627903254,0.240761414726788
"1033","CDKN3",7,1.41815413311463,0.28142789537572,4.67632082000107e-07,1.2906645463203e-05,34.79366307949,0.181657858912037,1.28726842239333,0.254302017679253
"23022","PALLD",7,-1.68555497768752,0.334761746146314,4.77628417398048e-07,1.31285912056424e-05,49.8064519308191,0.356180486403747,-1.91480993788149,0.520780886581325
"10439","OLFM1",7,-2.53872018230518,0.509109814926573,6.14553660514916e-07,1.64654616383704e-05,74.1970180601064,1.1978337727994,-1.55774484357091,0.381738507890193
"3868","KRT16",7,1.02162596697361,0.205040509446956,6.27495905332008e-07,1.67875386859662e-05,0,0,1.50659488252405,0.251511077133579
"25890","ABI3BP",7,-2.07037024563479,0.41655360258449,6.68710142643788e-07,1.77045623574074e-05,63.934548162572,0.69917924323674,-1.70652631595768,0.602800679718756
"6768","ST14",7,1.50909945935977,0.304196971167203,7.01569723526034e-07,1.84532986809433e-05,42.575730354317,0.256319548112774,1.11887760052016,0.380770210402346
"116238","TLCD1",6,1.46708495223725,0.295833621351056,7.08002528666741e-07,1.85740038379915e-05,20.8497593652072,0.1099803717466,1.14291552264541,0.329220942032333
"7272","TTK",7,1.59689483691285,0.322193111216095,7.18377906824427e-07,1.88060006046106e-05,48.6034365727645,0.325975496055114,1.70502810053266,0.324171097143807
"85414","SLC45A3",5,1.24424427246156,0.251415084197841,7.46094345839238e-07,1.93965275870567e-05,0,0,1.06708630150239,0.272949155111741
"5742","PTGS1",7,-2.29948913504014,0.464834146723344,7.54037765848277e-07,1.95525777430001e-05,69.2264875377008,0.918591816621741,-2.76122854135735,0.432727274458765
"1634","DCN",7,-1.71431942932617,0.347565013623829,8.12376268091652e-07,2.08772411345799e-05,55.0325220278467,0.428312950849556,-2.29224298157648,0.250280953129485
"701","BUB1B",5,1.82512476669087,0.371847903227312,9.18897781343784e-07,2.33762026496396e-05,52.7149936855814,0.338654399454598,1.41938155350394,0.251781467071535
"3832","KIF11",7,1.51253697693583,0.3087245577034,9.61743339735636e-07,2.43126785558263e-05,43.4025407896538,0.26676548927685,1.30148389024022,0.235098894412132
"4131","MAP1B",7,-1.72039231700862,0.351764480410614,1.00452216037252e-06,2.52358011062164e-05,52.891821603274,0.408956305041651,-2.04338787786453,0.459408347654803
"10112","KIF20A",7,2.13849371654221,0.437509864125445,1.01929988335014e-06,2.55116199375636e-05,67.2450673893136,0.797182777798448,2.05365178916997,0.348789648215547
"72","ACTG2",7,-1.8780053488624,0.386850522848144,1.20628725832296e-06,2.96032590507807e-05,60.270849436954,0.566198712037159,-3.77348183834737,0.61810650540216
"1164","CKS2",7,1.86211815900633,0.383629367786612,1.21025643272477e-06,2.96645335845969e-05,60.1081140551158,0.562444652087562,1.7654614993014,0.268081873360729
"144165","PRICKLE1",6,-1.65331378146806,0.341212514761581,1.26351877313807e-06,3.08574257468918e-05,35.536050295629,0.240123013511429,-1.48113198318791,0.411797837745016
"3159","HMGA1",7,1.87948196486101,0.387973523932648,1.27022843724126e-06,3.09462666910966e-05,60.5156026725527,0.574196052780987,1.07456447888659,0.422679682699529
"2769","GNA15",7,1.36908427953678,0.282768016557413,1.28718411995767e-06,3.12460068059121e-05,35.0890576207718,0.184699136557689,1.12518609052299,0.459190092859393
"124","ADH1A",7,-1.44275245013446,0.298389804470699,1.33060992651138e-06,3.19918004765528e-05,40.5714265377695,0.235424951714735,-1.66488733488443,0.611724547821854
"2305","FOXM1",7,1.28910107505437,0.267294678014087,1.41577339512765e-06,3.38776750178527e-05,29.9200571485913,0.142333793263365,1.12783119291105,0.237476958519757
"8318","CDC45",7,1.65595123728118,0.343382859530756,1.41796126164878e-06,3.38897787659546e-05,52.6212279596574,0.394173020947184,1.36151313969635,0.424436961666565
"11004","KIF2C",7,1.83213065501045,0.380615740334467,1.48237852487715e-06,3.51789900108656e-05,59.6744025927373,0.541942958106987,1.55408772355011,0.290682533849336
"254887","ZDHHC23",5,2.15537131680484,0.448336970039475,1.5284419272763e-06,3.60175999424127e-05,50.8564510223358,0.488850541369037,1.13967537894124,0.302551295795967
"894","CCND2",7,-1.55378706989979,0.324657184463223,1.70196038986461e-06,3.97347600637221e-05,50.2091770041186,0.343929520225607,-1.7163414483348,0.452423794513446
"79852","EPHX3",7,1.11617444582285,0.233252635273223,1.70766347092221e-06,3.98217634399777e-05,15.535537754233,0.059490853894431,1.19209103374607,0.240644818836087
"4312","MMP1",7,0.965135895244303,0.202130792305697,1.79878030668121e-06,4.17052078469654e-05,0,0,1.78124487749686,0.316595616097175
"9319","TRIP13",7,1.76069225757463,0.369224226138369,1.85486614160253e-06,4.27361668012297e-05,58.424336106141,0.503496785527444,1.75467827800442,0.367872737854265
"57864","SLC46A2",6,-2.09889118306874,0.443359198514515,2.20067397116692e-06,5.0044220283376e-05,59.9722396320994,0.673805575487085,-1.06520698467588,0.256298081190805
"56992","KIF15",7,1.1626260034956,0.246288647255643,2.35169610860605e-06,5.31784210956169e-05,23.2469767955444,0.0967056572826441,1.01208618321308,0.213655694821364
"25891","PAMR1",7,-2.11107344562811,0.447350993712697,2.36944054326224e-06,5.3519605454762e-05,70.4050951011163,0.898720541286824,-1.9952598910287,0.461467545810479
"50512","PODXL2",7,1.42164006495271,0.301385639704289,2.39332074021688e-06,5.3938060709049e-05,44.2498505427675,0.263807127918468,1.04291900296481,0.321190170066676
"1288","COL4A6",7,-0.958214317617234,0.203283697045984,2.43282499599071e-06,5.4523423825607e-05,4.49237814466829e-05,1.39587750250114e-07,-1.07526193585212,0.332005043572296
"1593","CYP27A1",7,-1.75657766228915,0.372782871877029,2.45217390258309e-06,5.4796195991162e-05,60.0566690040654,0.540085699577064,-1.37562503698327,0.378007613932822
"6535","SLC6A8",7,1.01968262232988,0.21680689215049,2.56135878749413e-06,5.66728448642678e-05,8.8150375451224,0.0297988990057106,1.01001618058132,0.213499269336981
"5603","MAPK13",7,1.96773968013782,0.418392604188049,2.56248568946536e-06,5.66728448642678e-05,65.6754493195172,0.726748528452675,1.51439745851554,0.42700709607105
"23179","RGL1",7,-1.64552985839353,0.35023129020245,2.62195919880115e-06,5.77634678655418e-05,56.611702710936,0.4520259013729,-1.26218366933853,0.285051599725518
"283","ANG",7,-1.5791380176148,0.337543325674762,2.89225196796319e-06,6.31344449084748e-05,52.3760181780622,0.380927781420731,-1.33370168443837,0.284112455334003
"2053","EPHX2",7,-1.42613759916832,0.305628071394354,3.06743471699698e-06,6.65977097823871e-05,43.833256208765,0.264593871297281,-1.10363052564545,0.245906117246989
"29089","UBE2T",6,2.05655762653794,0.444317308530858,3.6818395653343e-06,7.84161771272257e-05,56.2071034131254,0.618070004655455,1.53675942691116,0.294324906733565
"11065","UBE2C",7,2.41070603983989,0.520922773085197,3.69640421456376e-06,7.84775048630459e-05,75.3209627794848,1.2542500983769,2.31584480979582,0.612422795940274
"9133","CCNB2",7,2.51019732589883,0.542747359394224,3.74629074735179e-06,7.94529115554145e-05,77.2974434926481,1.40621292150051,2.59575921868177,0.438978417931828
"57685","CACHD1",6,-2.93048829337609,0.636095128220906,4.08526060334824e-06,8.56501879669722e-05,73.460930041983,1.58467281196851,-1.54735623919189,0.212778130126144
"2041","EPHA1",7,1.70203657127716,0.369499688103564,4.09842760012201e-06,8.56513130462165e-05,58.7545183665984,0.510075259972,1.27340648663982,0.288359307617247
"6696","SPP1",7,0.941908035002625,0.204664183980742,4.18026676994017e-06,8.70982573740999e-05,0.000178898892930988,5.67173157335515e-07,1.51773785676099,0.459552267523423
"4001","LMNB1",7,1.35905464105337,0.295336260443236,4.19017175287023e-06,8.72144426413526e-05,40.7016929206096,0.230904795998721,1.07438047961207,0.256353376336174
"1602","DACH1",7,-1.72902575619854,0.375860472633961,4.22126413449715e-06,8.76804430740708e-05,60.6855925739024,0.544386332756804,-1.12388649582178,0.254815381285668
"59","ACTA2",7,-1.82835488817996,0.398878128533204,4.56725222552347e-06,9.40930795180084e-05,63.1460032556615,0.627842273732211,-2.31667937268055,0.362958757237457
"139818","DOCK11",6,-1.37889775000057,0.300835804553904,4.57134433662851e-06,9.40930795180084e-05,24.0932694129861,0.130255894933214,-1.29187048236918,0.280480280639923
"81620","CDT1",7,1.81059072772101,0.396467860600979,4.95218343513611e-06,0.000100581241785406,63.7397232446557,0.633404458292786,1.16438688943428,0.364055893795443
"79776","ZFHX4",7,-2.87290392932903,0.632834163965264,5.63230627259989e-06,0.000113027596394764,82.2464227553734,2.07042509646065,-1.19040871050033,0.13856912875607
"1359","CPA3",7,-1.11429608591676,0.245731835597858,5.77121929039856e-06,0.000115355680816419,21.8790795021556,0.0907868638527247,-1.26856553564034,0.320645568114967
"2","A2M",7,-1.86410528173851,0.411436701883346,5.87824720104324e-06,0.000117262301590712,65.6736736189022,0.702858870836517,-1.71333224418216,0.244551160286188
"2054","STX2",7,-2.08418925232357,0.460288668388899,5.95432585919127e-06,0.000118509375104836,71.0833300515754,0.945822997666914,-1.37494202494764,0.34324429736628
"55034","MOCOS",7,0.934685339599947,0.206660955402629,6.10280573438616e-06,0.00012036668773438,9.40691332178794e-05,3.06808103145001e-07,1.10466153904904,0.398212934335764
"1363","CPE",7,-1.69059431748263,0.3739374441871,6.15302023625447e-06,0.000121118204101292,61.4789135738195,0.551290143918951,-1.40483973647303,0.383325343867018
"890","CCNA2",7,1.68062625447421,0.372575851311465,6.45745172545253e-06,0.000126192761750163,59.5090868940443,0.521741132016344,1.57825786770866,0.321201561580152
"29028","ATAD2",7,1.17166770551648,0.260572500835263,6.9076873116144e-06,0.000133951957607706,28.2506123029557,0.129310096950147,1.01855953996688,0.237586238487395
"29091","STXBP6",7,-2.48082397096879,0.551808162312991,6.9306006658517e-06,0.000134199456744962,78.0851075731163,1.47369886265627,-1.31732402146202,0.304302434314239
"56901","COXFA4L2",7,0.910561021404969,0.202752362709279,7.08892876716976e-06,0.00013628600839784,2.08476446773063e-05,6.46387466854915e-08,1.01685165977429,0.262206645261454
"6279","S100A8",7,0.908405105570725,0.202449032228724,7.22057963631752e-06,0.000138289200106963,0,0,1.7718767886847,0.515877470112247
"983","CDK1",7,2.04992805060357,0.45699562561649,7.26877898876138e-06,0.000139080113072711,70.4983103622817,0.920864467415888,1.88419649474708,0.372383740300805
"10635","RAD51AP1",7,1.37783778312459,0.308487563825295,7.95360632441684e-06,0.000150327636232974,45.1494057354704,0.277952182381658,1.18152589118842,0.255156657848308
"5531","PPP4C",6,2.97321587818527,0.665960918319811,8.02371762676372e-06,0.000151368785340857,81.7065473384589,1.96532525844949,1.10397279772027,0.160641977040799
"4774","NFIA",6,-2.04717689818674,0.461019280879617,8.9731305808451e-06,0.00016678102854508,59.5772866735913,0.707277488252903,-1.66690405690522,0.515828537902011
"716","C1S",7,-1.70643955039652,0.384997484080465,9.32160939150694e-06,0.00017251129650503,62.6355438851797,0.595903405524562,-1.83156275101132,0.390983811026975
"11283","CYP4F8",7,0.891417051310536,0.201122055951875,9.32680974327136e-06,0.00017251129650503,0,0,1.0061731535139,0.283625069336748
"6491","STIL",7,1.37497756568663,0.310754146855034,9.65998746760824e-06,0.000177258130689773,46.7349297572808,0.292507210904255,1.05862733962559,0.26381735228002
"492311","IGIP",6,-1.95315676843925,0.442905616721785,1.03432071092626e-05,0.000187912476859714,57.530983313777,0.630598357932703,-1.13382378322507,0.242490865736896
"131583","FAM43A",6,-1.82684894316416,0.415766480462149,1.11319511478306e-05,0.000200354700074632,52.3433570928951,0.505360298348349,-1.24538062943918,0.361110744397482
"8914","TIMELESS",7,2.01864988033703,0.45959812601847,1.12206043725113e-05,0.000201670594912898,71.5611425605315,0.951852294286315,1.41739951374524,0.341617576906266
"6338","SCNN1B",7,0.88324468286176,0.201145306026544,1.12790183863698e-05,0.000202179414989839,0,0,1.10205862937223,0.256411208630501
"274","BIN1",7,-2.27994023925661,0.520228903487227,1.17286786388316e-05,0.00020875390213355,76.3943451580235,1.29062329065043,-2.03966010711439,0.560299683743252
"4147","MATN2",7,-1.31043424084345,0.301529862049493,1.38673032941485e-05,0.000241485243535439,44.8926669153367,0.265609781205991,-1.81014203896587,0.443794206808697
"2525","FUT3",7,1.38026159920318,0.317822650775751,1.40635083674706e-05,0.000244479349946331,49.6802758258065,0.326809416929861,1.15540085663449,0.283816657472152
"57212","GFOD3P",7,-1.83791602241152,0.424108930365087,1.46694434223159e-05,0.000252615338523778,66.8530466569852,0.748620931509507,-1.05832853762285,0.280701471033868
"57419","SLC24A3",7,-1.61287379091651,0.372350363494002,1.48027961038836e-05,0.000254694052861696,59.476761922594,0.518984351392587,-1.39661543491313,0.349552830078512
"8338","H2AC20",5,1.10190031930381,0.254545290766198,1.49858065901802e-05,0.000256965132918255,0.00112057015639168,3.99491866437238e-06,1.10678422800413,0.327839705864029
"25932","CLIC4",7,-1.84535490945982,0.427053958427055,1.55233434388382e-05,0.000264830079259705,68.6923675494849,0.794680162712404,-1.63833573658223,0.386369341204406
"79633","FAT4",6,-2.53853235984238,0.58783128859027,1.57113876770489e-05,0.000267133366174836,78.5459741930402,1.4602300416316,-1.00354606900332,0.27357006163641
"4751","NEK2",7,1.35471486687555,0.313899232166964,1.59052155063902e-05,0.000269292673968697,47.0190606371484,0.298766411639099,1.01206761771896,0.296563477291615
"23142","DCUN1D4",7,-2.00332457096892,0.464612609423556,1.61918386356055e-05,0.000273456131458658,72.2461179256552,0.976723274373568,-1.00271923087883,0.205511690024814
"2254","FGF9",6,-3.1690464823509,0.736160969654504,1.67115392527452e-05,0.000281289968976031,85.1974460249848,2.49659479148127,-1.65375269129491,0.351645352031342
"79971","WLS",7,-1.71643940774772,0.399021363608723,1.6955174148994e-05,0.000284440340344655,64.7519908100555,0.653969337371552,-1.26079592062523,0.268067935984451
"26960","NBEA",6,-2.86724721593873,0.671574511406622,1.9596417901477e-05,0.000319182399255423,82.6496789535284,1.96953119716799,-2.06250194537725,0.403497040010809
"27242","TNFRSF21",7,1.3586738406478,0.318820592315659,2.03002675811434e-05,0.000329580814846799,49.1602195367956,0.327451513249299,1.16102581735245,0.32732071448053
"6422","SFRP1",7,-1.22368720076065,0.287332333946729,2.05539228709216e-05,0.000332894242767949,40.0920290687096,0.219664569665004,-1.15838839278931,0.290528398011282
"84168","ANTXR1",7,-1.69229521227995,0.397915583176255,2.11019756670914e-05,0.000339586745799167,64.8199420180596,0.665926551533897,-1.07973149962555,0.260358828941897
"57161","PELI2",7,-2.40064953092399,0.564782685815734,2.13225175328707e-05,0.000341770949285823,79.5622008085166,1.57125539087035,-1.69475037542111,0.349993877399258
"3161","HMMR",7,1.52985966223028,0.360026100073866,2.14437563246651e-05,0.000343168230682567,58.1933654429026,0.480754016902704,1.27363932735953,0.269168637000252
"1780","DYNC1I1",7,-0.874784851813991,0.205958289287772,2.16276821852384e-05,0.000345836937038241,0.000412645547730539,1.33352258104326e-06,-1.05722203146511,0.380029457170056
"1001","CDH3",7,1.02240545008873,0.241297585487355,2.26410892157393e-05,0.000359474125704267,22.2084632779179,0.0890125050379559,1.08325997902741,0.182927872897386
"11082","ESM1",7,1.44447815434208,0.341942439071714,2.39651270171994e-05,0.000374301844296537,56.0013321489342,0.424708935845776,1.43008744382337,0.364892587539771
"51309","ARMCX1",7,-1.18021876883487,0.27973245567166,2.45281162660666e-05,0.000381910731475047,38.8059830771687,0.201123207205768,-1.10494705749467,0.299557081380069
"347","APOD",7,-1.47339928898962,0.349394050111148,2.47559590557364e-05,0.000384270464603219,57.5664165737169,0.456376772973499,-2.46296260901594,0.580020039084338
"4085","MAD2L1",7,1.21639389296897,0.289796842629156,2.69994239282256e-05,0.000412404176515364,40.3443217361708,0.222220751606563,1.07001768716518,0.230770729954249
"9735","KNTC1",7,1.60178411002828,0.381627938285847,2.70187369962418e-05,0.000412404176515364,62.7887719420803,0.587132102285624,1.07292327495141,0.230900030724414
"3481","IGF2",6,0.863671526596328,0.205840161862312,2.71867123048362e-05,0.000414340302207141,0,0,1.91588704413554,0.426048491695649
"3590","IL11RA",7,-1.85032204322801,0.441545418040996,2.78268271332335e-05,0.000423455372417212,69.4582877437062,0.841148684382671,-1.04837126922699,0.433832805605407
"5226","PGD",7,1.82196614309034,0.434911047080649,2.79835287731154e-05,0.000425518594506211,69.5154691987725,0.843454938937503,1.26314232653595,0.254916723528444
"4321","MMP12",7,0.841504669191341,0.20104501383201,2.84347434388181e-05,0.000430430661762064,0,0,1.34034196824738,0.281005222730977
"9452","ITM2A",7,-2.02723773455753,0.484499811753878,2.8618866762832e-05,0.000432243573866222,75.4711711892524,1.13728917844265,-2.16528701773304,0.467580520333143
"23492","CBX7",7,-2.10388581099726,0.503504391297398,2.93456669158257e-05,0.000440907156614509,75.9576563854297,1.20492059974419,-1.35140228453793,0.365458869442188
"55450","CAMK2N1",7,1.60906022908534,0.385163482346049,2.94596900727462e-05,0.000442290488513928,63.367654268882,0.619466680639968,1.34194426597282,0.337022925623535
"51226","COPZ2",7,-1.90720770204015,0.457193213083589,3.02524910999982e-05,0.000452507194270797,71.7942938205226,0.965262182821052,-1.05430399762888,0.218555325025927
"55706","NDC1",7,1.53536060338417,0.368130029118523,3.0366291007235e-05,0.000453872426716448,59.5259486112921,0.513758159047479,1.03207383016712,0.216463689330911
"22854","NTNG1",7,-2.22701262565595,0.535984465015415,3.2529504474352e-05,0.000481915041286209,78.2175863444586,1.41535856582734,-1.01970935173102,0.188080436585275
"6280","S100A9",7,1.21705335896411,0.293157247050338,3.30248869729887e-05,0.000487819224876669,40.8917712303591,0.229452795812002,2.5703584450481,0.70702572785224
"12","SERPINA3",7,-1.61229241047985,0.388952461764107,3.39491848809652e-05,0.000499640742864636,63.4795253259517,0.615080987326521,-2.08404675803283,0.489486358941464
"116039","OSR2",7,-2.03747244885176,0.491817918601781,3.43184935047843e-05,0.000503604520855349,75.3110254908355,1.14379057839914,-1.15181622846777,0.361517118580477
"3856","KRT8",7,1.67205980104174,0.40409346232062,3.50644732605025e-05,0.000511941309603337,66.5467282455027,0.70462765850755,1.70955757738587,0.191401981729864
"26278","SACS",6,-1.90316919448645,0.461021650832665,3.65684343447489e-05,0.000528916593810481,70.370830617829,0.814676926654253,-1.03655410369674,0.335873360443547
"79019","CENPM",7,1.60010994931279,0.388247633408585,3.76635241001039e-05,0.000542807355914801,63.1710891998726,0.600638064379402,1.10232006823356,0.325845370984941
"6790","AURKA",7,1.85367819120656,0.449992099601786,3.7993080756173e-05,0.000546384433315756,71.4722578726285,0.914099560016638,1.69550097134649,0.376461549823581
"5156","PDGFRA",7,-1.53892805790102,0.373834888797942,3.84505419749115e-05,0.000552568844301367,62.8691681188707,0.566811328472305,-1.82761593357694,0.301239357489214
"1951","CELSR3",7,1.46005322937363,0.354729314838949,3.85563829291496e-05,0.00055369494173664,58.5406826061308,0.472784584379688,1.18194061312009,0.380876973056166
"81563","C1orf21",7,-2.21809447969567,0.538926140240411,3.8589381396674e-05,0.000553774114230903,78.0718024980342,1.40854683936811,-1.31045066288162,0.266359154707758
"9200","HACD1",7,-2.14666930668308,0.523136030782835,4.07011703163622e-05,0.0005807699571771,77.2353656695131,1.31629534696233,-1.55733000822494,0.371827859059301
"10252","SPRY1",7,-1.90956632452773,0.466302749774119,4.21947405065789e-05,0.000600214342110833,73.2491807373858,1.00161852641791,-1.32646676668903,0.317056221641491
"4306","NR3C2",7,-2.7502399926694,0.671605652740743,4.22128113346759e-05,0.000600214342110833,84.9203017289411,2.37846090052675,-1.37552733034757,0.282301483215365
"30846","EHD2",7,-1.60790461847153,0.393346238933484,4.35560329035093e-05,0.000617135689831158,63.8832207142728,0.625792248264405,-1.07955155860459,0.263339030302714
"8324","FZD7",7,-2.47346118230268,0.605876520395368,4.45632175814821e-05,0.000629193908781851,82.5683318684436,1.89465762749191,-1.77246175542129,0.476676884839159
"4660","PPP1R12B",7,-1.7030698121141,0.417605916830659,4.53906889092228e-05,0.000638193719569449,67.4527769467464,0.748736212915199,-1.14062430049654,0.213968259543684
"5652","PRSS8",7,1.10888417884326,0.272082353448183,4.59064831424508e-05,0.000643906398228585,35.0397770539858,0.172814479218937,1.42803313759151,0.433861987140414
"24137","KIF4A",7,1.25518706641585,0.308327049726186,4.68198022674843e-05,0.000653272421111685,47.3447277615402,0.292401581881997,1.09543411556273,0.245247562080344
"3880","KRT19",7,1.64469887670284,0.404547426983833,4.79238475399269e-05,0.000666829889664673,66.399271424628,0.709023165075358,1.61300908768712,0.465411954209008
"9232","PTTG1",7,1.56816132258686,0.385961286123348,4.8445697634254e-05,0.000671824361323676,63.0494152681696,0.593670829734239,1.36682438866907,0.32392927571945
"117177","RAB3IP",6,0.970629987078163,0.2396883240023,5.13160902424074e-05,0.000703823407899268,6.64464022401203e-05,2.47553602173962e-07,1.17014312283915,0.389956018114685
"7083","TK1",7,1.98116166437174,0.489568473219023,5.19334532098881e-05,0.000710839140810343,74.179192143895,1.08149598272176,1.68475725606524,0.446871642033833
"5727","PTCH1",7,-1.9430195948795,0.480236792205536,5.21087868157799e-05,0.000712754811109526,74.445348005175,1.06583037403152,-1.15212340887022,0.348594059631573
"2619","GAS1",7,-1.27623834104725,0.315972381916769,5.36608185519671e-05,0.000731500793088655,49.2510968202415,0.319560632884052,-1.15864272060423,0.459926213294223
"83716","CRISPLD2",7,-1.940428932785,0.482242947644403,5.72767660745984e-05,0.000770368680154211,74.8750134149826,1.09821354229041,-1.96677080379215,0.46559800442378
"51155","JPT1",7,2.09754902530663,0.521467636895327,5.76092400541504e-05,0.000772563077538457,77.3460076044035,1.33425360580546,1.57601333870877,0.409232340295524
"114884","OSBPL10",7,-1.98563767827393,0.493797324356429,5.79124355947128e-05,0.000775295516519783,75.3117096278606,1.1609849860432,-1.63604686284491,0.526979137157054
"2995","GYPC",7,-1.84032170006493,0.458506376513674,5.97662109721735e-05,0.000794831431463598,72.5640600790385,0.969395716110032,-1.60276133575409,0.495837444446621
"216","ALDH1A1",7,-2.30848146715875,0.577250592150415,6.35844524584889e-05,0.000836226859095061,81.7150799465591,1.77168520108425,-2.36950207252365,0.597512343965424
"154467","CCDC167",6,1.72283450237121,0.430875347703269,6.37580406933424e-05,0.000837416560553757,57.4899378143736,0.599151295168026,1.05839402955251,0.134604943919586
"285382","C3orf70",6,-1.90683175511309,0.478212705402048,6.67975712769649e-05,0.000873920432524862,63.030012447586,0.792238463748962,-1.57860048549218,0.485593817178396
"6876","TAGLN",7,-1.94417532961146,0.487839030034168,6.74004833578509e-05,0.000881146385073658,75.1007408842085,1.11986960086035,-2.67543560668331,0.43128006318141
"8470","SORBS2",7,-2.32859552707524,0.585600923370305,6.99603671005872e-05,0.000908222600736231,81.6411234091854,1.7506992450616,-2.38593084707065,0.591399625118924
"1152","CKB",7,-1.35584075273867,0.341908200153191,7.32388529054058e-05,0.000943488752134345,54.6683276836444,0.407718944419532,-1.62583765634909,0.396012110274253
"768","CA9",7,1.06440063112788,0.268656323953252,7.43427672002245e-05,0.000955876243490825,35.5574293294909,0.171656999573392,1.13736820786149,0.351040748776731
"56034","PDGFC",7,-1.96785613812358,0.496968116227857,7.50367111934295e-05,0.00096234223878117,76.7578243255875,1.21543769269437,-1.35375674938522,0.306021132140901
"4035","LRP1",6,-1.72801940521511,0.436940624412996,7.65938451920348e-05,0.000979817646304201,67.7306949451109,0.706638248501535,-1.01996635761216,0.222122805459382
"152503","SH3D19",6,-1.49864242467638,0.379191388012684,7.74340818334602e-05,0.000989183644495506,48.592674163439,0.397664578801393,-1.10555234973992,0.270914493503353
"5468","PPARG",7,1.03296739875325,0.261497780292766,7.80873299570509e-05,0.000995761724034595,31.2525865954349,0.144473927802032,1.16209192479086,0.280368721890535
"6376","CX3CL1",7,-1.55127009247332,0.393552352470645,8.09020300333e-05,0.00102323546836844,63.8396180443702,0.623747658672077,-1.28941407369468,0.436099848486742
"58499","ZNF462",6,-1.44944802697389,0.368082575823705,8.22204922693168e-05,0.00103730649858622,44.6978300697388,0.344271127331499,-1.27355496894841,0.395469916748272
"220164","DOK6",5,-2.64495958169673,0.671745014440968,8.23535272758505e-05,0.00103811350317773,74.7577614558473,1.54455795057003,-1.05547325227657,0.285290991491866
"9079","LDB2",7,-1.84571305446452,0.469400499707551,8.42194504008983e-05,0.00105722958671483,74.1687541753,1.04070669431813,-1.32108361711193,0.321329885715292
"25822","DNAJB5",7,-1.94979343541286,0.497719276872533,8.94883224773632e-05,0.00111228298659711,75.7282772121682,1.17457472158925,-1.14629131531307,0.380390281474676
"572558","PGM5-AS1",3,-3.52663216615366,0.901183268685756,9.10300506312269e-05,0.00113005142336288,53.1219455661912,1.29207627068152,-4.46148073120966,0.668818515715634
"10606","PAICS",7,1.81431547498703,0.464415394265342,9.35786593092678e-05,0.00115316380902944,73.1185527661926,1.01768194105973,1.06260668377231,0.192985837374652
"10486","CAP2",7,-1.75558085255977,0.449692736420753,9.4632822205948e-05,0.00116330817681845,71.806572103883,0.914516477542384,-1.59400004737408,0.453004552663579
"26354","GNL3",7,1.72737748894684,0.442645403623445,9.52453112861343e-05,0.00117012349499575,71.8116410842154,0.931719314094733,1.05142937263002,0.226688076014156
"163175","LGI4",5,-2.10764678816538,0.540170827971379,9.54740064400834e-05,0.00117221833135576,66.6023309802577,0.900771357157399,-1.11682888840834,0.285616304549952
"140606","SELENOM",6,-1.9816134796596,0.510175657108302,0.000102676323089903,0.00125073915212537,67.6370677742549,0.986250897084254,-2.07077131196834,0.393883577654539
"8630","HSD17B6",7,-2.37174452765928,0.612007778093846,0.000106471419182812,0.00129072572424506,83.1708645287238,1.94749472237399,-2.01671201729448,0.539734536079705
"3017","H2BC5",7,0.946238180129486,0.244640341418275,0.000109788063017665,0.00132218164595333,23.240922054923,0.0953167860584818,1.21860092434078,0.359266524445781
"5354","PLP1",6,-2.75315113890763,0.713764890307787,0.000114682009628318,0.00136561059692161,85.6334386364106,2.35099451104721,-1.41107338446557,0.311870559955481
"54474","KRT20",7,1.16447304366521,0.302607572297984,0.000119023266669864,0.00141312950905387,45.0674812315107,0.268970593797267,2.3086905384173,0.362113511540551
"9737","GPRASP1",6,-2.13868017566565,0.556315515103346,0.000120864750378095,0.0014316184542139,77.9166314098563,1.27042837206573,-1.01994248817415,0.394048443423649
"5178","PEG3",7,-1.91912734393555,0.499365046731118,0.000121472550556827,0.00143691493001758,75.6827403373936,1.16952159687641,-1.68327649651464,0.433873295561835
"55010","PARPBP",7,1.72521941692728,0.449165498049015,0.000122562194622533,0.00144831853211425,72.0896289552644,0.927881935431271,1.2269298484572,0.315978597070406
"7043","TGFB3",7,-1.83463373105303,0.477828668274328,0.000123274033970082,0.00145502357142894,74.6977763452198,1.08687875812748,-1.58213982525122,0.485601612250386
"857","CAV1",7,-1.40496299280992,0.365979835570865,0.000123582620570017,0.00145695882928304,60.4477845255131,0.514980179378088,-1.56117659216199,0.370068067738023
"10580","SORBS1",7,-2.10172636496197,0.547740785279441,0.000124504854980965,0.00146354948550553,78.4053090392881,1.43355846219114,-2.35408970067551,0.660560465247842
"111","ADCY5",5,-3.16464814815195,0.82479928330585,0.000124612072498688,0.00146395570653269,80.3568329765727,2.52490370535824,-1.07476695823077,0.239573533944238
"128553","TSHZ2",7,-1.45199422737593,0.379459057117778,0.000129986292807728,0.00151727643637656,62.6022291470793,0.578173647699535,-1.18811229541801,0.288132847862011
"55215","FANCI",7,1.79964337772683,0.470496666751199,0.000130779276194692,0.00152318384834458,73.7554699056761,1.02367396341487,1.39894806297388,0.350142453576185
"127943","FCRLB",6,1.58665605622786,0.416315236410098,0.000138299964600455,0.00159702562731973,55.738466859846,0.546085116989308,1.92851979257726,0.572832627710236
"57631","LRCH2",6,-2.29399108539421,0.605092424452335,0.000149956401579132,0.00170311250226401,75.1741086718383,1.51832250106311,-1.67859344150066,0.339436688735232
"388121","TNFAIP8L3",6,-2.2839242443109,0.603467000795069,0.000153911859484131,0.00174018863349398,74.9846248991859,1.52013198586846,-1.34400797990093,0.488894314194476
"9768","PCLAF",7,2.37250748481583,0.627202562378535,0.000155147930126121,0.00175239107734468,84.0208753482806,2.08035029874801,2.40430364827375,0.554388942480971
"57198","ATP8B2",7,-2.10276598986259,0.556073140979047,0.000155913923579759,0.00175887666981242,80.2507867802081,1.61436388674669,-1.23663033982722,0.383792389243193
"3670","ISL1",6,-2.661431909257,0.703931187117436,0.000156317302130626,0.00176244040477216,85.4614107215889,2.39658730891316,-1.62339500914011,0.619718379827947
"154043","CNKSR3",6,-1.71170462100165,0.453410272323496,0.000159893254296625,0.00179973703216112,61.4520688204602,0.709806064278532,-1.19388797829454,0.224629671186045
"9945","GFPT2",7,-1.35670624875484,0.359543632970937,0.000161030054012268,0.00181152067461707,59.2514743968819,0.497029566441286,-1.00182084256523,0.197812571859575
"10804","GJB6",6,1.45341768845318,0.387112152136837,0.000173678686604851,0.00192585480336518,50.6621466426505,0.432558325550797,1.84444243701904,0.480156661965539
"6622","SNCA",7,-2.5609056013078,0.682235346342852,0.000174244628091209,0.00192913974402791,85.7667869716642,2.55575348811918,-1.44423840215503,0.321599893409421
"8836","GGH",7,1.13278911721128,0.301901882555822,0.00017530604294005,0.00193856539690237,45.0838669217388,0.267304020322134,1.03807459208896,0.315900024357586
"375775","PNPLA7",6,-1.39369212353015,0.371662059094628,0.00017691161694278,0.00195310425104829,46.6989848470634,0.3674009230655,-1.06446168143848,0.37937362968265
"23710","GABARAPL1",7,-1.8358393442637,0.489601203714043,0.000177072621135096,0.00195381115587619,76.0682831036075,1.16752288125084,-1.01039488009493,0.3001516626693
"1756","DMD",7,-2.76258892950875,0.737176877775993,0.000178587896430609,0.00196622346299667,87.545157647369,3.01899579720504,-1.59778621917695,0.45138519102362
"348094","ANKDD1A",6,-2.32493301222336,0.621389183231754,0.000182918870944736,0.0020021415540779,76.4346735300955,1.6495756801978,-1.31337574637518,0.32839049144984
"83461","CDCA3",7,1.35981087027531,0.364116816259675,0.000188054383790353,0.00204806471600434,60.9260234770193,0.518367181011405,1.0091380744612,0.278606820753713
"10381","TUBB3",7,1.44465461985364,0.387736613011008,0.000194645880537751,0.00211186063601218,64.6994325911701,0.631127050281175,1.35634499474897,0.462550898373977
"6159","RPL29",7,1.08544108647215,0.291593292466307,0.000197299966145912,0.00213720414941281,40.0680768960466,0.222543655540864,1.02803661412202,0.486092264151764
"1511","CTSG",7,-1.12515618960311,0.302775169083827,0.000202286159393283,0.00218417017119822,46.3266200080474,0.278298197149379,-1.07840210394024,0.402424770011644
"3866","KRT15",7,0.735353974597296,0.198689295725421,0.00021473064094234,0.00230495096095166,0,0,1.11876430604086,0.286373378171971
"8337","H2AC18",6,1.13868612653308,0.308018760771401,0.000218327594472119,0.00233485370139292,46.2279775155168,0.249621500482943,1.40806870839971,0.366801968982798
"2878","GPX3",7,-1.29493883503439,0.350346492126314,0.000218879781918682,0.00233951715973348,56.903314414233,0.443603491798621,-1.9735963794368,0.582730618909546
"10351","ABCA8",7,-2.80856698038661,0.760628215731439,0.00022212087199902,0.00236537596672107,88.7292424437808,3.30908871548229,-2.72951778138064,0.494390821799734
"4781","NFIB",7,-1.25881726700546,0.341422140873657,0.000226929456073103,0.00240135224840382,55.9098648614494,0.41874508920742,-1.60978631363772,0.431071705421164
"112464","CAVIN3",7,-1.51563464877738,0.411570767305239,0.000230902169428988,0.00242935608859282,68.0165317463628,0.73530648875768,-1.48612736012051,0.457538916399483
"2791","GNG11",7,-1.90834130034672,0.51862416061518,0.000233579166191722,0.00245112137522438,78.8038784846158,1.3616508119665,-1.52063793534415,0.370626065420102
"5066","PAM",7,-1.44021399848392,0.392649188685038,0.000244511730146944,0.00254463963791355,66.9885954986779,0.670487915348886,-1.18962858807897,0.301609669862855
"6925","TCF4",7,-1.52241063121836,0.41516850627998,0.000245441176178203,0.00255167637649042,68.8516822314688,0.763889703576473,-1.20061215502039,0.33293282783324
"26353","HSPB8",7,-1.10639651937625,0.302441063218981,0.000253971123363894,0.00262680194740028,45.5798997279174,0.270954207064768,-1.87690551991019,0.561314549734352
"65108","MARCKSL1",7,1.8331853409231,0.502119397057056,0.000261327774040274,0.00268440807797687,77.1099694350583,1.23817516754899,1.45554811193877,0.435572177409134
"79866","BORA",7,1.84659839324935,0.507150757726442,0.000271451184778718,0.00277123122085017,77.7094863543539,1.2802237051407,1.1150045427518,0.270744714166227
"341","APOC1",7,0.981569755899231,0.269766221072618,0.000274130560625839,0.00279089567230389,34.509955671411,0.166849134453353,1.00248766354751,0.252999732606325
"11168","PSIP1",7,-1.79925919117412,0.494913372994985,0.00027743846287019,0.0028188755168475,76.8870740110257,1.20312273288905,-1.01917340524757,0.243771957285173
"1428","CRYM",6,-1.89102071901188,0.520370713929549,0.000279074285951084,0.00283263915029846,76.0158246219346,1.12077347757316,-1.09146783574744,0.374338030411507
"54145","H2BC12L",3,1.52958897113438,0.420964088211127,0.000279561354981594,0.00283472681437804,29.0426309737029,0.17001055896495,1.89661157325231,0.683246093956645
"23624","CBLC",7,1.50110323948477,0.413790762069872,0.00028597198796595,0.00288491576088366,68.8253575295498,0.76590475406488,1.11111182662606,0.34393465198059
"51454","GULP1",6,-2.60772875448551,0.719721185505192,0.000290925997430997,0.00292639889977021,86.3607253611331,2.38592477879739,-1.16380917736855,0.452541394571827
"55839","CENPN",7,1.60400360915315,0.44353728662486,0.000298740697760488,0.00298711046078328,72.0990801058821,0.902580299913065,1.1486130206828,0.264022706588995
"7020","TFAP2A",7,0.990568684995831,0.273965077150091,0.000299566001078265,0.00299387687982385,37.0574566936721,0.184438925153478,1.13091389330978,0.293409630257234
"3426","CFI",6,-1.65911947330317,0.460731453824935,0.000316928072049235,0.00314245413171653,72.7809925139905,0.872697083507583,-1.21530258897417,0.187028374830129
"7113","TMPRSS2",7,0.727090932335605,0.202068975567814,0.000320388506880909,0.00316799948121176,0.000411478952798728,1.26484733281367e-06,1.01739267873285,0.365240248908035
"120892","LRRK2",5,-2.84698583144158,0.792117120475381,0.000325455335258458,0.00320805973326194,82.0391960978038,2.38904136809993,-1.10493009560774,0.269480279783726
"3861","KRT14",7,0.712756143705379,0.198464076721363,0.000328955616982778,0.00323622938035596,0,0,1.15039845007319,0.310173303671119
"221061","FAM171A1",7,-1.20897737420539,0.337050336502347,0.000334588729715911,0.00327961935808846,54.8815354693761,0.400493794176622,-1.21571226871619,0.3652327338413
"27147","DENND2A",7,-1.55179523961448,0.43323898715609,0.000341175180593525,0.00332586574140498,70.5641343589269,0.840156692279408,-1.06125030087611,0.422038292707334
"6237","RRAS",7,-1.95295546177924,0.545240449958945,0.000341203319807628,0.00332586574140498,80.3041772022902,1.51371891727886,-1.53100703379825,0.380478768709046
"8777","MPDZ",7,-1.54978274159482,0.433707902142005,0.000352466118727502,0.00341089690687883,70.8343777694966,0.842300983366804,-1.06062288974561,0.288493778817593
"55355","HJURP",7,1.70671685152503,0.477647108084818,0.00035267848085208,0.00341131350562059,75.5728790399261,1.11112516046211,1.33530241294025,0.324641143790316
"2202","EFEMP1",7,-1.68973527266999,0.473066691748126,0.000354434058451039,0.00342664942882511,75.6747901454335,1.09884180245869,-1.74787850841688,0.556011942189835
"3838","KPNA2",7,1.30251873467314,0.364749936227931,0.000355633134517413,0.00343329966183845,60.8853204470478,0.523344270466718,1.0823551761494,0.305950194446834
"10133","OPTN",7,-1.60887129702364,0.45108357432818,0.000361530876759572,0.00347690888064528,72.99533367816,0.942736897562765,-1.05493875488157,0.258602699974245
"8910","SGCE",7,-1.21159643998366,0.340025535048708,0.000366289675163794,0.00351261512384584,58.425521539857,0.442543312938505,-1.39694666925845,0.38076345728138
"169611","OLFML2A",7,-1.10009204810676,0.309375676760894,0.0003767657299323,0.00359596206853433,47.4884555405188,0.293893747307571,-1.14384687998801,0.397555076028982
"6405","SEMA3F",7,1.25671192419507,0.353635022024985,0.000379855735792527,0.00362373738861166,59.3960346518342,0.482677518576663,1.1536826406926,0.262467286628397
"55143","CDCA8",7,1.52170418023916,0.428764432146434,0.00038663128889976,0.00366581045117758,70.6983333576574,0.833006581763456,1.21599906975733,0.306933835870739
"5587","PRKD1",7,-1.29450963245321,0.365647657149523,0.000399642479634776,0.0037685161451641,60.2545191360365,0.509796434994097,-1.09425709990271,0.375164818673357
"6241","RRM2",7,1.65615097143696,0.467851870487056,0.000400271750830941,0.00377206512429458,73.9291381298659,1.00659501956937,1.36713666677765,0.397983710538402
"196740","VSTM4",6,-2.95838902934011,0.836489672348857,0.00040520360800852,0.00381141096832664,89.2255469832093,3.34828042374121,-1.00201318448104,0.238281921933967
"90362","FAM110B",7,-2.59853636564546,0.734981363991108,0.000406983803600306,0.0038263694236766,87.5574241025978,2.95133447560123,-1.15675462648346,0.345659573488361
"1163","CKS1B",7,1.4049254457658,0.397913942956438,0.000414419462333682,0.00387818083005063,66.5940813705606,0.684628685233348,1.13362732364646,0.273125900732411
"6698","SPRR1A",7,0.705927710527016,0.199976691572536,0.00041548121454043,0.00388631175049238,0,0,1.24761679790457,0.312309768953492
"1809","DPYSL3",7,-2.31838521343373,0.65733625672909,0.000420392799964447,0.0039249648441537,85.6536406972835,2.35507994069582,-2.28423412725146,0.654582519776596
"3910","LAMA4",7,-1.40976929792489,0.400391368774731,0.000429957894018899,0.0040029435424446,66.397753545437,0.678035080279366,-1.27956748019444,0.473980692541793
"140597","TCEAL2",7,-3.68502031173505,1.04990436805668,0.000448337923030428,0.00414743456070572,93.0650527747253,6.51400914367062,-2.50118077407917,0.531124576911774
"3728","JUP",7,1.72909909494841,0.495641472957928,0.000485541577611099,0.00441546844498385,76.9549705652859,1.21570227742273,1.2294484085019,0.332715858917863
"23208","SYT11",7,-2.04626157539147,0.586804785701044,0.000488243295590306,0.00443113780160067,82.7578846665383,1.81657321216524,-1.35035035260943,0.33166907827493
"10418","SPON1",7,-1.95774622837874,0.562052682515231,0.000495443833263543,0.00448034216902777,81.8766455354592,1.65395237435239,-2.36684209613378,0.529109905808341
"59271","EVA1C",6,-3.09657723630166,0.889874455694692,0.000501804837150388,0.00452162963278445,86.3055160078839,3.69814912534547,-1.73263862226813,0.31263801364778
"10659","CELF2",7,-1.95269152724586,0.562294172551706,0.00051520809157561,0.0046217331384975,81.9040603608376,1.66911049108849,-1.28552066242054,0.33913087171505
"767579","SNORD114-3",3,-2.13588622743737,0.615235490789061,0.000517257932430819,0.00463599324849473,35.7755954289976,0.407496645564113,-1.01097310861244,0.161227709986197
"4692","NDN",7,-1.58267060159591,0.456793639088468,0.000530746884748549,0.00472744837927223,73.3435875772115,0.958035286895034,-1.35672746942271,0.362292785549174
"222166","MTURN",6,-2.51173216945593,0.726400148358764,0.000544645210505043,0.00483414612390115,82.2946575635289,2.40630650361801,-1.75763164801216,0.395560598867464
"2205","FCER1A",7,-1.66404263844789,0.481363307398578,0.000546352516852237,0.00484716446919369,77.432482499545,1.17019859934579,-1.24350856437694,0.292253043272663
"221662","RBM24",5,-3.2606552263731,0.943977853718589,0.000551999617212079,0.00488650627749955,85.7158020608998,3.51068089941642,-1.3775342522884,0.492794571351181
"55620","STAP2",7,1.78601821587902,0.518125115178388,0.000566682801804434,0.00499454290934196,78.9269435918853,1.37161571990101,1.16767172874496,0.27328615761545
"26137","ZBTB20",7,-2.27443452749167,0.659931950370635,0.000567965257676581,0.00500147028481982,86.0179606363248,2.37518204202266,-1.31514639263368,0.290950999470269
"2040","STOM",7,-1.20837270250064,0.35088660793987,0.000573663916795439,0.00504503736167372,59.3801284314991,0.478172698868878,-1.02969549790929,0.254796067253903
"443","ASPA",6,-2.64081195475645,0.76802759168174,0.000585089789966281,0.00512315909962653,88.3860647911199,2.85934609317102,-1.6878178930028,0.440662112229534
"54510","PCDH18",6,-1.79719890735054,0.523243105148108,0.000593143998105703,0.00517793122783089,70.8550404975985,1.08293822012899,-1.1447550414505,0.28540925572934
"862","RUNX1T1",7,-3.30113504145646,0.961819657363364,0.00059875724786887,0.00522031505308988,91.964370779048,5.39588069605679,-1.22590975863419,0.313571053871082
"552900","BOLA2",6,2.14746303285713,0.625909504942595,0.000601475643462345,0.0052347867233172,81.0624557932833,1.76731624303902,1.23307486952936,0.334530255551095
"51537","MTFP1",6,2.38874807005988,0.696575139471409,0.000605194840877746,0.00526314295022345,81.9368034600897,2.23365154380603,1.02677096034394,0.295163804617936
"4920","ROR2",7,-2.51854288075433,0.734442214746096,0.000605382582808304,0.00526314295022345,88.245147217118,3.03279867366566,-1.5276018295842,0.489526693589379
"25960","ADGRA2",7,-2.64876226689787,0.77359113069394,0.000617106613078704,0.00533854188076845,89.2956627222985,3.40312857174241,-1.83702334887598,0.458918048909144
"79625","NDNF",6,-2.72348782196894,0.795639509982689,0.000619301314826021,0.00535293131321951,88.9957618014449,3.09224548530016,-2.09616338523727,0.460483132766904
"4680","CEACAM6",7,0.788195905229223,0.230308373425967,0.00062082298970842,0.00536207001974617,18.2824273527677,0.0675804343800711,1.66234635942135,0.488000790096206
"7345","UCHL1",7,-1.07273496598836,0.313452517954283,0.000620890875325979,0.00536207001974617,46.2879549893144,0.289549516680505,-1.41513633072591,0.508442613673483
"7077","TIMP2",7,-1.45560742636671,0.426015743717787,0.000633635394331204,0.00544877760349342,71.331892846926,0.843680562387527,-1.65444359463248,0.51025530887337
"10763","NES",7,-1.90672880493748,0.558576416444821,0.000641222738642486,0.00550462536777538,81.4502892176271,1.62005433297369,-1.30147419830231,0.32848867765193
"10404","CPQ",7,-1.50797491528879,0.442084242495273,0.000647113658733917,0.00554574478782261,73.0822307817745,0.922564639188357,-1.04635655822074,0.281937523470978
"4256","MGP",7,-1.17442060993167,0.346590003002952,0.000702757444071092,0.00590703253364388,58.1001324611497,0.450387394195219,-1.96611155047551,0.520585642990114
"100133941","CD24",5,2.22013638977552,0.656104824244809,0.000714865324812424,0.00599130888698865,76.7080159248726,1.56329657944162,2.38177241024675,0.616891663087964
"58494","JAM2",7,-2.83128657640593,0.83702889070485,0.00071817920795942,0.00601590861525463,90.6612591783487,4.04371412062679,-1.71809788995976,0.320542926700726
"284119","CAVIN1",7,-1.95341576572917,0.577946875641417,0.000725062183491063,0.00605159605342914,82.609669765502,1.76400435380053,-2.03996044767745,0.510905776143235
"800","CALD1",7,-1.70220746387466,0.50449590872847,0.000740639558259399,0.00616883250095509,78.003389997375,1.26371759847545,-2.30413795603392,0.821791258348353
"29931","LINC00312",6,-2.4339827279793,0.72146365615657,0.000741723208354225,0.00617275473024408,86.2164940071552,2.48505548799901,-1.11535498608265,0.263979183626353
"5919","RARRES2",7,-1.28514030963162,0.380982464959263,0.000742926966631493,0.00618021986940187,64.5911689360327,0.605806487142672,-1.29434096151081,0.335589962105806
"5168","ENPP2",7,-1.32240760397034,0.392521174410399,0.000754388018814386,0.00624975732034221,68.6808069366036,0.696314100574377,-1.34938268786687,0.328946913867986
"1009","CDH11",7,-1.43046907784864,0.424989103066363,0.000762954966010007,0.00630000682588919,71.4835572673387,0.84028434924267,-1.39117596572119,0.404069828746262
"23194","FBXL7",6,-3.44373540523605,1.02379702149188,0.000769079856397483,0.00634018860339464,92.1816437677944,5.2733278594145,-1.37644527551632,0.430027222837748
"358","AQP1",7,-2.00340600494662,0.596762304776513,0.000787573296558686,0.00643211462467143,83.2273745110222,1.85024215417717,-1.50723389099702,0.328428204817148
"3486","IGFBP3",7,1.7868290266974,0.533475346015468,0.00080983111211246,0.00656863013157884,79.9179899750504,1.4564436329548,1.71404909109697,0.335908071833672
"8406","SRPX",7,-2.73814294187279,0.818708916914856,0.000824415675979336,0.0066574457072672,90.3962035771371,3.87510817359002,-3.15901484450154,0.658929062017582
"8613","PLPP3",7,-1.6324549866968,0.488375912872786,0.000829915288450965,0.00669628919346516,77.5663425004379,1.19439461507773,-1.03412089522425,0.313032729421962
"7704","ZBTB16",7,-2.23495066916671,0.668706861234023,0.000831177765782218,0.00669862784999205,86.2598477678015,2.43881970052745,-1.75565023919031,0.381497799236188
"1510","CTSE",7,0.664450026664095,0.198893377928719,0.000835569982327004,0.00672595445622232,0,0,1.35315299311965,0.358779322069317
"9590","AKAP12",7,-1.52670632471184,0.457493183493916,0.000846536062587027,0.00679709168640664,74.1470325660765,0.985187241907803,-1.17739311012284,0.331032971888862
"4211","MEIS1",7,-2.17815397201814,0.653242156871922,0.000854914780029738,0.00684611406519839,85.861401037288,2.32549593296083,-1.37868289121758,0.354784247001825
"3075","CFH",7,-0.958235575416818,0.287917121272578,0.000874201937626846,0.0069842780250155,43.2558073558192,0.236910629351771,-1.22233644454012,0.374637601042076
"5577","PRKAR2B",6,-1.94681754803572,0.586502929611365,0.00090222278642826,0.00715950559312981,81.9542518897216,1.54623114218695,-1.06959339998101,0.531296666994748
"51715","RAB23",7,-2.02433275317246,0.610150459922963,0.000907424373684105,0.0071951146324232,84.2402170061549,1.99263171785688,-1.6386317288398,0.50316355578137
"114905","C1QTNF7",6,-2.83027338747594,0.853173325098719,0.000908761332027402,0.00720252140852155,87.0195424519638,3.46898865964108,-1.2344926651212,0.229716844724227
"7049","TGFBR3",7,-1.06620511904175,0.3214661873645,0.000910891763775271,0.00721409090272962,52.7382933288754,0.353823787854477,-1.1788580712661,0.348691464423071
"257194","NEGR1",5,-2.33418043218544,0.70836656743596,0.000983660247673477,0.00765499678258989,79.1707995074854,1.8248745245238,-1.00741585020788,0.273913869389045
"1917","EEF1A2",7,0.89143544381266,0.271029287193847,0.00100517510235368,0.00779533023950038,35.5828536188102,0.173999872818555,1.11995607324025,0.440786294141334
"56849","TCEAL7",6,-3.06953905182899,0.933516124396797,0.00100848856715528,0.00781108918362553,88.4718240667209,4.27209479545304,-1.35451118081477,0.367649665566925
"32","ACACB",7,-2.1083515313097,0.641625271655658,0.00101637379693221,0.00784894567289773,85.5383911439409,2.2334422211599,-1.71314979664527,0.60920873698904
"10826","FAXDC2",7,-3.49421721340494,1.06428770152452,0.00102653670064611,0.00791226528103203,93.6160653521379,6.79086211789161,-1.71525145223691,0.282184245409682
"219","ALDH1B1",7,-2.09003088054814,0.636674156653008,0.0010280620710376,0.00791580067041361,85.045548840482,2.21847877966721,-1.3704619639606,0.357373516857476
"387119","CEP85L",5,-2.98343698418409,0.909477256324877,0.00103664937437461,0.00796221658589929,85.8778519479741,3.16757802286913,-1.24147118677732,0.238476356383355
"2199","FBLN2",7,-1.37101932574504,0.418050371945463,0.00103970820022895,0.007973184166409,70.2971098968216,0.791681510262888,-1.37164666693142,0.408059434260044
"25999","CLIP3",7,-3.14539092838048,0.959096886331971,0.00103978649344027,0.007973184166409,92.5531773497823,5.44825931795615,-2.58564749425087,0.64167771822805
"4173","MCM4",7,1.81497530823913,0.55409964381639,0.00105460339920054,0.008039405708321,81.4286291344351,1.60208136367056,1.26171225749442,0.296804359878941
"57381","RHOJ",6,-2.29547210052323,0.702277064906842,0.00108075927087677,0.00819241388869087,81.9403975770683,2.25041285618088,-1.27859274910363,0.277140859031731
"253827","MSRB3",6,-2.21462304524476,0.677691148497185,0.00108350820617777,0.00821005014594574,80.8515111488689,2.04799800866056,-1.8880792205471,0.768661672375836
"1808","DPYSL2",7,-1.80280823607948,0.551971793824718,0.00109030555334365,0.00824914618429132,81.6576526522144,1.61697524915929,-1.62100014586935,0.44089664265565
"2167","FABP4",7,-0.651462923852202,0.1995525122919,0.00109611407013492,0.00827444971340517,6.3633334702135e-07,1.89762383996228e-09,-1.60818481569964,0.507471260486139
"171024","SYNPO2",6,-2.06018448783427,0.63134712901434,0.0011017865869926,0.00831104311296404,78.2657635088071,1.69952403922249,-2.21054888700479,0.859697666523499
"8434","RECK",7,-3.83195292932826,1.17546648464248,0.00111434876641008,0.00839323325070292,94.5094649896694,8.41801478758664,-1.82000315050672,0.350472654582723
"79827","CLMP",6,-2.05230272829644,0.630162879018682,0.00112683185796063,0.00846194866723472,78.5309092848096,1.75626628866002,-1.23543026095975,0.474023968305984
"947","CD34",7,-1.8710839778599,0.575007849582473,0.00113786403679656,0.00852890052580996,82.8857434568939,1.74592000728802,-1.19416818532876,0.473494041010982
"6038","RNASE4",5,-2.42987182550747,0.74751160698062,0.00115156019023895,0.00861553461304657,86.0395212891267,2.20676977770823,-2.20697465328224,0.59237075670854
"3608","ILF2",7,1.77720240639125,0.547289919326433,0.0011651460227618,0.00867890179834795,80.8794162936363,1.60090184361354,1.00969622374902,0.264623000802086
"115572","TENT5B",6,-1.16734707932572,0.360034455765509,0.0011856062808255,0.00880605063627565,46.6293551324014,0.346788655753894,-1.27644254349251,0.535510734813383
"8425","LTBP4",7,-2.47247318777975,0.763157419039929,0.00119615884238902,0.00886107409538116,89.4167871290573,3.33596256998793,-1.62733560432184,0.455096932194312
"9764","KIAA0513",7,-1.91403186294511,0.591089007183807,0.00120309681537549,0.00889214770219565,83.2419174450598,1.82216713542304,-1.10129530120911,0.31021896582126
"81539","SLC38A1",7,1.93149100206155,0.597137584368334,0.00121820562273026,0.00898304242373657,83.3559850378605,1.96683546333451,1.33050663226191,0.333312213230291
"54492","NEURL1B",3,-2.49128654960886,0.771793224607641,0.00124693974461293,0.00914573788658948,53.158914835589,0.949153430127562,-1.59451997525441,0.64879063607275
"55723","ASF1B",7,1.66944346191173,0.517207080650535,0.00124744095600301,0.00914608456388236,79.0202765413479,1.34029289282215,1.20110662303048,0.345388555793682
"1292","COL6A2",7,-1.40974878974446,0.436968828017706,0.00125445707920926,0.00918415742438522,72.4989976112803,0.890339342404089,-1.79615662956435,0.551936502348732
"122773","KLHDC1",5,-2.3569920704737,0.731799385106631,0.0012782563693052,0.00930094233613622,80.9414070021647,1.96713308523377,-1.17412840904372,0.178069345956676
"8490","RGS5",7,-0.859264891429357,0.266826274711306,0.00128049414181186,0.00931386136073114,35.6102883241043,0.169263499549372,-1.12343688567853,0.352314571001747
"29923","HILPDA",7,1.38103173016637,0.429023929668771,0.00128634615810774,0.00934967618815106,71.5309100369341,0.853303298505008,1.30626759271356,0.380894547542406
"1909","EDNRA",7,-1.76637081775667,0.549092036565083,0.00129586516038481,0.00941207327016336,81.2894902343172,1.56419555934848,-1.78219585012705,0.556695161661043
"6692","SPINT1",7,1.66564098655093,0.518186381124003,0.00130732653383704,0.0094748255409168,79.2846446067975,1.36769290103455,1.0275905442605,0.235343719707947
"6813","STXBP2",7,2.16154246493863,0.672792359887584,0.00131451073766062,0.00951662319165872,86.840562282776,2.53602785742257,1.20686691743912,0.450012130938428
"4060","LUM",7,-1.03793325846956,0.323237143605734,0.00132247179359218,0.00955966424306747,55.0579867040209,0.379472127543401,-1.54751507007425,0.457115724104443
"11080","DNAJB4",6,-1.93102372240476,0.601440370518865,0.00132428083284502,0.00956673008969575,82.7319394872392,1.67094520717816,-1.03017664814337,0.330339276257979
"687","KLF9",7,-1.67320285331057,0.521240120557161,0.00132715424582657,0.00958061760835322,79.820800252008,1.38482320285602,-1.62458843944909,0.429678630148442
"2669","GEM",7,-0.995276181509032,0.310244394102288,0.00133643275940459,0.00963379149784749,47.7442003421691,0.295256797341565,-1.12116731150022,0.54089811822531
"90865","IL33",7,-1.40490704736982,0.438573967190733,0.00135837567715888,0.00977448326549897,72.4133898538581,0.887833919225501,-1.32512393983997,0.376502858095608
"5125","PCSK5",7,-1.72799339605829,0.539613256134006,0.00136343823196166,0.00980041152249856,80.8325995744275,1.51783981433054,-1.00533846057476,0.367471665757579
"4638","MYLK",7,-2.03765268839909,0.636912332019163,0.00137777443064344,0.00988230659615668,85.5365207214363,2.19522812980146,-2.11914915089491,0.869476235302306
"7111","TMOD1",7,-3.33963028583236,1.04519539244175,0.00139723794704469,0.00999345053498633,93.5743854630247,6.50454029362215,-2.23861163106198,0.478372618501491
"1287","COL4A5",7,-0.844695587748614,0.264436026433029,0.00140156437264974,0.0100195277511497,33.6803266751248,0.157344589133156,-1.0549747522415,0.29190642109692
"342897","NCCRP1",5,1.05300344162411,0.329731947539529,0.00140552742257755,0.0100384851152402,29.7553740113478,0.160432551546493,1.66582120873137,0.49729482146959
"145781","GCOM1",4,-1.98984701365897,0.623362714813902,0.00141233879894484,0.0100787593795491,63.3539593394537,0.911014806516568,-1.16630688081973,0.310977638804376
"4026","LPP",7,-2.13684967500663,0.669492887429505,0.00141416779660439,0.0100787593795491,86.6614471124687,2.47437323534768,-1.38669026812839,0.339083616520902
"8436","CAVIN2",7,-2.67072870636195,0.837120241087675,0.00142087577420133,0.010115832190321,90.9610149338007,4.0508613620175,-2.36267327346054,0.589942249807373
"126393","HSPB6",7,-3.25533289718232,1.0226163534593,0.00145587850936664,0.0103067604380601,93.2942692553477,6.25760467191648,-3.02061109485151,0.776819123928947
"27295","PDLIM3",7,-2.34960694681122,0.738158351738015,0.00145724260397619,0.0103127938127545,88.8685983380394,3.09491589127773,-2.55222785471973,0.59312069943823
"64359","NXN",5,-1.25105122562818,0.393206242177242,0.0014643020257059,0.010355478137565,46.4449748431091,0.34217799960865,-1.11133730907797,0.449205286351954
"113452","TMEM54",6,1.65498878887275,0.52090554081645,0.00148736243056735,0.0104927794996747,71.4762008824595,1.10699253623257,1.10444515100641,0.213042604511606
"54502","RBM47",7,1.37067654473664,0.43232586685606,0.00152192118862696,0.0106853670598177,71.7915863371038,0.876962772352789,1.02399830855716,0.373170347590113
"6423","SFRP2",6,-1.66841101976289,0.526239711612196,0.00152208673127243,0.0106853670598177,71.74066922197,1.12543445755595,-2.3057512074933,0.61752935104006
"11343","MGLL",7,-2.53939550257958,0.801401452919543,0.00153125829030677,0.0107385283790814,90.3534026684615,3.70738596831868,-1.50770801255139,0.415972911011313
"2316","FLNA",7,-2.47969726595993,0.782675622005782,0.00153369540507946,0.0107406656314011,89.85303622137,3.52013311597181,-2.11713005531429,0.594483310585251
"57616","TSHZ3",6,-2.81595448895702,0.889930537188391,0.00155488106908753,0.0108400497508566,87.6865486937465,3.85595093308943,-1.93805083432687,0.442822995546935
"10491","CRTAP",6,-2.03931512747168,0.645236694122923,0.00157461276195004,0.0109473077735574,82.9334549294215,1.87582452606552,-1.39516480028627,0.474148695459331
"83879","CDCA7",6,1.10844381485506,0.351732002648116,0.00162496782376715,0.0112430809454878,44.0493606449352,0.312304025122064,1.15307066975803,0.329802738375293
"8736","MYOM1",7,-2.45232288824042,0.778624017316342,0.00163516651217085,0.0113058801946528,89.4554010228893,3.42541542182253,-2.20279382940556,0.76181344081251
"1902","LPAR1",7,-1.91066363129177,0.607347717599187,0.00165568735062628,0.0114281564715376,84.4694921747219,1.97247045770373,-1.39510868987394,0.322560268975567
"2014","EMP3",7,-1.58172689385521,0.502862797872375,0.00165834800705207,0.0114386838911623,78.7108618624633,1.30056019490747,-1.53031839190351,0.408417351818016
"23048","FNBP1",7,-2.15287161460766,0.685218432104608,0.00167868889285167,0.0115631534404019,87.4106139535137,2.62335750250264,-1.74961589304957,0.469788512642408
"4208","MEF2C",7,-1.75784086061888,0.559815989563543,0.00168928619493805,0.011616292920004,82.0301122029992,1.64399812182371,-1.07285064243692,0.409658890663806
"9890","PLPPR4",7,-3.35494107877275,1.06899919503939,0.00169876137555875,0.0116655229020988,94.1154503119045,7.03028462922441,-2.41003916356285,0.476605977113641
"92359","CRB3",6,2.0164839221674,0.643542302741319,0.00172786036706385,0.0118170165226078,79.852674867146,1.87537408722676,1.09367966982799,0.430090437593426
"137872","ADHFE1",6,-1.54333897337934,0.492783337965122,0.00173690019831988,0.0118575437227078,67.8942246783927,0.912955518099221,-1.3808080388198,0.389727323699014
"8912","CACNA1H",7,-1.10994510988822,0.354410002104872,0.00173731730541162,0.0118575437227078,60.126008138812,0.491374149811374,-1.25127396645655,0.571241961509912
"221895","JAZF1",6,-3.05784860924546,0.978061022499696,0.00176936909184554,0.0120395975894981,89.4226811886488,4.76139351975049,-1.88072861151014,0.466848376476213
"51088","KLHL5",7,-1.51148604614235,0.483886679030464,0.00178631045830589,0.0121384765982958,76.9070663541125,1.15109685320188,-1.06803943378739,0.356491258369641
"728833","FAM72D",3,1.21173552224151,0.388026265901823,0.00179128299328036,0.0121681624236725,0,0,1.48663890183799,0.661050288591418
"26040","SETBP1",7,-2.16367304790662,0.694155471798977,0.00182710105329045,0.0123697688244946,87.6219519782235,2.686740200588,-1.67715257232087,0.424734668340415
"10186","LHFPL6",7,-1.65810786309193,0.532051998014201,0.0018304923589963,0.0123844056578434,80.9366351079769,1.48638637097997,-1.35098532678361,0.349949913296937
"80318","GKAP1",5,-3.05297933576835,0.980540859504348,0.00184840745569766,0.0124930269766509,87.3854289940431,3.86476454235718,-1.05903220153402,0.290571008439251
"1476","CSTB",7,1.81761752273528,0.583914918501874,0.00185313853679527,0.012512411273241,83.2838485042291,1.83591900769552,1.12818550128985,0.340952724153517
"83468","GLT8D2",7,-1.79259001327273,0.577997642355945,0.00192621281037054,0.0128891848898524,83.6267515384203,1.8185981240416,-1.26142282381374,0.336596999405025
"5270","SERPINE2",7,-1.09182046217925,0.352088311453735,0.00192878265038203,0.0128978137536997,60.3199205449287,0.489979478717767,-1.4685266149024,0.498525896071326
"2318","FLNC",7,-3.25510727525811,1.0501784750467,0.00193798300634431,0.0129507401697596,93.8109834228268,6.61901036656476,-3.5602264012024,0.931116517233735
"2261","FGFR3",7,0.946872903139307,0.305908088127651,0.00196623461076157,0.0131045856576564,47.8106003260295,0.29152915162316,1.50253667966702,0.456325372526357
"7373","COL14A1",7,-2.40201278319813,0.776183777275255,0.00197048986490809,0.013121163965252,89.7390285123539,3.53543472832389,-1.55418340792159,0.54883529285091
"7145","TNS1",7,-1.9086855462465,0.617411726251273,0.00199194493136851,0.0132236265163798,84.7167902807809,2.03962873846638,-1.49203650675363,0.489710951261572
"9867","PJA2",7,-1.97519264673964,0.639183176569476,0.00200033563804862,0.0132618500939137,85.7772257372201,2.26987473854125,-1.19799124015127,0.3357836714187
"5138","PDE2A",7,-2.06893612195402,0.670696557987128,0.00203718296747694,0.0134618440238522,86.9233408336143,2.50810961943203,-1.01857364309736,0.306704761230789
"84952","CGNL1",6,-2.41262774431627,0.782439853215642,0.00204603556989053,0.0134982071585312,85.2513069879422,2.90533496811709,-2.45419016030454,0.547426124281455
"55022","PID1",7,-3.34903564625811,1.08649320968999,0.00205320310614944,0.0135271677100446,94.2490666453534,7.15729207500102,-1.75000945763522,0.41698891242817
"5176","SERPINF1",7,-1.57002609383372,0.509407452117786,0.00205571007797841,0.0135354400820618,79.304015398054,1.34149913131893,-1.66830575254015,0.411852395436165
"5997","RGS2",7,-1.85099361698597,0.603271628296494,0.00215309902294101,0.014084623089031,84.4387469254909,2.00022438347957,-2.32876230335572,0.581285556789674
"730","C7",7,-2.46908400471909,0.806108114525315,0.00219152907344301,0.0142573224965224,90.6150518043188,3.77298054973168,-2.90213611076621,0.745453083154149
"256764","WDR72",6,2.15598921418854,0.704228872000469,0.00220238803093848,0.0143002623420395,82.6708956156021,2.28761451104149,2.94711394196129,0.845606782255437
"6649","SOD3",7,-1.9595378076133,0.640419036798403,0.00221503734738852,0.0143683840519872,85.7798646759663,2.27041160507838,-1.23315848056779,0.400804723367449
"9118","INA",7,1.12637878020873,0.36835403028446,0.00222916174286927,0.0144368855015526,62.5467824325464,0.545413603787728,1.65800214972727,0.490971987103205
"3371","TNC",7,-1.40101430203598,0.45827875216168,0.00223472899302052,0.0144682904085403,75.2948515472579,1.03232365721935,-1.43631636099545,0.478844121369256
"1837","DTNA",7,-1.9402218769382,0.635221791860854,0.00225510665992179,0.0145768010856927,85.4120418858395,2.24130203286852,-1.19434314180714,0.383928886348
"2788","GNG7",7,-1.84085509807469,0.602835007428196,0.00226065697725094,0.0146079912692918,84.3129113403699,1.94201161812394,-1.15088919608563,0.410705824868019
"3489","IGFBP6",7,-1.71744117127371,0.562651447920836,0.00227014127212021,0.0146551766583397,82.5861480546391,1.69321656017706,-2.21721017819218,0.724088574668419
"55321","TMEM74B",7,1.77647153792469,0.582195861793878,0.00227830232342162,0.0146749473185099,83.4782748728242,1.82739899092281,1.36440350873465,0.445883949430561
"7169","TPM2",7,-2.40733647047998,0.789136557051288,0.00228387996194646,0.0147034546231954,90.2498960768944,3.59777653697204,-2.77823199897376,0.705593513334209
"157869","SBSPON",7,-2.21699686455095,0.726779982239908,0.00228508284098847,0.0147045190291395,88.8219837004638,3.00133791449026,-2.14338948214055,0.73353777870731
"221091","LRRN4CL",6,-2.16235229179523,0.709328147994643,0.00230024217722465,0.0147831832174552,83.6662921431961,2.31895056905711,-1.20624280393019,0.331975573581147
"710","SERPING1",7,-2.15056593400949,0.706782807227325,0.00234424193699792,0.0149821041497005,88.0950975020405,2.8260216441802,-1.70849877171854,0.380607628334842
"5627","PROS1",7,-1.31797931216224,0.433579852296113,0.002367656152917,0.0150960557496746,73.0907462992383,0.892899202092107,-1.14695106254448,0.308109847139985
"3764","KCNJ8",7,-1.87642295070255,0.617637419903457,0.00238102177510787,0.0151716719560004,84.8938551222438,2.0746754962858,-1.02013998652354,0.385766558766812
"1346","COX7A1",7,-2.88247309771808,0.951048535385925,0.00243876858125971,0.0154632636100366,92.8900625718034,5.40218357829164,-2.29798730788455,0.593779257583839
"2589","GALNT1",7,1.53250664137859,0.506124176906888,0.00246238237292821,0.0155750164851729,78.7058935279928,1.30261013621299,1.09783112271257,0.321482376628956
"23768","FLRT2",7,-2.03539452332104,0.672415795476163,0.00247003788868582,0.0156007283326777,87.234637483515,2.54678299757158,-1.34093774443187,0.329551450395769
"11259","FILIP1L",7,-1.61259534147115,0.533402024428589,0.00250094660472048,0.0157553167754612,80.8157883553714,1.48706936416027,-1.64550968015222,0.537338842791353
"57088","PLSCR4",7,-2.83623150619441,0.940452960545789,0.00256290151172854,0.0160813888689837,92.8630029347856,5.28808088139298,-1.95407500570375,0.411223000723322
"9510","ADAMTS1",7,-1.78751019992201,0.592963777183176,0.00257373313248205,0.0161292613229389,84.1127316995802,1.87657782934093,-1.69743097377231,0.471409558624132
"3708","ITPR1",7,-1.59390794555155,0.529408548770296,0.00260617654186784,0.0162920400141338,80.7037613102751,1.45397007085685,-1.56682061226772,0.446790421709319
"3131","HLF",6,-3.92746662705476,1.30568054324181,0.00262986689283752,0.0164146710523204,95.1213329357111,8.86607219147067,-1.71114081601287,0.436330274090161
"6695","SPOCK1",7,-0.929648704295297,0.309409403602266,0.00265938206806253,0.016547631225239,51.2869471810741,0.323424697261921,-1.05171536704792,0.340586736421932
"26002","MOXD1",7,-2.46956836271768,0.822214582601968,0.00266843560655542,0.0165930380841369,91.0049423505757,3.98923498361288,-2.05613900361241,0.51795907897474
"143888","POGLUT3",6,-1.49752136962856,0.498639006701134,0.00267141474348271,0.0166019939086026,70.1772957168101,0.992654190571037,-1.08060570429332,0.347223608381872
"56944","OLFML3",7,-2.61614921027695,0.872593394296532,0.00271640980947329,0.0168193684207953,91.8138787660647,4.53306351289992,-2.0621272729435,0.550775341867425
"185","AGTR1",7,-2.18658047636288,0.731142330267855,0.00278397250610268,0.0171271688711318,88.961036683489,3.03640181077305,-1.26664585932916,0.376345935121413
"51308","REEP2",6,-1.69264283660344,0.567675375445598,0.00286644217969159,0.0175594639818869,80.8337851905819,1.43684513665636,-1.01138410699776,0.46705929207282
"6943","TCF21",7,-2.33181242435216,0.782080232055657,0.00286791882981144,0.0175631697820793,90.3507742666036,3.54119480754812,-1.50881920911426,0.447673113811839
"114786","XKR4",5,-2.80700239821167,0.943302814661292,0.00292304288946953,0.0178302961359467,87.5752568722944,3.63202491271858,-1.14142774457645,0.247073936172131
"84898","PLXDC2",7,-1.07746982005982,0.362956319809863,0.00299165941227034,0.0181663513678188,62.3293260341598,0.532022841667187,-1.03609358543928,0.344770364589642
"1410","CRYAB",7,-2.75011761675701,0.927831116974486,0.00303640437184315,0.018399240686886,92.6886615746143,5.13802746873188,-2.95994743105638,0.714184661911351
"147906","DACT3",6,-2.96708583647658,1.00241350818014,0.00307696972675241,0.0185823967760831,89.9911023944914,4.97938558678741,-2.26516800498093,0.817530864040426
"84870","RSPO3",6,-1.82151523679299,0.616646162644512,0.00313778845027763,0.0188886052274257,78.5262910879145,1.66509526062295,-1.09272792765096,0.334734137599895
"8522","GAS7",7,-2.08729040976615,0.707225491006264,0.00316358546851412,0.0189984858478755,88.4539234890266,2.84256288563175,-1.62898090906284,0.51730401250047
"9353","SLIT2",7,-3.29223241110779,1.11630706247465,0.0031857960190568,0.0191204701197368,94.6168042573059,7.63072252669841,-2.63612325303058,0.567950606098438
"11185","INMT",6,-2.57123009227062,0.87191366648541,0.00318855220363089,0.0191313132217853,87.6309119051451,3.71932580685146,-1.89092054562283,0.568335291009199
"3855","KRT7",7,1.99437905852329,0.676931284803818,0.00321698005025995,0.0192331495705156,87.0288757854493,2.6160971936417,2.31950617868655,0.539472129325161
"81493","SYNC",7,-2.35467449267761,0.799865368116569,0.00324169074678281,0.0193349867277028,90.5200177578989,3.74293141725659,-1.31630920492266,0.437117348450007
"26471","NUPR1",7,-1.04188497046,0.354312562541526,0.00327596796865275,0.0194770176884818,60.2508483409074,0.487959839465226,-1.2606362128462,0.483813795780662
"10979","FERMT2",7,-2.35188642652656,0.801409354462763,0.00333883208710789,0.0197869517250479,90.543293210915,3.73648249228756,-2.34294306569743,0.625378723301789
"3671","ISLR",7,-2.15511344638023,0.734364217133693,0.00333907265560665,0.0197869517250479,89.0323059288179,3.12124831397105,-1.83440413113493,0.58891960610874
"3853","KRT6A",6,0.677918714323554,0.23106504252716,0.00334746101119241,0.0198249983696369,0,0,1.20200603074186,0.525466389231029
"2775","GNAO1",6,-1.65579443653186,0.564862968403501,0.00337524288430524,0.0199601977202765,80.766551156542,1.42169751818318,-1.08676045357758,0.465262228401159
"219348","PLAC9",6,-2.72264619198989,0.929170788314973,0.00338755697900065,0.0200153953117024,88.8543040178846,4.31205073495842,-2.67901966577997,0.745422582767825
"51361","HOOK1",7,1.30018531939672,0.443772792987074,0.0033913156006856,0.0200258577733333,73.9290058629917,0.943150509416441,1.03410252857074,0.430515403827171
"348093","RBPMS2",6,-2.66254349137297,0.910298469993051,0.00344552946381499,0.0203043368344383,88.6757357668026,4.10223843126947,-3.01314818738337,0.812516246842923
"7025","NR2F1",7,-2.7485100127267,0.942100421760002,0.00352931283723917,0.0206590921106028,92.9463158503948,5.30575441586675,-1.85239994662935,0.457732839258805
"222","ALDH3B2",7,0.972296717360728,0.333525942497853,0.00355454214902682,0.0207748169299149,54.9046243901314,0.391671989319685,1.14479327750409,0.548714022737024
"7168","TPM1",7,-2.41589218683795,0.830163639299501,0.00361267205660768,0.0210188035219554,91.2840262146699,4.02753393444511,-2.29710084495559,0.495524702893682
"165","AEBP1",7,-1.58125497455263,0.543466846525998,0.00361926025557384,0.0210389081446341,81.6448870592241,1.57235532551724,-1.677837073905,0.529496291495363
"8082","SSPN",7,-2.30282882489538,0.792235723533087,0.00365208426509988,0.0211869259352814,90.5544658132717,3.66427533783606,-1.3716633865344,0.417755187186751
"9413","ENTREP1",7,-2.7839401275943,0.960464169441058,0.0037490907213097,0.0216280496143939,93.0562491705467,5.50658365632465,-1.32732466604085,0.323340713013721
"5947","RBP1",7,-1.14954848219388,0.397304392512371,0.0038113241886517,0.0218776523512691,68.2286363767383,0.701695634837697,-1.21008503729627,0.406703996231996
"8309","ACOX2",7,-2.79672874839312,0.967898083268835,0.00385871190453518,0.0220879569114317,93.2096296222886,5.63969489116445,-1.73042783131557,0.480984985115954
"10721","POLQ",7,1.24897984369737,0.43292579083887,0.00391445433876486,0.0223314744711646,73.1723375591609,0.902824226433081,1.19887188862959,0.36276747623601
"79987","SVEP1",5,-2.33129310074073,0.80814400155482,0.00391725071868432,0.0223329845727367,82.0091088124732,2.52631318181993,-1.84688335916963,0.489310865056127
"87","ACTN1",7,-1.27862281342432,0.443586470928437,0.00394576018331283,0.022451052294094,73.5840164812559,0.930902923308313,-1.2492684195519,0.428611284000013
"25927","CNRIP1",6,-3.02850804598593,1.05129539893328,0.00396743561500959,0.0225616406353975,91.0547366441153,5.65551775136313,-1.75442708520649,0.422953905169969
"1465","CSRP1",7,-2.99509290842882,1.03980027668461,0.00397107689213256,0.0225625140354207,94.0440491014008,6.54029424349789,-2.31155771175731,0.561039724080138
"653","BMP5",7,-1.69743974886139,0.589773870629018,0.0040005341093068,0.0226858320389286,84.5380127570395,1.88105953275793,-1.27851561806236,0.453385714344039
"1293","COL6A3",7,-0.889789670116948,0.309191654192343,0.00400467445814905,0.0226965347349612,50.4221915088049,0.316121660692799,-1.12269151916289,0.386346521313614
"57542","KLHL42",6,-2.61630512702969,0.909331547864338,0.00401254217042347,0.022734729935234,88.624873927789,4.07334378398352,-1.20507846536616,0.320790774613522
"439921","MXRA7",7,-2.77327938119875,0.96460532767935,0.00403975679408744,0.022831809364743,93.219209754433,5.56190805870578,-2.06335614468527,0.563384380426529
"85458","DIXDC1",7,-3.26394679535425,1.1364945644562,0.00407957467411513,0.0229916840654746,94.8962462053994,7.88980261706267,-2.14054650842542,0.524232927827608
"83700","JAM3",7,-3.03480343404858,1.05740309143116,0.00410402365650201,0.0230778310441537,94.2473955110508,6.78884751312253,-2.53758836121928,0.577560636348994
"51285","RASL12",7,-3.09363493337936,1.08021667309857,0.00418457157326249,0.0234391848924361,94.4020364593961,7.08933242122903,-2.33462501335885,0.661841174155245
"7048","TGFBR2",7,-1.33284170742452,0.465700295611709,0.00420955626528455,0.0235529407478348,76.558612789825,1.09716726757093,-1.01365143159316,0.334072475142522
"1545","CYP1B1",7,-1.22019300055225,0.426800988668154,0.00425076182830749,0.0237307701071597,71.4037154102436,0.844922138335625,-1.37377141010874,0.495643470042504
"2042","EPHA3",6,-2.96171033301519,1.03696885434298,0.00428849304297205,0.0238884594497653,93.3569992907216,5.55249103996942,-1.70563154298587,0.549712820980155
"64094","SMOC2",6,-2.93878743681164,1.02961719847848,0.00431382333331579,0.0240032609998964,90.9195844486609,5.39077396027109,-2.76458730384484,0.582913854947585
"91663","MYADM",6,-1.98705434170758,0.696450280225756,0.00432926383397209,0.0240689866795998,82.9033013957261,2.26367388203237,-1.75690329790538,0.491983954106897
"2949","GSTM5",6,-4.13764883517684,1.4531815437529,0.00440913105957483,0.0243918650709264,95.8689193095962,11.070103187353,-1.65546115540789,0.461315739045592
"7177","TPSAB1",6,-1.44791408784003,0.509021049921076,0.00444801678300839,0.0245463276209403,71.3993011184798,1.03325943907893,-1.35568877680799,0.496926033589865
"81607","NECTIN4",6,2.1089099304562,0.741488546554843,0.00445290834914203,0.0245625161925906,84.6478980046167,2.61422608630944,1.57396195520863,0.324017323777355
"58189","WFDC1",7,-2.04523346538395,0.720831267975177,0.00454931025801195,0.0249345764631188,89.0139136082932,2.97977540675464,-1.73607939771627,0.499485509256698
"54102","CLIC6",6,-0.658265079340159,0.233528745801004,0.00482072396714419,0.026102646194577,0,0,-1.44323121297514,0.443808458009273
"4072","EPCAM",7,1.09255452117912,0.387747068915389,0.00483691334236055,0.0261692078469066,66.125085693125,0.639662281014377,1.42392254588714,0.487482021344106
"1675","CFD",7,-3.17238078943699,1.13016226461205,0.00500031384784334,0.0268442108729943,94.8608309390702,7.70816676717469,-3.0116566474767,0.597578143842206
"81578","COL21A1",6,-2.78270527365551,0.991457215739516,0.00500546038037923,0.0268551080895483,92.9333177206706,5.02915109897036,-1.35396643838049,0.313415635968358
"122525","DORIP1",6,-2.13067474737846,0.759289583734345,0.00501385187346391,0.0268667786028061,85.2682736672718,2.7568740304823,-1.07265990187279,0.273519494383136
"25925","ZNF521",6,-2.48288832104004,0.886305531820101,0.00508828304825181,0.0271603944433712,88.5402907897827,3.91714172595464,-1.39570921963167,0.398446759825176
"57569","ARHGAP20",6,-3.05335148786346,1.09034190034237,0.00510454056435298,0.0272134199066614,91.5827732868398,6.04264418922329,-1.30517253256826,0.282868335948313
"8483","CILP",7,-1.87482014806247,0.669772987706479,0.00512313854933829,0.0272927010819852,87.2384262489198,2.48778085893165,-1.9456886627462,0.809936492046422
"3898","LAD1",7,1.45250724281734,0.519836389756954,0.00520343560907866,0.027618235155879,80.189614328566,1.4037810098761,1.3254358805436,0.559653411903643
"84617","TUBB6",7,-1.1055879158591,0.397650932647755,0.00543091101613899,0.0285697115282424,68.2431533031791,0.696851469710907,-1.23104573740006,0.445999060649213
"10324","KLHL41",6,-2.20925811634341,0.794647077997326,0.00543295745527517,0.0285730166559343,89.5404315608137,3.13160404354568,-1.13674180440347,0.429781114577112
"8605","PLA2G4C",7,-2.33529574469578,0.840153477715765,0.00544248683651358,0.0285932789523013,91.513641116358,4.18844291448305,-1.35667071344676,0.402561946513736
"25959","KANK2",7,-3.00643442751456,1.08297374577288,0.00550166888194503,0.0288140433151621,94.5532582004819,7.1254246892414,-2.1212877558597,0.48082828959024
"5266","PI3",7,0.553695521509628,0.19948540289579,0.00550966923197714,0.0288484448248117,0.000565336820548679,1.69077372332289e-06,1.08430975654416,0.355742158618964
"285195","SLC9A9",6,-3.89750602707044,1.40537972146494,0.00554950101618178,0.028978798424542,94.3751999133098,10.3614569469275,-1.79796084881407,0.281871778137865
"27324","TOX3",7,1.5508963887718,0.559968896979353,0.00561231627289992,0.0292308620017895,82.5680290526568,1.67952374948586,1.64957794247455,0.444561577947215
"10875","FGL2",7,-2.30264625726471,0.831406154834924,0.00561285357206752,0.0292308620017895,91.4056667974596,4.10538787712055,-1.89524562634535,0.450431425533251
"79085","SLC25A23",7,-1.71821258736697,0.621035885961977,0.00566289076755494,0.029398588813372,85.6072339511962,2.12953381474177,-1.09432162097928,0.529256458090748
"152007","GLIPR2",6,-2.32335908679797,0.840382920147628,0.00569850553500534,0.0295274141135223,87.3877818872231,3.49488347148041,-1.86549603404614,0.601369778406424
"219654","ZCCHC24",7,-3.05039558627146,1.10388579366447,0.00572157048768243,0.0296040580857282,94.7397051694888,7.4531386628627,-1.85863094106917,0.46499084755376
"81035","COLEC12",7,-2.06274649674694,0.747903219682748,0.00581492007314412,0.0299180310607016,89.8581227719272,3.24418731008067,-1.85896396088306,0.461187344068481
"23136","EPB41L3",7,-0.929680320185261,0.337166383716805,0.00582748005991885,0.0299749982760391,59.4340614136258,0.446754446973288,-1.07473408401479,0.41743693477393
"85463","ZC3H12C",3,-2.28241553758677,0.82836005044328,0.00586307497671891,0.0301119639640409,60.9580364991419,1.25102868950358,-1.22503189798747,0.184317121940822
"55086","RADX",7,1.23562113076497,0.448747657341473,0.00589639955032479,0.0302368689590084,74.3917750585235,0.96482392424497,1.50244054677142,0.447316975366221
"3485","IGFBP2",7,-0.863620614169327,0.314368900444293,0.0060114415371178,0.0306940000227697,52.2257552948812,0.33678230743522,-1.11664554393743,0.431805330773981
"116496","NIBAN1",7,-2.3686482559619,0.863024700321727,0.0060586689974542,0.0308881738260899,92.0189940039303,4.42039439678776,-2.37754972805688,0.613428205212869
"9936","CD302",6,-2.20837079120136,0.804826463469031,0.00607123160211899,0.0309365640666397,90.6899683217136,3.283022879119,-1.35151583865815,0.444012522470164
"2273","FHL1",7,-3.08716298355345,1.12772698050511,0.0061906388611114,0.0314654368752958,94.9870819520895,7.8041031610553,-3.18488311253051,0.779678985496035
"26018","LRIG1",7,-1.34351481096395,0.49081175366091,0.00619397126355442,0.0314744345568965,78.0133427952036,1.2019649205965,-1.05999856736475,0.340494089454626
"4621","MYH3",7,-1.56779419216944,0.573276105330404,0.00624186184361374,0.0316539220803246,83.3322579532297,1.79072615321242,-1.13994651320179,0.556153834690542
"3611","ILK",7,-2.24523923340199,0.82109984308155,0.00624885677860569,0.0316734506604647,91.3143640291956,3.97353155578363,-1.26249500992368,0.412240359425204
"55529","PIP4P2",6,-2.25933601074916,0.829169587025698,0.00643369892429143,0.0323874730935453,87.4242294933604,3.34381511828334,-1.07839639166412,0.258684023144851
"2294","FOXF1",7,-3.26271714304645,1.19742321963357,0.00643439710263128,0.0323874730935453,95.4970466666841,8.79098969255752,-2.31748141515072,0.534059360121486
"55273","TMEM100",7,-3.14285561192107,1.1549382722554,0.00650389913299588,0.0326377483764884,94.8802323702384,7.97698402538174,-1.21375220302037,0.277981097854169
"4653","MYOC",7,-1.91742083798132,0.70583314313674,0.00659691065864394,0.0329555476192866,88.560454726048,2.82855817297691,-1.45658653361929,0.567831804683217
"5210","PFKFB4",7,1.55100262580032,0.571639912598867,0.00666265977146806,0.0331864694871541,83.1168181790698,1.75674854518315,1.02248893150839,0.411379862213357
"23024","PDZRN3",6,-3.23779776454895,1.19426765684447,0.00670572280190915,0.0333762112185933,94.8334028491946,7.43997174446953,-1.60345463644372,0.441370753828122
"104","ADARB1",7,-1.5890003345208,0.586255628014239,0.00671975884532552,0.0334354313434741,84.1044496877819,1.8416851931045,-1.58833107037475,0.696825694849553
"6387","CXCL12",7,-1.86904939676787,0.690428510280737,0.00678766588230581,0.0336759153402358,88.0352444735081,2.71147339148869,-1.38840617767249,0.425403730994133
"6586","SLIT3",7,-1.38897012998158,0.513589175026641,0.00684200170455287,0.0338704300597865,79.9198665189818,1.36499677535524,-1.26075671296503,0.441061988248333
"2037","EPB41L2",7,-2.43515211390993,0.90114075010882,0.00688617218212218,0.0340369268648777,92.6509583371981,4.8900167254884,-1.18530412864893,0.293495587211498
"27076","LYPD3",7,1.50293293805831,0.556186059944332,0.006887971923793,0.0340369268648777,82.5378111387025,1.65601739907775,1.46402553382784,0.568116184322016
"4212","MEIS2",7,-2.15124753560491,0.796111522906344,0.00688836212669256,0.0340369268648777,90.8952371845056,3.71507554493776,-1.61496218384815,0.490310706783109
"9839","ZEB2",7,-1.96065549814644,0.726736600775192,0.00697804681913564,0.0343617833124146,89.3201378852887,3.08548086009372,-1.51461495446424,0.442953591479495
"7431","VIM",7,-1.30951825685222,0.48776302179205,0.00725856418516062,0.0354462531137426,78.5484336005386,1.22701706902982,-1.3605237025692,0.426709678636572
"148741","ANKRD35",6,-2.70268637184781,1.0077815491473,0.00732233552438622,0.0356937024418926,90.6002283311222,5.18042515729766,-1.42382333690516,0.496731236653333
"3707","ITPKB",7,-1.74055364742186,0.650048233490137,0.0074156993025822,0.0360201324851558,86.7828027982318,2.33996529889156,-1.22559626161643,0.544103712565195
"7220","TRPC1",7,-2.52767255972124,0.945307537309198,0.00749713196510347,0.0363193591807898,93.3169164477326,5.38139455377476,-1.38730334612724,0.358356784602718
"6947","TCN1",7,0.890869928287957,0.33339282494394,0.00753707966898633,0.0364377996902965,57.8504839727089,0.423196548984652,2.11905842577215,0.735469803010897
"11117","EMILIN1",7,-2.19459206628831,0.823752062505449,0.00771850851137956,0.0370179741697871,91.3964891961597,4.0069744409713,-1.53594210207307,0.586193261200668
"29951","PDZRN4",6,-2.85107301886703,1.07085709521964,0.00775806489149572,0.0371546212108048,93.8912567004146,5.9469720350012,-1.75628816535023,0.566511955640236
"4130","MAP1A",7,-2.9206719987578,1.10065592757138,0.00796442950914977,0.0378996990435403,94.802791380521,7.40800815081665,-1.92821514889279,0.612570854587023
"83643","CCDC3",6,-1.49925000704053,0.565086712489791,0.00797485235629308,0.03792311432215,76.3081433960878,1.3862018493999,-1.06171913924184,0.42874565279717
"3678","ITGA5",7,-1.442534022441,0.544596675803378,0.00807753340122234,0.0382529189198592,82.0935328889497,1.57159430385428,-1.54963572220933,0.595522420992612
"23452","ANGPTL2",7,-1.01988345875628,0.385070555744392,0.00808348853811067,0.0382674170737438,66.566849057437,0.639060159730253,-1.17519499240339,0.494941471786978
"3316","HSPB2",7,-2.68638253826757,1.01525890936114,0.00814480462769215,0.0384582900489199,93.9434788319983,6.22595297393364,-1.130528261895,0.323704741928177
"1366","CLDN7",7,1.53410335068851,0.580249029808442,0.00819639838965012,0.0386385200642655,84.0661400820371,1.83271428305382,1.24906488564659,0.439872337221687
"29995","LMCD1",7,-1.65999524358936,0.628179002609838,0.00822839978019621,0.0387712086132089,86.1908480088149,2.20027682995227,-1.49517492032945,0.504604063714308
"23413","NCS1",7,-1.47978236498267,0.562083930902382,0.00847162321184085,0.0396299662113233,82.797719787728,1.6735535141054,-1.07531715456285,0.505227545612093
"10189","ALYREF",5,1.82289656436752,0.692614258840591,0.00849070116579035,0.0396915654497318,77.0353762112269,1.7795415661834,1.2727032584642,0.480760128287726
"55790","CSGALNACT1",5,-3.59008612009906,1.36749564999641,0.00865726912435251,0.0402736585212738,91.5703352494936,8.05290785825914,-1.87860221008465,0.610424008090094
"6382","SDC1",7,1.75331360947178,0.668617216986202,0.0087339018376982,0.0405368933945965,87.3129601982185,2.55550907084056,1.49473462413712,0.570935979666774
"166336","PRICKLE2",6,-3.7517507127845,1.43726247922454,0.00904509905068779,0.0416359734231797,94.8862570295542,10.9431684094188,-2.14170548818732,0.423782293886136
"4784","NFIX",7,-1.22786942839888,0.470643714456889,0.00908298110268721,0.0417435910713827,76.6089811907475,1.10355613726368,-1.39134322135055,0.558137036379998
"5834","PYGB",7,-1.69411249118385,0.650579960765109,0.00921418173496019,0.0422496221836829,86.9102143123063,2.37511722569486,-1.15214794972114,0.470998301232306
"6383","SDC2",7,-1.46851668378742,0.564269787853857,0.00925446336535496,0.0423289280102546,83.3970233222042,1.71613929169135,-1.03153180815376,0.39371357918679
"3205","HOXA9",7,-1.8670406544238,0.71801729404456,0.00931497480947008,0.0425091987454594,89.1426555329882,2.96469304176017,-1.6601026247742,0.517257529566118
"1464","CSPG4",7,-1.78159841103045,0.687168956800637,0.0095235684329047,0.0432066779522999,88.1929422516461,2.66149631023179,-1.24948655646777,0.620245744403865
"64753","CCDC136",6,-2.15468169062818,0.832752825434708,0.00966975204982827,0.0436634164724204,87.5423778390845,3.4071693220668,-1.24515340781417,0.502927249161315
"10653","SPINT2",7,1.83667497396864,0.710160307602692,0.00970174586785464,0.0437490545536113,88.7972186447004,2.92803166895775,1.34887413913783,0.395586299760241
"84969","TOX2",4,-1.98587948873612,0.768583698275918,0.00977136757678159,0.0439842524434753,69.8777185444778,1.62434031662153,-1.1137904571257,0.370604002883467
"1307","COL16A1",7,-2.03703429569284,0.788610361929837,0.00979259819136374,0.04406997282993,90.8116448801707,3.67185440852636,-1.81225917580259,0.535935071465174
"5549","PRELP",6,-1.87616515262725,0.726649645341222,0.00982469118513681,0.0441847941960126,88.1990900498401,2.56385272272963,-1.2282585696456,0.496457518590211
"92922","CCDC102A",6,-2.44174771049852,0.945877067307497,0.00983822177525107,0.0442327492700527,90.1406274201963,4.5360259371088,-1.18171452393788,0.48659324766754
"6414","SELENOP",7,-1.04197469321524,0.404155447210252,0.00993299251787042,0.0445725613133163,71.2561258123356,0.770666714548172,-1.07282899269687,0.480220080283035
"145581","LRFN5",6,-3.86719182109379,1.50226108280308,0.0100458385488021,0.04490870980281,95.1138310966388,11.865655841206,-1.60360965680918,0.368414122026602
"10562","OLFM4",7,-0.958745312464083,0.372538658062888,0.0100662312196284,0.0449500058982876,66.2930863738716,0.610587526614587,-1.26627626824905,0.364459423693331
"7296","TXNRD1",7,-1.46983034030894,0.571155483306545,0.0100695155719892,0.0449547085629156,83.4899259651185,1.73307676134951,-1.31361302824887,0.492801709514266
"79804","HAND2-AS1",4,-3.53310575641738,1.37301879408937,0.0100751553743708,0.0449699225704081,89.4541676230892,6.35320880681898,-1.06774123497528,0.19282685199899
"1291","COL6A1",7,-1.58626093109061,0.616549462178751,0.0100878314612813,0.0450065607355838,85.9375626722891,2.11556513780129,-1.7020120592949,0.56226706638884
"9499","MYOT",6,-4.53088255614238,1.76207802403272,0.0101308994122561,0.0451088091399195,97.3521241460406,16.7865897305338,-1.52904343128177,0.379145061519692
"23603","CORO1C",7,-1.39763372746624,0.54370046572924,0.0101523961799247,0.0451845545025675,82.0658305201798,1.57971954327876,-1.07636541057822,0.449285254889719
"6525","SMTN",7,-2.57225233921126,1.00069710834392,0.0101563422998649,0.0451921344208652,94.0343966663297,6.10802049264399,-2.1197267862604,0.709984418789613
"1040","CDS1",7,1.29913477725179,0.505591023326863,0.0101834553697137,0.04525851275876,79.6588718039418,1.32705955213922,1.10339086920919,0.477761873981869
"286077","SACK1H",6,2.19843135131971,0.855762388248674,0.0102000101199755,0.0452864265970179,88.1115233487811,3.65933055241678,1.48536933417273,0.632929872552778
"414062","CCL3L3",3,1.07242204509505,0.418944623800641,0.0104726952704969,0.0462414411846305,0,0,1.51080977116123,0.497989499112699
"7871","SLMAP",6,-2.86097875713033,1.12008405449878,0.0106415710573312,0.046793184998496,92.4203451157824,6.47991833540682,-1.80287264832659,0.486717257217551
"4921","DDR2",7,-2.8549974589377,1.11872496489549,0.0107103400342875,0.0470134925949509,95.0603399671579,7.68842904945366,-1.80653198380031,0.505945183880757
"151887","CCDC80",5,-2.30594183675625,0.905140963969569,0.0108465140776668,0.0474252529593815,87.4425820479709,3.37664611649038,-1.07796450168355,0.464306818019192
"2125","EVPL",7,2.23164882633929,0.876774539760653,0.0109185819162842,0.0476861483555395,92.338734811654,4.62200771466769,1.36688047014632,0.519076382684611
"1131","CHRM3",7,-1.39560319415991,0.548412594161551,0.010933873113215,0.0477046215222465,82.214012122215,1.60511546950967,-1.16813024193074,0.540101433903588
"558","AXL",7,-1.9390471200568,0.762483641946445,0.0109884101926665,0.0478690786079663,90.1602268514859,3.33951670065371,-1.30404917047062,0.445467482002798
"8076","MFAP5",7,-2.2638145914625,0.892060707761002,0.0111572106965384,0.0484681934268772,92.6967706739663,4.80297123935475,-2.24842488752024,0.755453804881108
"6840","SVIL",7,-2.21712020736075,0.876778797165527,0.0114482243453704,0.0494576803252545,92.3956608169804,4.58313064184092,-1.54785977099385,0.542082411219299
"5348","FXYD1",7,-2.67688284566084,1.0607373060297,0.0116158092588602,0.0499968649749017,94.6173995537023,6.92734515812722,-1.12888676030022,0.369468017543562
