Rank,Gene_Symbol,Entrez,Biomarker_Score,PMID,Year,Title,Journal,Authors,DOI,Matched_Terms,Search_Types,Categories,Biomarker,Diagnostic,ROC_AUC,Urine,Prognostic,Validation,Expression,NCBI_Symbol,NCBI_Aliases,NCBI_Designations,NCBI_Nomenclature,Abstract
1,TUBA1C,84790,92.6777491050664,37528357,2023,TUBA1C is a potential new prognostic biomarker and promotes bladder urothelial carcinoma progression by regulating the cell cycle.,BMC cancer,Jiang Y; Zhu C; Huang H; Huang G; Fu B; Xi X,10.1186/s12885-023-11209-2,TUBA1C,category; general,biomarker; expression; prognostic; urine,True,False,False,False,True,False,True,TUBA1C,OZEMA24; TUBA6; bcm948,"tubulin alpha-1C chain; alpha-tubulin 6; tubulin alpha-6 chain; tubulin, alpha 6",tubulin alpha 1c,"BACKGROUND: TUBA1C is an α-tubulin isoform involved in mitosis, and its dysregulation has been implicated in tumor progression. There is still no clear understanding of its role in bladder urothelial carcinoma (BLCA). METHODS: This study examined the differential expression of TUBA1C and its prognostic significance in bladder cancer based on data from The Cancer Genome Atlas (TCGA) and Gene Expression Omnibus (GEO) and also assessed the correlation of TUBA1C expression level with immune cell infiltration and immune checkpoint gene expression levels and the half-inhibitory concentration (IC50) of different chemotherapeutic agents. Immunotherapy response was estimated using the Tumor Immune Dysfunction and Exclusion (TIDE) algorithm. We detected TUBA1C expression in BLCA cells using PCR and Western blotting. Functional assays, including CCK-8, colony formation, transwell, apoptosis and cell cycle assays, were also performed to assess the oncogenic role of TUBA1C in BLCA. RESULT: In three independent public cohorts, TUBA1C was significantly upregulated in bladder tumor tissues, and high TUBA1C expression in bladder cancer was associated with a poorer outcome than low expression. TUBA1C was an independent prognostic risk factor for bladder cancer, and numerous immune checkpoint genes and infiltrating immune cells were associated with TUBA1C. TIDE analysis revealed that TUBA1C showed great potential for predicting the immunotherapy response in bladder cancer patients. In addition, drug sensitivity analysis revealed that high TUBA1C expression indicated sensitivity to multiple chemotherapeutic agents. Functional assays revealed that silencing TUBA1C significantly inhibited the proliferation, migration and invasion of BLCA cells and induced apoptosis and cell cycle arrest. CONCLUSION: The overexpression of TUBA1C in bladder cancer predicts a poor prognosis and may also be a potential immunotherapeutic target. As a prognostic marker, TUBA1C influences tumor progression by regulating the cell cycle."
1,TUBA1C,84790,92.6777491050664,39280688,2024,A platelet-related signature for predicting the prognosis and immunotherapy benefit in bladder cancer based on machine learning combinations.,Translational andrology and urology,Chen C; Zhang J; Liu X; Zhuang Q; Lu H; Hou J,10.21037/tau-24-80,TUBA1C,category; general,expression; prognostic; roc_auc,False,False,True,False,True,False,True,TUBA1C,OZEMA24; TUBA6; bcm948,"tubulin alpha-1C chain; alpha-tubulin 6; tubulin alpha-6 chain; tubulin, alpha 6",tubulin alpha 1c,"BACKGROUND: Bladder cancer carries a large societal burden, with over 570,000 newly diagnosed cases and 210,000 deaths globally each year. Platelets play vital functions in tumor progression and therapy benefits. We aimed to construct a platelet-related signature (PRS) for the clinical outcome of bladder cancer cases. METHODS: Ten machine learning techniques were used in the integrative operations to build PRS using the datasets from The Cancer Genome Atlas (TCGA), gene series expression (GSE)13507, GSE31684, GSE32894 and GSE48276. A number of immunotherapy datasets and prediction scores, including GSE91061, GSE78220, and IMvigor210, were utilized to assess how well the PRS predicted the benefit of immunotherapy. Vitro experiment was performed to verify the role of α1C-tubulin (TUBA1C) in bladder cancer. RESULTS: Enet (alpha =0.4) algorithm-based PRS had the highest average C-index of 0.73 and it was suggested as the optimal PRS. PRS acted as an independent risk factor for bladder cancer and patients with high PRS score portended a worse overall survival rate, with the area under the curve of 1-, 3- and 5-year operating characteristic curve being 0.754, 0.779 and 0.806 in TCGA dataset. A higher level of immune-activated cells, cytolytic function and T cell co-stimulation was found in the low PRS score group. Low PRS score demonstrated a higher tumor mutation burden score and programmed cell death protein 1 & cytotoxic T-lymphocyte associated protein 4 immunophenoscore, lower tumor immune dysfunction and exclusion score, intratumor heterogeneity score and immune escape score in bladder cancer, suggesting the PRS as an indicator for predicting immunotherapy benefits. Vitro experiment showed that TUBA1C was upregulated in bladder cancer and knockdown of TUBA1C obviously suppressed tumor cell proliferation. CONCLUSIONS: The present study developed an ideal PRS for bladder cancer, which may be used as a predictor of prognosis, a risk classification system, and a therapy guide."
2,DTL,51514,90.8239356021208,35103094,2022,DTL Is a Prognostic Biomarker and Promotes Bladder Cancer Progression through Regulating the AKT/mTOR axis.,Oxidative medicine and cellular longevity,Luo Y; He Z; Liu W; Zhou F; Liu T; Wang G,10.1155/2022/3369858,DTL; denticleless E3 ubiquitin protein ligase homolog,category; general,biomarker; diagnostic; expression; prognostic; roc_auc; urine,True,True,False,False,True,False,True,DTL,CDT2; DCAF2; L2DTL; RAMP,denticleless protein homolog; DDB1- and CUL4-associated factor 2; RA-regulated nuclear matrix-associated protein; denticleless E3 ubiquitin protein ligase homolog; lethal(2) denticleless protein homolog; retinoic acid-regulated nuclear matrix-associated protein,denticleless E3 ubiquitin protein ligase adapter,"BACKGROUND: Denticleless E3 ubiquitin protein ligase homolog (DTL) has been reported to be an important regulator for tumorigenesis and progression. Nonetheless, the biological functions and molecular mechanisms of DTL in BCa remain elusive. METHODS: We implemented integrative bioinformatics analysis to explore the diagnostic and prognostic values of DTL based on The Cancer Genome Atlas (TCGA), ArrayExpress, and Gene Expression Omnibus (GEO) databases. Then, we utilized qRT-PCR and immunohistochemistry to verify the clinical significance of DTL expression according to clinical specimens and tissue microarray (TMA). Moreover, the biological functions and underlying mechanisms of DTL in BCa were investigated through in vitro and in vivo experiments. RESULTS: Integrative bioinformatics analysis revealed that DTL was a key gene associated with BCa progression, and increased DTL expression was correlated with malignant biological behavior and poor prognosis. Experiments on clinical specimens and tissue microarray (TMA) further confirmed our findings. Bioinformatics analysis demonstrated that DTL could be associated with cell cycle- and DNA replication-associated pathways in BCa. The suppression of DTL inhibited BCa cell proliferation, migration, and invasion in vivo and in vitro. Mechanistically, DTL may promote BCa progression through the AKT/mTOR pathway. CONCLUSIONS: Increased DTL expression was correlated with malignant biological behavior and poor prognosis of BCa patients, and it may promote BCa progression through the AKT/mTOR pathway. Our research provided a potential predictor and therapeutic target for BCa."
2,DTL,51514,90.8239356021208,36300085,2022,"Identification of a dysregulated CircRNA-associated gene signature for predicting prognosis, immune landscape, and drug candidates in bladder cancer.",Frontiers in oncology,Shen C; Li Z; Zhang Y; Zhang Z; Wu Z; Da L; Yang S; Wang Z; Zhang Y; Qie Y; Zhao G; Lin Y; Huang S; Zhou M; Hu H,10.3389/fonc.2022.1018285,DTL,category; general,expression; prognostic; validation,False,False,True,False,True,True,True,DTL,CDT2; DCAF2; L2DTL; RAMP,denticleless protein homolog; DDB1- and CUL4-associated factor 2; RA-regulated nuclear matrix-associated protein; denticleless E3 ubiquitin protein ligase homolog; lethal(2) denticleless protein homolog; retinoic acid-regulated nuclear matrix-associated protein,denticleless E3 ubiquitin protein ligase adapter,"Increasing evidences have demonstrated that circular RNA (circRNAs) plays a an essential regulatory role in initiation, progression and immunotherapy resistance of various cancers. However, circRNAs have rarely been studied in bladder cancer (BCa). The purpose of this research is to explore new circRNAs and their potential mechanisms in BCa. A novel ceRNA-regulated network, including 87 differentially expressed circRNAs (DE-circRNAs), 126 DE-miRNAs, and 217 DE-mRNAs was constructed to better understanding the biological processes using Cytoscape 3.7.1 based on our previously high-throughput circRNA sequencing and five GEO datasets. Subsequently, five randomly selected circRNAs (upregulated circ_0001681; downregulated circ_0000643, circ_0001798, circ_0006117 and circ_0067900) in 20 pairs of BCa and paracancerous tissues were confirmed using qRT-PCR. Functional analysis results determined that 772 GO functions and 32 KEGG pathways were enriched in the ceRNA network. Ten genes (PFKFB4, EDNRA, GSN, GAS1, PAPPA, DTL, TGFBI, PRSS8, RGS1 and TCF4) were selected for signature construction among the ceRNA network. The Human Protein Atlas (HPA) expression of these genes were consistent with the above sequencing data. Notably, the model was validated in multiple external datasets (GSE13507, GSE31684, GSE48075, IMvigor210 and GSE32894). The immune-infiltration was evaluated by 7 published algorithms (i.e., TIMER, CIBERSORT, CIBERSORT-ABS, QUANTISEQ, MCPCOUNTER, XCELL and EPIC). Next, Correlations between riskscore or risk groups and clinicopathological data, overall survival, recognized immunoregulatory cells or common chemotherapeutic agents of BCa patients were performed using wilcox rank test, chi-square test, cox regression and spearman's correlation analysis; and, these results are significant. According to R package ""GSVA"" and ""clusterProfiler"", the most significantly enriched HALLMARK and KEGG pathway was separately the 'Epithelial Mesenchymal Transition' and 'Ecm Receptor Interaction' in the high- vs. low-risk group. Additionally, the functional experiments <i>in vitro</i> also revealed that the overexpression of has_circ_0067900 significantly impaired the proliferation, migration, and invasion capacities of BCa cells. Collectively, the results of the current study provide a novel landscape of circRNA-associated ceRNA-regulated network in BCa. The ceRNA-associated gene model which was constructed presented a high predictive performance for the prognosis, immunotherapeutic responsiveness, and chemotherapeutic sensitivity of BCa. And, has_circ_0067900 was originally proposed as tumor suppressor for patients with BCa."
2,DTL,51514,90.8239356021208,36637953,2023,High expression of KIF20A in bladder cancer as a potential prognostic target for poor survival of renal cell carcinoma.,Medicine,Liu B; Su J; Fan B; Ni X; Jin T,10.1097/MD.0000000000032667,DTL,category; general,biomarker; expression; prognostic; urine,True,False,False,True,True,False,True,DTL,CDT2; DCAF2; L2DTL; RAMP,denticleless protein homolog; DDB1- and CUL4-associated factor 2; RA-regulated nuclear matrix-associated protein; denticleless E3 ubiquitin protein ligase homolog; lethal(2) denticleless protein homolog; retinoic acid-regulated nuclear matrix-associated protein,denticleless E3 ubiquitin protein ligase adapter,"Urinary system tumors are malignant tumors, including renal cancer and bladder cancer. however, molecular target of them remains unclear. GSE14762 and GSE53757 were downloaded from GEO database to screen differentially expressed genes (DEGs). Weighted gene co-expression network analysis was performed. Gene Ontology (GO) and Kyoto encyclopedia of genes and genomes were used for enrichment analysis. Gene ontology and Kyoto encyclopedia of genes and genomes analyses were performed on whole genome, as formulated by gene set enrichment analysis. Survival analysis was also performed. Comparative toxicogenomics database was used to identify diseases most associated with hub genes. A total of 1517 DEGs were identified. DEGs were mainly enriched in cancer pathway, HIF-1 signaling pathway, organic acid metabolism, glyoxylate and dicarboxylate metabolism, and protein homodimerization activity. Ten hub genes (TPX2, ASPM, NUSAP1, RAD51AP1, CCNA2, TTK, PBK, MELK, DTL, kinesin family member 20A [KIF20A]) were obtained, which were up-regulated in tumor tissue. The expression of KIF20A was related with the overall survival of renal and bladder cancer. KIF20A was up-regulated in the tumor tissue, and might worsen the overall survival of bladder and kidney cancer. KIF20A could be a novel biomarker of bladder and kidney cancer."
2,DTL,51514,90.8239356021208,26977202,2016,The initiation of a multidisciplinary bladder cancer clinic and the uptake of neoadjuvant chemotherapy: A time-series analysis.,Canadian Urological Association journal = Journal de l'Association des urologues du Canada,Nayan M; Bhindi B; Yu JL; Mamdani M; Fleshner NE; Hermanns T; Chung P; Milosevic M; Bristow R; Warde P; Hamilton RJ; Finelli A; Jewett MA; Zlotta AR; Sridhar SS; Kulkarni GS,10.5489/cuaj.3315,RAMP,general,,False,False,False,False,False,False,False,DTL,CDT2; DCAF2; L2DTL; RAMP,denticleless protein homolog; DDB1- and CUL4-associated factor 2; RA-regulated nuclear matrix-associated protein; denticleless E3 ubiquitin protein ligase homolog; lethal(2) denticleless protein homolog; retinoic acid-regulated nuclear matrix-associated protein,denticleless E3 ubiquitin protein ligase adapter,"INTRODUCTION: While level 1 evidence supports the use of neoadjuvant chemotherapy (NAC) for patients with muscle-invasive bladder cancer (MIBC), its uptake has been underwhelming, even in academic centres. Our aim was to determine if the initiation of a multidisciplinary bladder cancer clinic (MDBCC) in 2008 at our institution, where patients are assessed simultaneously by bladder cancer-focused urologists and radiation oncologists with easy access to a medical oncologist, was associated with an increased use of NAC. METHODS: Patients with MIBC initiating treatment between July 2000 and June 2013 were identified and classified by academic year (July 1 to June 30). Time-series analyses using interventional autoregressive integrated moving average (ARIMA) models with ramp intervention functions were then conducted. A sensitivity analysis was performed on clinical N0 patients. RESULTS: The cohort included 278 patients: 168 from 2000-2007 and 110 from 2008-2012 (academic years). Forty-two (15.1%) patients received NAC and 74 (26.6%) received adjuvant chemotherapy (AC). Overall the proportion of patients receiving NAC increased from 7.7% before the MDBCC to 47.6% in 2012 (Interventional ARIMA p=0.036). The results were similar when restricting to cN0 patients (p<0.001). NAC use gradually increased over time regardless of MDBCC attendance, although the proportion of patients receiving NAC appears to have risen more sharply among MDBCC attendees. CONCLUSIONS: At our institution, the initiation of the MDBCC was temporally associated with increased use of NAC. In addition to multidisciplinary collaboration, having a critical mass of NAC physician advocates and support from institutional leaders are essential to the uptake of NAC."
3,CENPF,1063,89.0543667143499,40659783,2025,"CENPF overexpression in bladder cancer cells enhances proliferation, migration, invasion, and apoptosis.",Scientific reports,Song R; Chen X; Zhang Z; Wang H; Xu J; Zeng S; Zhang W; Sheng Z; Yao X,10.1038/s41598-025-10677-9,CENPF; centromere protein F,category; general,biomarker; expression; prognostic; urine,True,False,False,True,True,False,True,CENPF,CENF; CILD31; PRO1779; STROMS; hcp-1,"centromere protein F; AH antigen; CENP-F kinetochore protein; cell-cycle-dependent 350K nuclear protein; centromere protein F, 350/400kDa; kinetochore protein CENPF; mitosin",centromere protein F,"Bladder cancer has been considered as one of the most common urinary malignancies. Growing evidence has indicated that Centromere Protein F (CENPF) is a promising molecular biomarker for many human malignant tumors. However, the role of CENPF in bladder cancer (BC) proliferation, migration, invasion, cell cycle and apoptosis thereof remain unclear. In the present study, high-throughput sequencing technology and bioinformatics analysis were conducted to identify mRNAs profiles in 10 pairs of bladder cancer tissues and adjacent noncancerous tissues. CENPF was overexpression in bladder cancer tissues, and higher in MIBC than NMIBC. We investigated the expression of CENPF in 30 other pairs bladder cancers tissues, and the results were in accordance with the sequencing results. Furthermore, Immunohistochemical staining, showed that strong intensity of CENPF in BC tissues than normal tissues. Increased staining of CENPF was detected of tumor cells in MIBC compared with NMIBC. This suggests that CENPF might be highly expressed in aggressive and invasive tumor cells. Subsequently, in vitro functional experiments also demonstrated that the siRNA interference of CENPF expression significantly weakened the proliferation, migration, invasion and apoptosis of BC cells, and the cells were arrested in the G2/S phase in Cell cycle. Moreover, functional enrichment analyses, lncRNA-miRNA-mRNA, and protein-protein interaction networks revealed that CENPF was potentially involved in carcinogenesis and evolution of bladder cancer. Taken together, these results demonstrated that CENPF may serve as a potential biomarker of tumor occurrence, progression, and even prognosis for bladder cancer. However, further research is needed to be further clarified the pathway mechanisms of CENPF in bladder cancer."
3,CENPF,1063,89.0543667143499,31566930,2019,Weighted gene coexpression network analysis identifies a new biomarker of CENPF for prediction disease prognosis and progression in nonmuscle invasive bladder cancer.,Molecular genetics & genomic medicine,Shi J; Zhang P; Liu L; Min X; Xiao Y,10.1002/mgg3.982,CENPF,category; general,biomarker; diagnostic; prognostic; roc_auc; urine,True,False,True,False,True,False,True,CENPF,CENF; CILD31; PRO1779; STROMS; hcp-1,"centromere protein F; AH antigen; CENP-F kinetochore protein; cell-cycle-dependent 350K nuclear protein; centromere protein F, 350/400kDa; kinetochore protein CENPF; mitosin",centromere protein F,"BACKGROUND: The dreadful prognosis of nonmuscle invasive bladder cancer mainly results from the delay in recognition of individuals with a high risk of progression. Thus, the emphasis of this work lies in developing valuable biomarkers that is conducive to accurately predicting the progression of NMIBC. METHODS: Microarray data from GSE32894 including 209 NMIBC samples were performed by weighted gene coexpression network analysis (WGCNA), which could find modules of highly correlated genes and relate modules to external sample traits. Besides, we constructed a protein-protein interaction to facilitate screening the hub gene. At last, we used RNA-seq and microarray data and clinical information from ArrayExpress (E-MTAB-4321) and GSE13507 to select and validate the candidate gene. RESULTS: In current paper, blue module of 13 gene coexpression clusters we identified was selected as the key modules. Seven genes namely: CDCA8, CENPF, MCM6, MELK, PRC1, STIL, and TPX2 have been identified as candidate genes. Notably, among them, only elevated CENPF in NIMBC tissue was closely associated with low progression-free survival (PFS) and overall survival (OS) rate in three datasets and had a large area under receiver operating characteristic (ROC) curve. Finally, CENPF was identified as an effective biomarker in NMIBC. CONCLUSION: Therefore, our findings submit a new progressive and prognostic molecular marker and therapeutic target for NMIBC. Moreover, these genes that deserve to be further researched may improve the comprehension about the occurrence and development of superficial bladder cancer."
3,CENPF,1063,89.0543667143499,40519684,2025,Nano-delivery of miRNA inhibiting CENPF combined with cisplatin for bladder cancer treatment.,RSC advances,Song R; Chen X; Zhang Z; Wang H; Chen G; Xu J; Zeng S; Zhang W; Yao X,10.1039/d5ra01513h,CENPF; centromere protein F,category; general,expression; prognostic,False,False,False,False,True,False,True,CENPF,CENF; CILD31; PRO1779; STROMS; hcp-1,"centromere protein F; AH antigen; CENP-F kinetochore protein; cell-cycle-dependent 350K nuclear protein; centromere protein F, 350/400kDa; kinetochore protein CENPF; mitosin",centromere protein F,"Bladder cancer (BCa) presents a substantial global health burden, with high rates of recurrence and metastasis that limit the effectiveness of current therapies. New therapeutic strategies are urgently needed. This study introduces a novel nanotherapeutic approach utilizing polydopamine (PDA) nanoparticles to co-deliver cisplatin and miR-205-5p for BCa treatment. Combination therapy reduces the dose-dependent toxicity of cisplatin while enhancing tumor cell cytotoxicity. miR-205-5p targets centromere protein F (CENPF), a key regulator of cancer progression. Overexpression of CENPF in BCa correlates with poor prognosis, and miR-205-5p-mediated suppression of CENPF expression inhibits tumor growth. The PDA-based system combines the DNA-damaging effects of cisplatin with the gene-silencing properties of miR-205-5p, resulting in synergistic antitumor activity. This multimodal strategy enhances therapeutic precision and efficacy, providing a promising solution for BCa treatment with significant clinical potential."
3,CENPF,1063,89.0543667143499,31545079,2020,Analysis of Gene Expression in Bladder Cancer: Possible Involvement of Mitosis and Complement and Coagulation Cascades Signaling Pathway.,Journal of computational biology : a journal of computational molecular cell biology,Liu Y; Xiong S; Liu S; Chen J; Yang H; Liu G; Li G,10.1089/cmb.2019.0237,CENPF,category; general,expression; urine,False,False,False,False,False,False,True,CENPF,CENF; CILD31; PRO1779; STROMS; hcp-1,"centromere protein F; AH antigen; CENP-F kinetochore protein; cell-cycle-dependent 350K nuclear protein; centromere protein F, 350/400kDa; kinetochore protein CENPF; mitosin",centromere protein F,"This study focused on identifying bladder cancer (BC)-associated genes, transcription factors (TFs), and microRNAs (miRNAs). Two microarray data sets GSE37815 and GSE40355 were utilized to screen common differentially expressed genes (DEGs) associated with BC. Then, functional enrichment analysis was performed for elucidating the involved functions of DEGs. Subsequently, the protein-protein interaction (PPI) network and submodule of PPI network were analyzed. Finally, the regulation relationships of TF-DEGs and miRNA-DEGs were obtained to construct miRNA-target-TF regulatory network. DEGs were identified across BC and normal bladder tissues samples. Functional enrichment analysis results showed that most upregulated DEGs were closely associated with the Gene Ontology function of ""mitotic spindle assembly checkpoint"" and pathway of ""Cell cycle,"" whereas most downregulated DEGs were significantly associated with ""Complement and coagulation cascades"" pathway (e.g., <i>A2M</i> and <i>F13A1</i>) and ""Ras signaling pathway"" (e.g., <i>GNG11</i>). DEGs such as <i>F13A1</i> and <i>A2M</i> were highlighted in the PPI network and Submodule 1. In addition, three centromere-associated <i>CENPK</i>, <i>CENPF</i>, and <i>CENPO</i> were enriched in Submodule 2. Moreover, miR-519d had high degree in the regulatory network and <i>CENPO</i> was predicted to be one target of miR-519d. The upregulated <i>CENPK</i>, <i>CENPF</i>, and <i>CENPO</i>, and downregulated <i>A2M</i>, <i>F13A1</i>, and <i>GNG11</i> might contribute to the progression of BC. In addition, the downregulated miR-519d might lead to the development of BC by upregulating the expression of <i>CENPO.</i> However, future investigation of those findings should be needed."
3,CENPF,1063,89.0543667143499,34988018,2021,Identification and Validation of Hub Genes Associated with Bladder Cancer by Integrated Bioinformatics and Experimental Assays.,Frontiers in oncology,Chen K; Xing J; Yu W; Xia Y; Zhang Y; Cheng F; Rao T,10.3389/fonc.2021.782981,CENPF,category; general,diagnostic; expression; prognostic; urine; validation,False,True,False,True,True,True,True,CENPF,CENF; CILD31; PRO1779; STROMS; hcp-1,"centromere protein F; AH antigen; CENP-F kinetochore protein; cell-cycle-dependent 350K nuclear protein; centromere protein F, 350/400kDa; kinetochore protein CENPF; mitosin",centromere protein F,"Bladder cancer (BC) is the most common malignant tumor of the urinary system and is associated with high morbidity and mortality; however, the molecular mechanism underlying its occurrence is not clear. In this study, the gene expression profile and related clinical information of GSE13507 were downloaded from the Gene Expression Omnibus (GEO) database. RNA sequencing (RNA-seq) expression data and related clinical information were retrieved from The Cancer Genome Atlas (TCGA) database. Overlapping genes were identified by differential gene expression analysis and weighted gene co-expression network analysis (WGCNA). Then, we carried out functional enrichment analysis to understand the potential biological functions of these co-expressed genes. Finally, we performed a protein-protein interaction (PPI) analysis combined with survival analysis. Using the CytoHubba plug-in of Cytoscape, <i>TROAP</i>, <i>CENPF</i>, <i>PRC1</i>, <i>AURKB</i>, <i>CCNB2</i>, <i>CDC20</i>, <i>TTK</i>, <i>CEP55</i>, <i>ASPM</i>, and <i>CDCA8</i> were identified as candidate central genes. According to the survival analysis, the high expression of <i>TTK</i> was related to the poor overall survival (OS) of patients with BC. <i>TTK</i> may also affect the bladder tumor microenvironment (TME) by affecting the number of immune cells. The expression level of <i>TTK</i> was verified by immunohistochemistry (IHC) and real-time quantitative polymerase chain reaction (RT-qPCR), and the tumor-promoting effect of <i>TTK</i> in BC cells was confirmed <i>in vitro</i>. Our results also identified the MSC-AS1/hsa-miR-664b-3p/TTK regulatory axis, which may also play an important role in the progression of BC, but further research is needed to verify this result. In summary, our results provide a new idea for accurate early diagnosis, clinical treatment, and prognosis of BC."
3,CENPF,1063,89.0543667143499,29234286,2017,Identification of Biomarkers Correlated with the TNM Staging and Overall Survival of Patients with Bladder Cancer.,Frontiers in physiology,Li S; Liu X; Liu T; Meng X; Yin X; Fang C; Huang D; Cao Y; Weng H; Zeng X; Wang X,10.3389/fphys.2017.00947,CENPF,category; general,biomarker; diagnostic; expression; prognostic,True,True,False,False,True,False,True,CENPF,CENF; CILD31; PRO1779; STROMS; hcp-1,"centromere protein F; AH antigen; CENP-F kinetochore protein; cell-cycle-dependent 350K nuclear protein; centromere protein F, 350/400kDa; kinetochore protein CENPF; mitosin",centromere protein F,"<b>Objective:</b> To identify candidate biomarkers correlated with clinical prognosis of patients with bladder cancer (BC). <b>Methods:</b> Weighted gene co-expression network analysis was applied to build a co-expression network to identify hub genes correlated with tumor node metastasis (TNM) staging of BC patients. Functional enrichment analysis was conducted to functionally annotate the hub genes. Protein-protein interaction network analysis of hub genes was performed to identify the interactions among the hub genes. Survival analyses were conducted to characterize the role of hub genes on the survival of BC patients. Gene set enrichment analyses were conducted to find the potential mechanisms involved in the tumor proliferation promoted by hub genes. <b>Results:</b> Based on the results of topological overlap measure based clustering and the inclusion criteria, top 50 hub genes were identified. Hub genes were enriched in cell proliferation associated gene ontology terms (mitotic sister chromatid segregation, mitotic cell cycle and, cell cycle, etc.) and Kyoto Encyclopedia of Genes and Genomes (KEGG) pathways (cell cycle, Oocyte meiosis, etc.). 17 hub genes were found to interact with ≥5 of the hub genes. Survival analysis of hub genes suggested that lower expression of MMP11, COL5A2, CDC25B, TOP2A, CENPF, CDCA3, TK1, TPX2, CDCA8, AEBP1, and FOXM1were associated with better overall survival of BC patients. BC samples with higher expression of hub genes were enriched in gene sets associated with P53 pathway, apical junction, mitotic spindle, G2M checkpoint, and myogenesis, etc. <b>Conclusions:</b> We identified several candidate biomarkers correlated with the TNM staging and overall survival of BC patients. Accordingly, they might be used as potential diagnostic biomarkers and therapeutic targets with clinical utility."
3,CENPF,1063,89.0543667143499,37949208,2023,Network based approach to identify interactions between Type 2 diabetes and cancer comorbidities.,Life sciences,Nayan SI; Rahman MH; Hasan MM; Raj SMRH; Almoyad MAA; Liò P; Moni MA,10.1016/j.lfs.2023.122244,CENPF,category; general,expression,False,False,True,False,False,False,True,CENPF,CENF; CILD31; PRO1779; STROMS; hcp-1,"centromere protein F; AH antigen; CENP-F kinetochore protein; cell-cycle-dependent 350K nuclear protein; centromere protein F, 350/400kDa; kinetochore protein CENPF; mitosin",centromere protein F,"High blood sugar and insulin insensitivity causes the lifelong chronic metabolic disease called Type 2 diabetes (T2D) which has a higher chance of developing different malignancies. T2D with comorbidities like Cancers can make normal medications for those disorders more difficult. There may be a significant correlation between comorbidities and have an impact on one another's health. These associations may be due to a number of direct and indirect mechanisms. Such molecular mechanisms that underpin T2D and cancer are yet unknown. However, the large volumes of data available on these diseases allowed us to use analytical tools for uncovering their interrelated pathways. Here, we tried to present a system for investigating potential comorbidity relationships between T2D and Cancer disease by looking at the molecular processes involved, analyzing a huge number of freely accessible transcriptomic datasets of various disorders using bioinformatics. Using semantic similarity and gene set enrichment analysis, we created an informatics pipeline that evaluates and integrates Gene Ontology (GO), expression of genes, and biological process data. We discovered genes that are common in T2D and Cancer along with molecular pathways and GOs. We compared the top 200 Differentially Expressed Genes (DEGs) from each selected T2D and cancer dataset and found the most significant common genes. Among all the common genes 13 genes were found most frequent. We also found 4 common GO terms: GO:0000003, GO:0000122, GO:0000165, and GO:0000278 among all the common GO terms between T2d and different cancers. Using these genes and GO term semantic similarity, we calculated the distance between these two diseases. The semantic similarity results of our study showed a higher association of Liver Cancer (LiC), Breast Cancer (BreC), Colorectal Cancer (CC), and Bladder Cancer (BlaC) with T2D. Furthermore we found KIF4A, NUSAP1, CENPF, CCNB1, TOP2A, CCNB2, RRM2, HMMR, NDC80, NCAPG, and IGFBP5 common hub proteins among different cancers correlated to T2D. AGE-RAGE signaling pathway in diabetic complications, Osteoclast differentiation, TNF signaling pathway, IL-17 signaling pathway, p53 signaling pathway, MAPK signaling pathway, Human T-cell leukemia virus 1 infection, and Non-alcoholic fatty liver disease are the 8 most significant pathways found among 18 common pathways between T2D and selected cancers. As a result of our technique, we now know more about disease pathways that are critical between T2D and cancer."
3,CENPF,1063,89.0543667143499,30214299,2018,Analysis of potential genes associated with primary cilia in bladder cancer.,Cancer management and research,Du E; Lu C; Sheng F; Li C; Li H; Ding N; Chen Y; Zhang T; Yang K; Xu Y,10.2147/CMAR.S175419,CENPF,category; general,diagnostic; expression,False,True,False,False,False,False,True,CENPF,CENF; CILD31; PRO1779; STROMS; hcp-1,"centromere protein F; AH antigen; CENP-F kinetochore protein; cell-cycle-dependent 350K nuclear protein; centromere protein F, 350/400kDa; kinetochore protein CENPF; mitosin",centromere protein F,"BACKGROUND: Dysfunction of primary cilia (PC), which could influence cell cycle and modulate cilia-related signaling transduction, has been reported in several cancers. However, there is no evidence of their function in bladder cancer (BLCA). This study was performed to investigate the presence of PC in BLCA and to explore the potential molecular mechanisms underlying the PC in BLCA. PATIENTS AND METHODS: The presence of PC was assessed in BLCA and adjacent non-cancerous tissues. The gene expression dataset GSE52519 was employed to obtain differentially expressed genes (DEGs) associated with PC. The mRNA expression of the DEGs were confirmed by Gene Expression Profiling Interactive Analysis. The DEGs properties and pathways were analyzed by Gene ontology and Kyoto Encyclopedia of Genes and Genomes pathway enrichment analysis. Genomatix software was used to predict putative transcription factor binding sites (TFBS) in the promoter region of DEGs, and the transcription factors were achieved according to the shared TFBS, which were supported by the ChIP-Sequence data. RESULTS: PC were found to be reduced in BLCA tissue samples in this study. Seven DEGs were observed to be associated with PC, and gene ontology and Kyoto Encyclopedia of Genes and Genomes pathway enrichment analysis indicated that these DEGs exhibited the properties and functions of PC, and that the Hedgehog signaling pathway probably participated in the pathogenesis and progression of BLCA. The mRNA expression of the seven DEGs in 404 BLCA and 28 normal tissue samples were analyzed, and five DEGs including <i>CENPF</i>, <i>STIL</i>, <i>AURKA</i>, <i>STK39</i> and <i>OSR1</i> were identified. Five TFBS including CREB, E2FF, EBOX, ETSF and HOXF in the promoter region of five DEGs were calculated and the transcription factors were obtained according to the shared TFBS. CONCLUSION: PC were found to be reduced in BLCA, and the potential molecular mechanisms of PC in BLCA helped to provide novel diagnosis and therapeutic targets for BLCA."
4,PPP1R14B,26472,86.8952918239992,21782236,2011,The treatment of bladder cancer in a mouse model by epigallocatechin-3-gallate-gold nanoparticles.,Biomaterials,Hsieh DS; Wang H; Tan SW; Huang YH; Tsai CY; Yeh MK; Wu CJ,10.1016/j.biomaterials.2011.06.073,PNG,general,,False,False,False,True,False,False,False,PPP1R14B,PHI-1; PLCB3N; PNG; SOM172,protein phosphatase 1 regulatory subunit 14B; phospholipase C beta-3 neighboring gene protein; phospholipase C-beta-3 neighbouring gene protein,protein phosphatase 1 regulatory inhibitor subunit 14B,"(--)-Epigallocatechin-3-gallate (EGCG), an active ingredient in green tea, was known to effectively inhibit formation and development of tumors. However, excessive uptake of EGCG was also known to cause cytotoxicity to normal cells. In this study, EGCGs that were physically attached onto the surface of nanogold particles (pNG) was confirmed by scanning electron microscopy. The anticancer activity of the EGCG-adsorbed pNG was investigated in C3H/HeN mice subcutaneously implanted with MBT-2 murine bladder tumor cells. EGCG-pNG was confirmed to inhibit tumor cell growing by means of cell apoptosis. The mechanism that EGCG-pNG mediates tumor apoptosis was uncovered to activate the caspase cascade through the Bcl-family proteins in the mitochondrial pathway. Additionally, the mechanism that tumors were suppressed by injecting EGCG-pNG directly into the tumor site was determined to be through downregulation of VEGF, whereas that by oral administration of EGCG was through reversing immune suppression upon cancer progression. In this assessment, the prepared EGCG-pNG was confirmed to be more effective than free EGCG in inhibiting bladder tumor in model mice."
5,H2AX,3014,86.4618540283077,38375808,2024,Ivermectin Inhibits Bladder Cancer Cell Growth and Induces Oxidative Stress and DNA Damage.,Anti-cancer agents in medicinal chemistry,Fan N; Zhang L; Wang Z; Ding H; Yue Z,10.2174/0118715206274095231106042833,H2AX,category; general,expression; urine,False,False,False,True,False,False,True,H2AX,H2A.X; H2A/X; H2AFX,histone H2AX; H2A histone family member X; H2AX histone; histone H2A.x,H2A.X variant histone,"BACKGROUND: Bladder cancer is the most common malignant tumor of the urinary system. Nevertheless, current therapies do not provide satisfactory results. It is imperative that novel strategies should be developed for treating bladder cancer. OBJECTIVES: To evaluate the effect of a broad-spectrum anti-parasitic agent, Ivermectin, on bladder cancer cells <i>in vitro</i> and <i>in vivo</i>. METHODS: CCK-8 and EdU incorporation assays were used to evaluate cell proliferation. Apoptosis was detected by flow cytometry, TUNEL assay, and western blotting. Flow cytometry and DCFH-DA assay were used to analyze the reactive oxygen species (ROS) levels. DNA damage was determined by Neutral COMET assay and γ H2AX expression. Proteins related to apoptosis and DNA damage pathways were determined by WB assay. Xenograft tumor models in nude mice were used to investigate the anti-cancer effect of Ivermectin <i>in vivo</i>. RESULTS: Our study showed that <i>in vitro</i> and <i>in vivo</i>, Ivermectin inhibited the growth of bladder cancer cells. In addition, Ivermectin could induce apoptosis, ROS production, DNA damage, and activate ATM/P53 pathwayrelated proteins in bladder cancer cells. CONCLUSIONS: According to these findings, Ivermectin may be a potential therapeutic candidate against bladder cancer due to its significant anti-cancer effect."
5,H2AX,3014,86.4618540283077,39488989,2024,BCL-2 and γ-H2AX immunostaining profile in urothelial bladder cancer prognosis.,"Pathology, research and practice",Kawasaki JAI; Pinheiro LCL; da Silva IM; Miqueloto CA; de Oliveira KB; Ribeiro DL; Guembarovski AFML; Terziotti F; Martinez-López W; Serpeloni JM; Guembarovski RL,10.1016/j.prp.2024.155680,H2A.X; H2A/X; H2AX,category; general,biomarker; expression; prognostic; urine,False,False,True,True,True,False,True,H2AX,H2A.X; H2A/X; H2AFX,histone H2AX; H2A histone family member X; H2AX histone; histone H2A.x,H2A.X variant histone,"Urothelial bladder carcinoma (UBC) is a malignant neoplasm of the urinary tract that is highly prevalent worldwide and has a high rate of tumor recurrence. It is known that the BCL2 apoptosis regulator (BCL-2) gene encodes a mitochondrial protein that regulates programmed death cells by apoptosis. In contrast, the H2A.X histone variant (H2AX) gene encodes a histone responsible for regulating and signaling genomic instability processes. The present study aimed to analyze the immunostaining profiles of BCL-2 and γ-H2AX proteins in tissue samples (n=80) from UBC patients (muscle-invasive MI; and non-muscle invasive NMI) using indirect immunohistochemistry and to correlate the results with prognostic and clinical parameters. BCL-2 protein expression was cytoplasmic and absent in half of the samples, including the MI and NMI groups. Strong nuclear expression was observed for γ-H2AX, predominant in the MI samples. The immunostaining profile of both proteins was not associated with tumor recurrence or invasion, and no significant associations were found in relation to prognosis (tumor grade, pathological staging). No significant correlation was found between protein profiles in malignant tissue. All in all, BCL-2 and γ-H2AX did not prove to be candidate markers for UBC clinical management in the present sample, despite their expression in malignant bladder tissue."
5,H2AX,3014,86.4618540283077,38304628,2024,PRPF19 functions in DNA damage repair and gemcitabine sensitivity via regulating DDB1 in bladder cancer cells.,Cytotechnology,Yu J; Ge S,10.1007/s10616-023-00599-7,H2AX,category; general,expression; prognostic,False,False,False,False,True,False,True,H2AX,H2A.X; H2A/X; H2AFX,histone H2AX; H2A histone family member X; H2AX histone; histone H2A.x,H2A.X variant histone,"UNLABELLED: PRPF19 seems to play either tumor-promoting or anti-tumor roles depending on cancer types. This study aimed to clarify the potential role and mechanism of PRPF19 in bladder cancer. PRPF19 expression and its correlation with patients' overall survival were analyzed in bladder cancer. The effects of PRPF19 on the viability, apoptosis, DNA damage repair, and gemcitabine sensitivity in human bladder cancer cells (T24 and 5637) were analyzed through loss- or gain-of-function methods. Moreover, the influences of DDB1 small interfering RNA on these indexes were evaluated in bladder cancer cells. At last, rescue experiment using DDB1 overexpression was carried out to confirm whether PRPF19 functioned via regulating DDB1. PRPF19 was highly expressed in bladder cancer tissues and cells. Elevated PRPF19 expression was related to shorter overall survival of bladder cancer patients. Downregulation of PRPF19 inhibited cell proliferation, promoted cell apoptosis, increased the number of γ-H2AX-positive cells, and reduced the mRNA and protein levels of DDB1 and BRCA1. Meanwhile, knockdown of PRPF19 decreased the IC50 of gemcitabine and promoted gemcitabine-induced cell apoptosis. Whereas, PRPF19 overexpression significantly decreased gemcitabine-induced apoptosis in bladder cancer cells. DDB1 downregulation suppressed cell proliferation and BRCA1 expression, but elevated the number of γ-H2AX-positive cells and gemcitabine sensitivity. Upregulation of DDB1 attenuated γ-H2AX-positive cell number, BRCA1 expression and IC50 of gemcitabine that were affected by PRPF19 silencing. In conclusion, PRPF19 expression was upregulated in bladder cancer. It promoted cell growth and DNA damage repair, and decreased gemcitabine sensitivity via positively regulating DDB1 expression. SUPPLEMENTARY INFORMATION: The online version contains supplementary material available at 10.1007/s10616-023-00599-7."
5,H2AX,3014,86.4618540283077,37070134,2023,YTHDC1 positively regulates PTEN expression and plays a critical role in cisplatin resistance of bladder cancer.,Cell proliferation,Su Y; Wang B; Huang J; Huang M; Lin T,10.1111/cpr.13404,H2AX,category; general,expression; urine,False,False,False,False,False,False,True,H2AX,H2A.X; H2A/X; H2AFX,histone H2AX; H2A histone family member X; H2AX histone; histone H2A.x,H2A.X variant histone,"Activation of PI3K/AKT signalling by PTEN loss significantly enhances chemoresistance in bladder cancer. This study aims to evaluate PTEN regulation and identify targets that could be used to relieve chemoresistance. Expression of YTHDC1, γ-H2AX and PTEN were detected by IHC assay. Cell Counting Kit-8 assay, colony formation assay and tumour xenograft experiment evaluated cisplatin response. Flow cytometry and comet assay estimated cell apoptosis, cell cycle distribution and DNA repair capability. Quantitative real-time polymerase chain reaction, Western blot and RIP assay assessed binding properties between PTEN mRNA and YTHDC1. Silencing YTHDC1 in bladder cancer cells reduced PTEN expression and activated PI3K/AKT signalling by destabilizing PTEN mRNA in an m<sup>6</sup> A-dependent manner. Low YTHDC1 expression indicated poor cisplatin sensitivity in bladder cancer patients. Reducing YTHDC1 expression promoted drug resistance to cisplatin, while over-expressing YTHDC1 promoted cisplatin sensitivity. Reducing YTHDC1 expression activated DNA damage response, which includes quicker cell cycle recovery, apoptosis evasion and an enhanced DNA repair capability, whereas these effects were attenuated when MK2206, a PI3K/AKT inhibitor was applied. We provide novel evidence that PTEN/PI3K/AKT signalling pathway could be regulated by YTHDC1 in an m<sup>6</sup> A-dependent manner and highlight a critical role of YTHDC1 in cisplatin resistance of bladder cancer."
5,H2AX,3014,86.4618540283077,27600610,2017,Effect of combined treatment of radiation and tissue-specific recombinant oncolytic adenovirus on bladder cancer cells.,International journal of radiation biology,Zhang H; Wang F; Mao C; Zhang Z; Fu S; Lu J; Zhai Z; Li R; Li S; Rodriguez R; Wang Z,10.1080/09553002.2017.1231942,H2AX,category; general,prognostic; urine,False,False,False,False,False,False,False,H2AX,H2A.X; H2A/X; H2AFX,histone H2AX; H2A histone family member X; H2AX histone; histone H2A.x,H2A.X variant histone,"PURPOSE: Gene therapy combined with radiation has shown promising potential for the treatment of tumors. This paper aimed to clarify the synergistic effect of radiotherapy combined with the bladder cancer tissue-specific oncolytic adenovirus (Ad-PSCAE-UPII-E1A) on bladder cancer cells and to study the underlying synergy mechanisms of the combined treatment. MATERIALS AND METHODS: The Adenovirus carrying E1A under control of UPII promoter and prostate stem cell antigen enhancer (PSCAE) were successfully constructed. The viability of bladder cancer cells BIU-87 and EJ was determined by MTT assay. The apoptotic assay was demonstrated by flow cytometry and TEM. Virus titer was determined by TCID50 assay, and proteins Mre11, Chk2-Thr68, and E1A were analyzed by Western blot method. RESULTS: Oncolytic adenovirus combined with radiotherapy improved antitumor efficacy compared with the single treatment at a time and was X-ray dosage-dependent. When the adenovirus infection was scheduled at 24 h after irradiation, cancer cells had the lowest viability. Adenovirus and irradiation induced cell death through the caspase-3 related apoptotic pathway, and bladder cancer cells were arrested at the G1 (BIU-87) or S phase (EJ). Autophagic vacuoles were observed in bladder cancer cells treated with radiation and adenovirus. After irradiation, more virus particles were observed in the BIU-87 and EJ cells. However, by a TCID50 assay, there was no difference in virus titter between irradiated bladder cancer cells and unirradiated cells. The proteins Mre11, Chk2-Thr68 which involved in the DNA break repair pathway were decreased while γ-H2AX-Ser139 increased; at the same time, the E1A gene and the hexon proteins of oncolytic adenovirus were increased after irradiation. CONCLUSIONS: Our results proved synergistic antitumor effect of adenovirus Ad-PSCAE-UPII-E1A and radiation, which might be a potential therapeutic strategy for bladder cancer."
5,H2AX,3014,86.4618540283077,30786932,2019,CCDC6 and USP7 expression levels suggest novel treatment options in high-grade urothelial bladder cancer.,Journal of experimental & clinical cancer research : CR,Morra F; Merolla F; Criscuolo D; Insabato L; Giannella R; Ilardi G; Cerrato A; Visconti R; Staibano S; Celetti A,10.1186/s13046-019-1087-1,H2AX,category; general,biomarker; expression; urine,True,False,False,False,False,False,True,H2AX,H2A.X; H2A/X; H2AFX,histone H2AX; H2A histone family member X; H2AX histone; histone H2A.x,H2A.X variant histone,"BACKGROUND: The muscle invasive form of urothelial bladder cancer (UBC) is a deadly disease. Currently, the therapeutic approach of UBC is mostly based on surgery and standard chemotherapy. Biomarkers to establish appropriate drugs usage are missing. Deficiency of the tumor suppressor CCDC6 determines PARP-inhibitor sensitivity. The CCDC6 levels are modulated by the deubiquitinase USP7. In this work we scored CCDC6 and USP7 expression levels in primary UBC and we evaluated the expression levels of CCDC6 in correlation with the effects of the PARP-inhibitors combined with the USP7 inhibitor, P5091, in vitro. Since PARP-inhibitors could be enhanced by conventional chemotherapy or DNA damage inducers, we tested the new agent RRx-001, able to induce DNA damage, to prove the benefit of combined treatments in bladder cancer cells. METHODS: The J82, T24, 5637 and KU-19-19 bladder cancer cells were exposed to USP7 inhibitor P5091 in presence of cycloheximide to analyse the CCDC6 stability. Upon the CCDC6 degradation induced by P5091, the cells sensitivity to PARP-inhibitor was evaluated by cell viability assays. The ability of the DNA damage inducer RRx-001 to modulate CCDC6 protein levels and H2AX phosphorylation was detected at immunoblot. The combination of USP7 inhibitor plus RRx-001 enhanced the PARP-inhibitor sensitivity, as evaluated by cell viability assays. The results of the scores and correlation of CCDC6 and USP7 expression levels obtained by UBC primary biopsies staining were used to cluster patients by a K-mean cluster analysis. RESULTS: P5091 determining CCDC6 degradation promoted bladder cancer cells sensitivity to PARP-inhibitor drugs. RRx-001, by inducing DNA damage, enhanced the effects of the combined treatment. The immunohistochemical staining of both CCDC6 and USP7 proteins allowed to cluster the high grade (G3) UBC patients, on the basis of CCDC6 expression levels. CONCLUSIONS: In high grade UBC the identification of two clusters of patients based on CCDC6 and USP7 expession can possibly indicate the use of PARP-inhibitor drugs, in combination with USP7 inhibitor in addition to the DNA damage inducer RRx-001, that also acts as an immunomodulatory agent, offering novel therapeutic strategy for personalized medicine in bladder cancer patients."
5,H2AX,3014,86.4618540283077,29316551,2018,Chloroquine Enhances the Radiosensitivity of Bladder Cancer Cells by Inhibiting Autophagy and Activating Apoptosis.,"Cellular physiology and biochemistry : international journal of experimental cellular physiology, biochemistry, and pharmacology",Wang F; Tang J; Li P; Si S; Yu H; Yang X; Tao J; Lv Q; Gu M; Yang H; Wang Z,10.1159/000486222,H2AX,category; general,expression; prognostic; urine,False,False,False,False,True,False,True,H2AX,H2A.X; H2A/X; H2AFX,histone H2AX; H2A histone family member X; H2AX histone; histone H2A.x,H2A.X variant histone,"BACKGROUND/AIMS: Chloroquine was formerly used as an anti-malarial agent drug but has now been proven to be useful for various diseases. This study aimed to investigate the radiosensitizing effect of chloroquine in bladder cancer, with an emphasis on autophagy inhibition and apoptosis induction. METHODS: Bladder cancer cell lines were irradiated with or without chloroquine. Cell proliferation was determined by a Cell Counting Kit 8 assay. The radiosensitization effect of chloroquine was evaluated by clonogenic survival and progression of xenograft tumors. Cell apoptosis was detected by flow cytometry and western blot. Radiation-induced DNA double strand break was measured by the staining of γ-H2AX. In addition, autophagy was detected by western blot, immunofluorescence staining, and electron microscopy. RESULTS: The treatment with chloroquine alone inhibited the proliferation of bladder cancer cells in a dose-dependent manner. Low cytotoxic concentrations of chloroquine enhanced the radiation sensitivity of bladder cancer cells with a sensitization enhancement ratio of 1.53 and 1.40. Chloroquine also obviously weakened the repair of radiation-induced DNA damage. A combination of radiation and chloroquine enhanced the apoptosis rate of EJ and T24 cells and down-regulated the expression of Bcl-2 while up-regulating the expression of caspase-3. Additionally, the relevant markers of autophagy were obviously increased in the combined group, meaning that chloroquine inhibited autophagy induced by irradiation. Furthermore, subcutaneous xenograft tumors displayed that the combination of radiation and chloroquine could impede tumorigenesis in vivo. CONCLUSION: In summary, these results provided support that by inhibiting autophagy and activating apoptosis, chloroquine might be a potentially promising radiosensitizer in the radiation therapy of bladder cancer."
5,H2AX,3014,86.4618540283077,23946494,2013,γ-H2AX level in peripheral blood lymphocytes as a risk predictor for bladder cancer.,Carcinogenesis,Fernández MI; Gong Y; Ye Y; Lin J; Chang DW; Kamat AM; Wu X,10.1093/carcin/bgt270,H2AX,category; general,biomarker; diagnostic; prognostic; urine,False,False,True,False,False,False,False,H2AX,H2A.X; H2A/X; H2AFX,histone H2AX; H2A histone family member X; H2AX histone; histone H2A.x,H2A.X variant histone,"Identification of susceptibility to double-strand breaks (DSBs) may provide valuable information about individual bladder cancer (BC) risk. The formation of γ-H2AX foci is a highly sensitive marker for DNA DSBs induction. We assessed whether levels of γ-H2AX in peripheral blood lymphocytes (PBL) obtained after stimulation by ionizing radiation (IR) are able to predict BC risk. Patients were enrolled from an ongoing BC case-control study. Baseline- and IR-induced H2AX phosphorylation was assessed in PBL from 174 newly diagnosed and untreated BC patients and from 174 matched control subjects by a novel, image-based, high-throughput phenotypic assay. The ratio of γ-H2AX level of IR-treated cells to that of non-treated cells (baseline) was used as the parameter to assess the sensitivity to the mutagen. The mean γ-H2AX ratios were significantly higher for cases than for controls (1.43±0.14 versus 1.35±0.12; P = 8.45×10(-8)). This trend was irrespective of age, sex and smoking status. The risk estimates of BC for induced DSBs by tertile distributions in controls showed also a significant trend for increased risk at the highest tertile for the whole cohort (odds ratio = 5.16; 95% confidence interval = 2.69, 9.89; P = 7.78 × 10(-7)) as well as for each category. Our findings suggest that a higher susceptibility to induction of DSBs as measured by the γ-H2AX assay is significantly associated with an increased risk for BC. This might help to identify individuals at high risk for this cancer, adding new perspectives to established epidemiological and genetic risk factors. Further research of the role of γ-H2AX in biological processes of BC is warranted."
5,H2AX,3014,86.4618540283077,39717660,2025,Alterations in DNA Damage Repair Genes Before and After Neoadjuvant Cisplatin-based Chemotherapy in Muscle-invasive Bladder Cancer.,European urology open science,Lemberger U; Ernhofer B; Krieger S; Bruchbacher A; Oszwald A; Laukhtina E; Haitl A; Hassler MR; Englinger B; Compérat E; Shariat SF,10.1016/j.euros.2024.10.022,H2AX,general,,False,False,False,False,False,False,False,H2AX,H2A.X; H2A/X; H2AFX,histone H2AX; H2A histone family member X; H2AX histone; histone H2A.x,H2A.X variant histone,"BACKGROUND AND OBJECTIVE: The role of genetic variants in response to systemic therapy in muscle-invasive bladder cancer (MIBC) is still elusive. We assessed variations in genes involved in DNA damage repair (DDR) before and after cisplatin-based neoadjuvant chemotherapy (NAC) and correlation of alteration patterns with DNA damage and response to therapy. METHODS: Matched tissue from 46 patients with MIBC was investigated via Ion Torrent-based next-generation sequencing using a self-designed panel of 30 DDR genes. Phosphorylation of γ-histone 2A.X (H2AX) was analyzed via immunohistochemistry to evaluate DNA damage. Genetic variants were analyzed along with clinical data and quantitative phospho-H2AX data using the Kaplan-Meier method, Cox regression analysis, and factor analysis of mixed data. KEY FINDINGS AND LIMITATIONS: Twenty-five patients (54%) had a response (<pT2 pN0 cM0) to NAC. Responders had more somatic DDR gene variants in preNAC (53 vs 11; <i>p</i> < 0.001) and postNAC (51 vs 9; <i>p</i> = 0.038) tumor tissue in comparison to nonresponders, as well as significantly greater phosphorylation of H2AX after NAC. <i>ERCC2</i> was significantly co-mutated with <i>REV3L</i> among responders. Owing to the small cohort, no specific mutation was significantly positively associated with therapy response. However, accumulation of <i>CDK12</i>, <i>NBN</i>, <i>MSH3</i>, <i>MLH1</i>, <i>ATR</i>, <i>BRCA1</i>, <i>BRCA2</i>, <i>REVL3L</i>, and <i>SLX4</i> variants was observed for responders. CONCLUSIONS AND CLINICAL IMPLICATIONS: Patients with MIBC who responded to cisplatin-based NAC had more somatic DDR gene variants than nonresponders. Moreover, responders exhibited significantly greater DNA damage after NAC. PATIENT SUMMARY: Patients with muscle-invasive bladder cancer who have mutations in genes that are involved in repair of DNA damage are more likely to respond to cisplatin-based chemotherapy. Testing to identify these gene mutations could help in selecting the patients who are most likely to benefit from this treatment."
5,H2AX,3014,86.4618540283077,39930727,2025,Occupational health topics series on the effects of chemicals: epidemiological and toxicological risk assessments of ortho-toluidine for bladder cancer.,Journal of occupational health,Nakano M; Gi M; Toyooka T; Suzuki S; Wanibuchi H; Takebayashi T,10.1093/joccuh/uiaf005,H2AX,category; general,urine,False,False,False,True,False,False,False,H2AX,H2A.X; H2A/X; H2AFX,histone H2AX; H2A histone family member X; H2AX histone; histone H2A.x,H2A.X variant histone,"OBJECTIVES: Our aim was to report integrative evidence for the health risk assessment of ortho-toluidine (OT) in bladder cancer in a mini-review of the recent studies of humans, experimental animals, and OT skin permeability. METHODS: Bladder cancer cases were identified in workers in Japan who were occupationally exposed in 2014-2017 to aromatic amines, primarily to the human carcinogen OT. RESULTS: A key epidemiological study of 98 aromatic amine-exposed workers in Japan showed a clear OT exposure-response relationship with a standardized incidence ratio. A rat model experimental study also indicated that OT and acetoaceto-o-toluidine are potent bladder carcinogens. Multiple mechanisms of OT-related bladder cancer have been proposed: metabolic activation to reactive metabolites that bind DNA and proteins, mutagenicity, oxidative DNA damage, chromosomal damage, and cytotoxicity by OT. Recent comprehensive analyses of DNA adducts in rats identified a number of common oxidative DNA adducts, including 8-OHdG, in the rat urothelium and indicated that oxidative stress may play a crucial role in the development of urinary cancer caused by OT. The skin permeability of 6 aromatic amines (o-toluidine, aniline, p-toluidine, o-anisidine, 2,4-dimethylaniline, and o-chloroaniline) was examined with the use of a 3-dimensional (3D) reconstructed human skin model; ~70%-80% of the 6 aromatic amines had permeated through the 3D skin within 8 hours. Genotoxic potency testing in a human urothelial cell line using γ-H2AX, a marker of DNA damage, suggested that OT exhibited strong γ-H2AX generation. CONCLUSIONS: Prolonged dermal exposure to OT along with other genotoxic aromatic amines over many years may contribute to the development of bladder cancer."
5,H2AX,3014,86.4618540283077,32387221,2020,Comparative γ-H2AX analysis for assessment of the genotoxicity of six aromatic amines implicated in bladder cancer in human urothelial cell line.,Toxicology in vitro : an international journal published in association with BIBRA,Qi Y; Toyooka T; Nie J; Ohta H; Koda S; Wang RS,10.1016/j.tiv.2020.104880,H2AX; histone H2AX,category; general,prognostic,False,False,False,False,False,False,False,H2AX,H2A.X; H2A/X; H2AFX,histone H2AX; H2A histone family member X; H2AX histone; histone H2A.x,H2A.X variant histone,"Recently, it was reported that ten cases of bladder cancer occurred among employees, who handled several kinds of aromatic amines, at a Japanese chemical plant. The common aromatic amines were identified as ortho-toluidine, para-toluidine, aniline, ortho-chloroaniline, ortho-anisidine, and 2,4-dimethylaniline. All of these aromatic amines, except ortho-chloroaniline, have been found to be carcinogenic in animals and/or humans. Genotoxic events are known to be crucial steps in the initiation of cancer; information on the genotoxicity of these aromatic amines is insufficient and consistent results have not been obtained. In this study, we examined the genotoxicity of the six different aromatic amines associated with bladder cancer by assessing phosphorylated histone H2AX (γ-H2AX) in a cultured human urothelial cell line, 1T1. We showed that all six aromatic amines generated γ-H2AX. In addition, the γ-H2AX-inducing potential of these six aromatic amines was distinctly different; ortho-chloroaniline and 2,4-dimethylaniline showed particularly high potential, followed by ortho-toluidine, ortho-anisidine, para-toluidine ≒ aniline. The findings of this study may provide important information for the risk assessment of chemicals and for interpreting epidemiological studies on occupational bladder cancer."
5,H2AX,3014,86.4618540283077,27439749,2016,H2AX phosphorylation level in peripheral blood mononuclear cells as an event-free survival predictor for bladder cancer.,Molecular carcinogenesis,Turinetto V; Pardini B; Allione A; Fiorito G; Viberti C; Guarrera S; Russo A; Anglesio S; Ruo Redda MG; Casetta G; Cucchiarale G; Destefanis P; Oderda M; Gontero P; Rolle L; Frea B; Vineis P; Sacerdote C; Giachino C; Matullo G,10.1002/mc.22431,H2AX; histone H2AX,category; general,biomarker; prognostic; urine,True,False,False,False,True,False,False,H2AX,H2A.X; H2A/X; H2AFX,histone H2AX; H2A histone family member X; H2AX histone; histone H2A.x,H2A.X variant histone,"Bladder cancer (BC) has a typical aetiology characterized by a multistep carcinogenesis due to environmental exposures, genetic susceptibility, and their interaction. Several lines of evidence suggest that DNA repair plays a role in the development and progression of BC. In particular, the study of individual susceptibility to DNA double strand breaks (DSBs) may provide valuable information on BC risk, and help to identify those patients at high-risk of either recurrence or progression of the disease, possibly personalizing both surveillance and treatment. Among the different DSB markers, the most well characterized is phosphorylation of the histone H2AX (γ-H2AX). We assessed any potential role of γ-H2AX as a molecular biomarker in a case-control study (146 cases and 146 controls) to identify individuals with increased BC risk and at high-risk of disease recurrence or progression. We investigated γ-H2AX levels in peripheral blood mononuclear cells before and after their exposure to ionizing radiation (IR). We did not find any significant difference among cases and controls. However, we observed a significant association between γ-H2AX basal levels and risk of disease recurrence or progression. In particular, both BC patients as a whole and the subgroup of non-muscle invasive BC (NMIBC) with high basal H2AX phosphorylation levels had a decreased risk of recurrence or progression (for all BC HR 0.70, 95%CI 0.52-0.94, P = 0.02; for NMIBC HR 0.68, 95%CI 0.50-0.92, P = 0.01), suggesting a protective effect of basal DSB signaling. Our data suggest that γ-H2AX can be considered as a potential molecular biomarker to identify patients with a higher risk of BC recurrence. © 2015 Wiley Periodicals, Inc."
5,H2AX,3014,86.4618540283077,24940699,2014,Radiosensitization by thymidine phosphorylase inhibitor in thymidine phosphorylase negative and overexpressing bladder cancer cell lines.,"Nucleosides, nucleotides & nucleic acids",El-Naggar M; Ebbing E; Bijnsdorp I; van den Berg J; Peters GJ,10.1080/15257770.2014.892127,H2AX,category; general,expression; urine,False,False,False,False,False,False,True,H2AX,H2A.X; H2A/X; H2AFX,histone H2AX; H2A histone family member X; H2AX histone; histone H2A.x,H2A.X variant histone,"TAS-102 (trifluorothymidine [TFT] and thymidine phosphorylase inhibitor [TPI] in a molar ratio of 1:0.5) has activity in 5-fluorouracil resistant colon cancer. TPI is added to increase TFT's bioavailability. TFT has a dual mechanism of action by inhibiting thymidylate synthase and by its incorporation into DNA. Interesting radiosensitizing effects of TPI were recently reported. The aim of our study was to determine whether TP expression would affect radiosensitivity and to characterize the effect of TPI. Two bladder cancer cell lines RT112 (TP negative) and RT112/TP (TP overexpression) were tested for drug sensitivity and radiosensitivity (clonogenic assay), with and without TFT and/or TPI. Expression of γ H2AX was used as marker for DNA damage. RT112 cells were not more sensitive to TFT then RT112/TP cells. TPI alone did not inhibit cell growth of RT112 even at 100 μM, but inhibited that of RT112/TP by 27%. In both RT112 and RT112/TP cells 10 μM TPI did not or slightly affect radiosensitivity, but 100 μM TPI alone enhanced the radiation response (p<.05). TFT alone at 1 μM and in combination with 10 μM TPI did not affect the radiation response of both cell lines. TPI alone induced expression of ϒH2AX, which was increased in combination with radiation. In conclusion, TPI enhanced radiosensitivity at high concentrations, independent of TP expression, while TFT and TPI at a low concentration did not affect the radiosensitivity of RT112 and RT112/TP cell lines."
5,H2AX,3014,86.4618540283077,38254636,2023,Evaluation of the Mechanisms Involved in the Development of Bladder Toxicity following Exposure to Occupational Bladder Cancer Causative Chemicals Using DNA Adductome Analysis.,Biomolecules,Suzuki S; Gi M; Komiya M; Obikane A; Vachiraarunwong A; Fujioka M; Kakehashi A; Totsuka Y; Wanibuchi H,10.3390/biom14010036,H2AX,category; general,urine,False,False,False,True,False,False,False,H2AX,H2A.X; H2A/X; H2AFX,histone H2AX; H2A histone family member X; H2AX histone; histone H2A.x,H2A.X variant histone,"Occupational exposure to aromatic amines (AAs) is an important risk factor for urinary bladder cancer. This study aimed to evaluate the toxicity of AAs and analyze the carcinogenic mechanisms in rat bladder by comprehensive analysis of DNA adducts (DNA adductome). DNA was extracted from the bladder epithelia of rats treated with AAs, including acetoacet-<i>o</i>-toluidine (AAOT) and <i>o</i>-toluidine (OTD), and adductome analysis was performed. Principal component analysis-discriminant analysis revealed that OTD and AAOT observed in urinary bladder hyperplasia could be clearly separated from the controls and other AAs. After confirming the intensity of each adduct, four adducts were screened as having characteristics of the OTD/AAOT treatment. Comparing with the in-house DNA adduct database, three of four candidates were identified as oxidative DNA adducts, including 8-OH-dG, based on mass fragmentation together with high-resolution accurate mass (HRAM) spectrometry data. Therefore, findings suggested that oxidative stress may be involved in the toxicity of rat bladder epithelium exposed to AAs. Consequently, the administration of apocynin, an inhibitor of nicotinamide adenine dinucleotide phosphate oxidase, in six-week-old rats fed with 0.6% OTD in their diet resulted in simple hyperplastic lesions in the bladder that were suppressed by apocynin. The labeling indices of Ki67, γ-H2AX, and 8-OHdG were significantly decreased in an apocynin concentration-dependent manner. These findings indicate that oxidative stress may have contributed to the development of urinary cancer induced by OTD."
5,H2AX,3014,86.4618540283077,33496997,2021,Increased DNA strand breaks and neoplastic transformation in human bladder cells treated with pioglitazone.,Environmental and molecular mutagenesis,Atlı Şekeroğlu Z; Şekeroğlu V; Kontaş Yedier S; İlkun E; Liou LS,10.1002/em.22424,H2AX,category; general,prognostic; urine,False,False,False,False,False,False,False,H2AX,H2A.X; H2A/X; H2AFX,histone H2AX; H2A histone family member X; H2AX histone; histone H2A.x,H2A.X variant histone,"Pioglitazone (PIO), an oral hypoglycemic agent, is used in the treatment of type 2 diabetes. Some studies have suggested that an increased risk of bladder cancer with PIO exposure, while the others reported there is no such relationship. Therefore, it is doubtful whether PIO can increase the risk of bladder cancer. The effects of PIO on DNA damage and/or transformation of human bladder cells are not fully known. We investigated the effects of PIO on cytotoxicity, DNA single and double strand breaks and repair and neoplastic transformation in human bladder cells (hTU1) treated with 10, 20, and 40 μM PIO for 24, 48 and 72 hr. PIO decreased cell viability in a concentration-dependent manner. Increased levels of comet parameters showed that PIO and its metabolites can significantly induce DNA double strand breaks at all concentrations tested. PIO also significantly induced the formation of phosphorylated H2AX and p53 binding protein 1 foci. DNA damage was not repaired in a 24 hr recovery period. PIO can also induce malignant transformation of human bladder cells exhibiting loss of contact inhibition and anchorage independent growth. This is the first study to indicate that PIO can induce DNA damage and malignant transformation, reduce or alter the DNA repair capacity in human bladder cells. From these results, we suggest that patients with diabetes treated with PIO may have an increased risk of bladder cancer."
5,H2AX,3014,86.4618540283077,35279910,2022,2-mercaptobenzothiazole generates γ-H2AX via CYP2E1-dependent production of reactive oxygen species in urothelial cells.,Journal of biochemical and molecular toxicology,Qi Y; Toyooka T; Horiguchi H; Koda S; Wang RS,10.1002/jbt.23043,H2AX; histone H2AX,category; general,urine,False,False,False,False,False,False,False,H2AX,H2A.X; H2A/X; H2AFX,histone H2AX; H2A histone family member X; H2AX histone; histone H2A.x,H2A.X variant histone,"Ortho (o)-toluidine is a widely known carcinogenic substance associated with cancers of the human bladder. A study on British chemical factory workers exposed to 2-mercaptobenzothiazole, phenyl-β-naphthylamine, aniline, and o-toluidine demonstrated the crucial roles of o-toluidine, 2-mercaptobenzothiazole, and phenyl-β-naphthylamine in the development of bladder cancer. As genotoxic events are crucial steps in the initiation of cancer, in the present study, we aimed to examine the genotoxic potential of the four chemicals using phosphorylated histone H2AX (γ-H2AX), which is a sensitive and reliable marker of DNA damage, in cultured human urothelial cells. Of the four chemicals, 2-mercaptobenzothiazole was a particularly potent DNA-damaging agent. Moreover, mechanistic studies revealed that γ-H2AX generation by 2-mercaptobenzothiazole was mainly associated with the generation of reactive oxygen species via cytochrome P450 2E1-mediated metabolism. The findings of this study may provide information that is important for the assessment of risks associated with chemicals as well as the interpretation of epidemiological studies investigating occupational bladder cancer."
5,H2AX,3014,86.4618540283077,35677349,2022,Mechanism Study on Radiosensitization Effect of Curcumin in Bladder Cancer Cells Regulated by Filamin A.,Dose-response : a publication of International Hormesis Society,Wang Z; He S; Jiang M; Li X; Chen N,10.1177/15593258221100997,H2AX,general,,False,False,True,False,False,False,False,H2AX,H2A.X; H2A/X; H2AFX,histone H2AX; H2A histone family member X; H2AX histone; histone H2A.x,H2A.X variant histone,"OBJECTIVE: To study the radiosensitization effect of curcumin, a natural product with anti-inflammatory and anti-cancer properties, in bladder cancer cells and identify the specific role of FLNA gene in that process. METHODS: CCK-8 method was initially adopted to identify the proper interventional concentration of curcumin. T24 bladder cancer cells were subjected to CCK-8, flow cytometry, and colony formation assay to study the cell biological behaviors under different interventions. γ-H2AX test was performed to test the level of damage in T24 cells. RT-qPCR and Western blot were conducted to measure FLNA mRNA and protein levels. RESULTS: Low-dose curcumin (10, 20 μM) following X-ray exposure resulted in increased DNA damage, augmented apoptosis, and reduced proliferation of T24 cells. Certain radiosensitization was demonstrated when curcumin was applied at 10 μM. Additionally, elevation of FLNA gene and protein levels was also indicated upon combination treatment. CONCLUSION: Low-dose curcumin has certain radiosensitization effect in bladder cancer, where FLNA plays a certain regulatory role."
5,H2AX,3014,86.4618540283077,41990096,2026,The Physicochemical Synergy Effect of Nanosecond Pulsed Electric Fields (nsPEF) and cisplatin on reversing chemoresistance of bladder cancer.,PloS one,Guo D; Li X; Xu X; Chen X; Cheng H; Jiang J,10.1371/journal.pone.0346699,H2AX,category; general,expression; urine,False,False,False,True,False,False,True,H2AX,H2A.X; H2A/X; H2AFX,histone H2AX; H2A histone family member X; H2AX histone; histone H2A.x,H2A.X variant histone,"Nanosecond Pulsed Electric Field (nsPEF) is an intense electrical pulse technology with ultra-short duration (nanoseconds), capable of generating electric field intensities up to several kV/cm. By inducing irreversible electroporation for tumor tissue ablation, nsPEF triggers apoptosis in cancer cells, stimulates anti-tumor immune responses, and enhances exogenous gene transfection. As a primarily non-thermal technique, it offers advantages such as minimal tissue damage, high targeting efficiency, short treatment duration, and compatibility with other therapies. Currently demonstrating broad application potential in cancer treatment. Urothelial Bladder Carcinoma (UBC), accounting for over 90% of bladder cancers, originates from the transitional epithelium of the bladder's urothelium and represents the most common malignant tumor in the urinary system. Cisplatin (CDDP), a key chemotherapeutic agent for UBC, is particularly effective for recurrent or advanced-stage patients. However, repeated use often leads to drug resistance. This study investigates the cytotoxic effects of nsPEF on UBC cells and its inhibitory mechanisms against drug-resistant UBC. Through sustained gradient concentration induction of CDDP, we successfully established drug-resistant cell lines T24/CDDP and TCC/CDDP. After treatment with nsPEF on parental cell lines (T24, TCC) and their drug-resistant variants (T24/CDDP, TCC/CDDP), all cells exhibited time-and dose-dependent sensitivity. Western blot analysis revealed that the basal expression of γ-H2AX was significantly reduced in the drug-resistant cells (T24/CDDP, TCC/CDDP), while nsPEF treatment significantly upregulated its expression. In vivo experiments further demonstrated that nsPEF exhibited significant antitumor efficacy against tumor-bearing mice from T24/CDDP. Overall, nsPEF effectively induces apoptosis in T24, TCC, and their drug-resistant variants, with particularly potent effects on drug-resistant UBC cells. This enhanced effect may be attributed to nsPEF-induced more severe DNA damage in drug-resistant cells, as manifested by elevated γ-H2AX expression.. This study provides experimental evidence for applying nsPEF to overcome chemotherapy resistance in UBC."
5,H2AX,3014,86.4618540283077,37097310,2023,Effects of dose and human N-acetyltransferase 1 genetic polymorphism in benzidine metabolism and genotoxicity.,Archives of toxicology,Habil MR; Hein DW,10.1007/s00204-023-03497-1,H2AX,category; general,urine,False,False,False,True,False,False,False,H2AX,H2A.X; H2A/X; H2AFX,histone H2AX; H2A histone family member X; H2AX histone; histone H2A.x,H2A.X variant histone,Benzidine undergoes N-acetylation and following CYP1A2-catalyzed N-hydroxylation undergoes O-acetylation catalyzed by N-acetyltransferase 1 (NAT1). Benzidine exposure is associated with urinary bladder cancer but the effect of NAT1 genetic polymorphism on individual risk remains unclear. We used Chinese hamster ovary (CHO) cells transfected with human CYP1A2 and NAT1*4 allele (reference) or NAT1*14B (variant) to investigate the effects of dose and NAT1 polymorphism on benzidine metabolism and genotoxicity. Rates of benzidine N-acetylation in vitro were higher in CHO cells transfected with NAT1*4 compared to NAT1*14B. CHO cells transfected with NAT1*14B exhibited greater N-acetylation rates in situ than cells transfected with NAT1*4 at low doses of benzidine expected with environmental exposures but not at higher doses. NAT1*14B exhibited over tenfold lower apparent K<sub>M</sub> which resulted in higher intrinsic clearance for benzidine N-acetylation compared to CHO cells transfected with NAT1*4. Benzidine-induced hypoxanthine phosphoribosyl transferase (HPRT) mutations were higher in CHO cells transfected with NAT1*14B than with NAT1*4 (p < 0.001). Benzidine caused concentration-dependent increase in γ-H2AX signal (indicative of DNA double-strand breaks) in CHO cells transfected with NAT1*4 or NAT1*14B. CHO cells transfected with NAT1*14B exhibited significantly higher level of DNA damage than with NAT1*4 (p < 0.0001). Benzidine-induced ROS did not differ significantly (p > 0.05) between CHO cells transfected with NAT1*4 or NAT1*14B except at 50 μM. Levels of benzidine-induced DNA damage and reactive oxygen species (ROS) showed strong dose-dependent correlation. Our findings support human studies associating NAT1*14B with increased incidence or severity of urinary bladder cancer in workers exposed to benzidine.
5,H2AX,3014,86.4618540283077,35568224,2022,"Genotoxicity, oxidative stress and transcriptomic effects of Nitenpyram on human bone marrow mesenchymal stem cells.",Toxicology and applied pharmacology,Liu W; Li Z; Cui X; Luo F; Zhou C; Zhang J; Xing L,10.1016/j.taap.2022.116065,H2AX,general,,False,False,False,False,False,False,True,H2AX,H2A.X; H2A/X; H2AFX,histone H2AX; H2A histone family member X; H2AX histone; histone H2A.x,H2A.X variant histone,"Despite of the global contamination and ubiquitous exposure to nitenpyram (NIT), little knowledge is available on the adverse effects to human health, with some evidence referring to its genotoxic potency to non-target organisms and esophageal squamous papilloma in rats. Human bone marrow mesenchymal stem cells (hBMSCs) was employed as an in vitro model more relevant to humans to assess the potential genotoxicity of NIT and to understand the underlying mechanisms at cellular and molecular levels. Noncytotoxic concentrations of NIT, 50-2500 μg/mL, dose-dependently elevated micronucleus (MN) and nuclear bud (NB) frequencies to 8.7-29‰ and 15-35‰, respectively. Additional metabolism by rat liver S9 fraction decreased chromosome impairment by 27-52% on MN frequencies and 63-76% on NB frequencies. A commercial NIT product, containing 20% of NIT and 60% of pymetrozine, caused higher cytotoxicity and chromosome impairment in comparison with NIT alone. Expressions of genes responses to DNA damage, ATM, ATR, p53, p21, Bax, H2AX, and GADD45A were disturbed by NIT treatment. Reactive oxygen species (ROS) amount and superoxide dismutase (SOD) activity were enhanced by NIT. Comet assay showed that lower concentrations of NIT, 12.5-100 μg/mL, induced the DNA damage. Transcriptomic analysis identified 468 differentially expressed genes (p < 0.05, |log2(Foldchange)| ≥ 1), from which 22 pathways were enriched. Multiple affected pathways were related to cancer including viral carcinogenesis and bladder cancer. NIT may produce genotoxicity via inducing oxidative stress and deregulating PI3K/Akt, AMPK and mTOR signaling pathways, associated with carcinogenetic potency. While environmental levels of NIT alone may pose little risk to human health, attention should be paid to the health risk arose from the synergistic or additive effects that may exist among NEOs and other types of pesticides."
5,H2AX,3014,86.4618540283077,18638378,2008,Analysis of variants in DNA damage signalling genes in bladder cancer.,BMC medical genetics,Choudhury A; Elliott F; Iles MM; Churchman M; Bristow RG; Bishop DT; Kiltie AE,10.1186/1471-2350-9-69,H2AX,category; general,urine,False,False,False,False,False,False,False,H2AX,H2A.X; H2A/X; H2AFX,histone H2AX; H2A histone family member X; H2AX histone; histone H2A.x,H2A.X variant histone,"BACKGROUND: Chemicals from occupational exposure and components of cigarette smoke can cause DNA damage in bladder urothelium. Failure to repair DNA damage by DNA repair proteins may result in mutations leading to genetic instability and the development of bladder cancer. Immunohistochemistry studies have shown DNA damage signal activation in precancerous bladder lesions which is lost on progression, suggesting that the damage signalling mechanism acts as a brake to further tumorigenesis. Single nucleotide polymorphisms (SNPs) in DSB signalling genes may alter protein function. We hypothesized that SNPs in DSB signalling genes may modulate predisposition to bladder cancer and influence the effects of environmental exposures. METHODS: We recruited 771 cases and 800 controls (573 hospital-based and 227 population-based from a previous case-control study) and interviewed them regarding their smoking habits and occupational history. DNA was extracted from a peripheral blood sample and genotyping of 24 SNPs in MRE11, NBS1, RAD50, H2AX and ATM was undertaken using an allelic discrimination method (Taqman). RESULTS: Smoking and occupational dye exposure were strongly associated with bladder cancer risk. Using logistic regression adjusting for age, sex, smoking and occupational dye exposure, there was a marginal increase in risk of bladder cancer for an MRE11 3'UTR SNP (rs2155209, adjusted odds ratio 1.54 95% CI (1.13-2.08, p = 0.01) for individuals homozygous for the rare allele compared to those carrying the common homozygous or heterozygous genotype). However, in the hospital-based controls, the genotype distribution for this SNP deviated from Hardy-Weinberg equilibrium. None of the other SNPs showed an association with bladder cancer and we did not find any significant interaction between any of these polymorphisms and exposure to smoking or dye exposure. CONCLUSION: Apart from a possible effect for one MRE11 3'UTR SNP, our study does not support the hypothesis that SNPs in DSB signaling genes modulate predisposition to bladder cancer."
5,H2AX,3014,86.4618540283077,39866454,2025,The potential synergistic effect of combining doxorubicin with vorinostat in urothelial carcinoma therapy.,Heliyon,Shen CH; Wang SC; Lee KM; Liu HT; Huang SW; Wu JY; Liu YW,10.1016/j.heliyon.2024.e41589,H2AX,category; general,expression,False,False,False,False,False,False,True,H2AX,H2A.X; H2A/X; H2AFX,histone H2AX; H2A histone family member X; H2AX histone; histone H2A.x,H2A.X variant histone,"Bladder cancer ranks as the 9th most common type of cancer worldwide. Approximately 70 % of bladder cancers are diagnosed as non-muscle invasive, and they are treated with transurethral resection followed by intravesical therapy. Doxorubicin is one of the effective cytotoxic drugs used in intravesical and systemic therapy, but its cardiotoxicity and nephrotoxicity limit therapeutic dosages. Vorinostat is an anticancer drug used to treat cutaneous T-cell lymphoma, and it demonstrates potent combination effects in various anticancer treatments. We aim to investigate the combined effects and mechanisms of doxorubicin and vorinostat in human bladder cancer cells. Human bladder cancer cells (5637 and BFTC 905) were used in this study. Cell viability of 5637 and BFTC 905 cells decreases in a time- and dose-dependent manner when treated with doxorubicin or vorinostat. Compared to the single drug treatment, the combination of doxorubicin and vorinostat synergistically induces cell death in 5637 and BFTC 905 cells. Combination drug treatment improves the expression of apoptosis-related proteins, including cleaved PARP, cleaved caspase 8, cleaved caspase 9, cleaved caspase-3, and γ-H2AX in both cell lines. Cell viability of combined treatment in both cell lines is partially restored by pre-treating with Z-VAD-FMK, a pan-caspase inhibitor. Z-VAD-FMK also completely reduced the protein expression of cleaved caspase 3 and γ-H2AX, suggesting that combining doxorubicin and vorinostat leads to DNA strand breaks and apoptosis. Pre-treatment with Z-IETD-FMK, a specific caspase 8 inhibitor, shows a slight recovery of cell viability in 5637 and BFTC 905 cells following combined treatment. Cleaved caspase 8, and γ-H2AX proteins in both cell lines are totally inhibited, and cleaved PARP is partially inhibited. Pre-treatment with Ac-LEHD-CMK, a specific caspase 9 inhibitor, no cell viability recovery in both cell lines. These results indicate that the combination of doxorubicin and vorinostat activates the caspase 8 and caspase 9 apoptosis pathways, and induces DNA strand breaks mainly via the caspase 8 pathway. The combination of doxorubicin and vorinostat also significantly inhibits the growth of BFTC 905 tumorspheres and BFTC 905 xenograft tumors in mice. In conclusion, our findings demonstrate that the combination of doxorubicin with vorinostat could potentially serve as a new treatment regimen for urothelial bladder cancer, for avoiding the high-dose side effect of doxorubicin."
5,H2AX,3014,86.4618540283077,19293182,2009,"A novel human AlkB homologue, ALKBH8, contributes to human bladder cancer progression.",Cancer research,Shimada K; Nakamura M; Anai S; De Velasco M; Tanaka M; Tsujikawa K; Ouji Y; Konishi N,10.1158/0008-5472.CAN-08-3530,H2AX,category; general,expression; prognostic; urine,False,False,False,False,True,False,True,H2AX,H2A.X; H2A/X; H2AFX,histone H2AX; H2A histone family member X; H2AX histone; histone H2A.x,H2A.X variant histone,"We recently identified a novel human AlkB homologue, ALKBH8, which is expressed in various types of human cancers including human urothelial carcinomas. In examining the role and function of ALKBH8 in human bladder cancer development in vitro, we found that silencing of ALKBH8 through small interfering RNA transfection reduced reactive oxygen species (ROS) production via down-regulation of NAD(P)H oxidase-1 (NOX-1) and induced apoptosis through subsequent activation of c-jun NH(2)-terminal kinase (JNK) and p38. However, we also found that JNK and p38 activation resulted in phosphorylation of H2AX (gammaH2AX), a variant of mammalian histone H2A, which contributes to the apoptosis induced by silencing ALKBH8 and NOX-1. Silencing of ALKBH8 significantly suppressed invasion, angiogenesis, and growth of bladder cancers in vivo as assessed both in the chorioallantoic membrane assay and in an orthotopic mouse model using green fluorescent protein-labeled KU7 human urothelial carcinoma cells. Immunohistochemical examination showed high expression of ALKBH8 and NOX-1 proteins in high-grade, superficially and deeply invasive carcinomas (pT(1) and >pT(2)) as well as in carcinoma in situ, but not in low-grade and noninvasive phenotypes (pT(a)). These findings indicate an essential role for ALKBH8 in urothelial carcinoma cell survival mediated by NOX-1-dependent ROS signals, further suggesting new therapeutic strategies in human bladder cancer by inducing JNK/p38/gammaH2AX-mediated cell death by silencing of ALKBH8."
5,H2AX,3014,86.4618540283077,39619067,2024,Urothelial genotoxicity of environmental chemicals detected in the urine of healthy dogs and their owners.,Journal of clinical and translational science,Peterson HM; Holler JC; Boswell A; Trepanier LA,10.1017/cts.2024.546,H2AX,category; general,urine,False,False,False,True,False,False,False,H2AX,H2A.X; H2A/X; H2AFX,histone H2AX; H2A histone family member X; H2AX histone; histone H2A.x,H2A.X variant histone,"INTRODUCTION: Major risk factors for urothelial cell carcinoma (UCC) in people are smoking and occupational exposures. However, up to 30% of human UCC risk is still unexplained. Pet dogs develop UCC that models the clinical behavior of muscle-invasive human UCC. Dogs may therefore provide a useful model for non-tobacco, nonoccupational UCC risk. We previously found that nonsmoking human subjects and their pet dogs share exposures to the urothelial carcinogens acrolein and arsenic. We hypothesized that these urinary exposures would reach genotoxic concentrations in some individuals. METHODS: We exposed immortal and primary human and canine urothelial cells <i>in vitro</i> to acrolein and inorganic arsenic and used the γ-H2AX and comet assays to measure DNA damage. RESULTS: For acrolein, we found a genotoxic threshold of 1.1-4.4 μM in human cells and a threshold of 20.0-55.6 μM in canine cells. These findings are consistent with potentially genotoxic urinary acrolein exposures in 51% of healthy human subjects and 17% of pet dogs previously surveyed. For inorganic arsenic, we found a genotoxic threshold of ≥10 μM in canine and human cell lines. No healthy human or canine subject reached these urinary inorganic arsenic exposures when assayed at a single time point. CONCLUSIONS: Non-tobacco, nonoccupational acrolein exposures could increase the risk of early urothelial DNA damage in both people and pet dogs. Ongoing studies will assess these chemical exposures in the setting of UCC in both human and canine patients."
5,H2AX,3014,86.4618540283077,33272936,2021,Differential Effects of Clinically Relevant N- versus C-Terminal Truncating CDKN1A Mutations on Cisplatin Sensitivity in Bladder Cancer.,Molecular cancer research : MCR,Sikder RK; Ellithi M; Uzzo RN; Weader DJ; Metz AL; Behbahani A; McKenzie ER; El-Deiry WS; Abbosh PH,10.1158/1541-7786.MCR-19-1200,H2AX,category; general,urine,False,False,True,False,False,False,False,H2AX,H2A.X; H2A/X; H2AFX,histone H2AX; H2A histone family member X; H2AX histone; histone H2A.x,H2A.X variant histone,"Muscle-invasive bladder cancer (MIBC) frequently harbors mutations in the <i>CDKN1A</i> gene, which encodes the tumor suppressor protein p21, with the majority of alterations truncating the peptide. The effect of these mutations is poorly understood. We hypothesized that after DNA-damaging events, cells deficient in p21 would be unable to halt the cell cycle and efficiently repair DNA damage, thus proceeding down the apoptotic pathway. We used synthetic CRISPR guide RNAs to ablate the whole peptide (sg12, targeting the 12th amino acid) or the C-terminal proliferating cell nuclear antigen (PCNA)-binding domain (sg109) to mimic different p21-truncating mutations compared with a negative control (sgGFP) in bladder cancer cell lines. Loss of detectable p21 and a stable truncated p21 peptide were identified in sg12 and sg109 single-cell clones, respectively. We found that p21-deficient cells (sg12) were sensitized to cisplatin, while cells harboring distally truncated p21 (sg12 clones) demonstrated enhanced cisplatin resistance. p21-deficient sg12 clones demonstrated less repair of DNA-platinum adducts and increased γ-H2AX foci after cisplatin exposure, suggesting there was persistent DNA damage after p21 loss. p21-deficient sg12 clones were also unable to prevent the activation of CDK1 after DNA damage, and therefore, continued through the cell cycle, resulting in replication fork collapse, potentially explaining the observed cisplatin sensitization. sg109 clones were neither unable to sequester PCNA nor localize p21 to the nucleus after DNA damage, potentially explaining the chemoresistant phenotype. Our findings suggest that different <i>CDKN1A</i> truncations have different and perhaps disparate biology, and that there may be a duality of effect on cisplatin sensitivity depending on mutation context. IMPLICATIONS: Some truncating <i>CDKN1A</i> mutations generate a retained peptide that may have neomorphic functions and affect cisplatin sensitivity in patients with bladder cancer."
5,H2AX,3014,86.4618540283077,33504020,2021,"4,6,4'-Trimethylangelicin Photoactivated by Blue Light Might Represent an Interesting Option for Photochemotherapy of Non-Invasive Bladder Carcinoma: An In Vitro Study on T24 Cells.",Biomolecules,Sturaro G; Tasso A; Menilli L; Di Liddo R; Miolo G; Conconi MT,10.3390/biom11020158,H2AX,category; general,expression; prognostic; urine,False,False,False,False,False,False,True,H2AX,H2A.X; H2A/X; H2AFX,histone H2AX; H2A histone family member X; H2AX histone; histone H2A.x,H2A.X variant histone,"Photodynamic therapy (PDT) is frequently used to treat non-muscle invasive bladder cancer due its low toxicity and high selectivity. Since recurrence often occurs, alternative approaches and/or designs of combined therapies to improve PDT effectiveness are needed. This work aimed to evaluate the cytotoxicity of 4,6,4'-trimethylangelicin (TMA) photoactivated by blue light (BL) on human bladder cancer T24 cells and investigate the mechanisms underlying its biological effects. TMA/BL exerted antiproliferative activity through the induction of apoptosis without genotoxicity, as demonstrated by the expression levels of phospho-H2AX, an indicator of DNA double-stranded breaks. It also modulated the Wnt canonical signal pathway by increasing the phospho-β-catenin and decreasing the nuclear levels of β-catenin. The inhibition of this pathway was due to the modulation of the GSK3β phosphorylation state (Tyr 216) that induces a proteasomal degradation of β-catenin. Indeed, a partial recovery of nuclear β-catenin expression and reduction of its phosphorylated form after treatment with LiCl were detected. As demonstrated by RT-PCR and cytofluorimetric analysis, TMA/BL also decreased the expression of CD44v6, a marker of cancer stem cells. Taken together, our data suggest that TMA photoactivated by BL may represent an interesting option for the photochemotherapy of noninvasive bladder carcinomas, since this treatment is able to inhibit key pathways for tumour growth and progression in the absence of genotoxic effects."
5,H2AX,3014,86.4618540283077,20843819,2010,MRE11 expression is predictive of cause-specific survival following radical radiotherapy for muscle-invasive bladder cancer.,Cancer research,Choudhury A; Nelson LD; Teo MT; Chilka S; Bhattarai S; Johnston CF; Elliott F; Lowery J; Taylor CF; Churchman M; Bentley J; Knowles MA; Harnden P; Bristow RG; Bishop DT; Kiltie AE,10.1158/0008-5472.CAN-10-1202,H2AX,category; general,biomarker; expression; prognostic; urine; validation,False,False,False,False,True,True,True,H2AX,H2A.X; H2A/X; H2AFX,histone H2AX; H2A histone family member X; H2AX histone; histone H2A.x,H2A.X variant histone,"Radical radiotherapy and surgery achieve similar cure rates in muscle-invasive bladder cancer, but the choice of which treatment would be most beneficial cannot currently be predicted for individual patients. The primary aim of this study was to assess whether expression of any of a panel of DNA damage signaling proteins in tumor samples taken before irradiation could be used as a predictive marker of radiotherapy response, or rather was prognostic. Protein expression of MRE11, RAD50, NBS1, ATM, and H2AX was studied by immunohistochemistry in pretreatment tumor specimens from two cohorts of bladder cancer patients (validation cohort prospectively acquired) treated with radical radiotherapy and one cohort of cystectomy patients. In the radiotherapy test cohort (n = 86), low tumor MRE11 expression was associated with worse cancer-specific survival compared with high expression [43.1% versus 68.7% 3-year cause-specific survival (CSS), P = 0.012] by Kaplan-Meier analysis. This was confirmed in the radiotherapy validation cohort (n = 93; 43.0% versus 71.2%, P = 0.020). However, in the cystectomy cohort (n = 88), MRE11 expression was not associated with cancer-specific survival, commensurate with MRE11 being a predictive marker. High MRE11 expression in the combined radiotherapy cohort had a significantly better cancer-specific survival compared with the high-expression cystectomy cohort (69.9% versus 53.8% 3-year CSS, P = 0.021). In this validated immunohistochemistry study, MRE11 protein expression was shown and confirmed as a predictive factor associated with survival following bladder cancer radiotherapy, justifying its inclusion in subsequent trial designs. MRE11 expression may ultimately allow patient selection for radiotherapy or cystectomy, thus improving overall cure rates."
5,H2AX,3014,86.4618540283077,23624345,2013,Benzo[a]pyrene-mediated toxicity in primary pig bladder epithelial cells: a proteomic approach.,Journal of proteomics,Verma N; Pink M; Rettenmeier AW; Schmitz-Spanke S,10.1016/j.jprot.2013.04.016,H2A.X; H2A/X; H2AX; histone H2A.x,category; general,expression; urine,False,False,False,True,False,False,True,H2AX,H2A.X; H2A/X; H2AFX,histone H2AX; H2A histone family member X; H2AX histone; histone H2A.x,H2A.X variant histone,"UNLABELLED: The studies described in this paper deal with a sequence of cellular events induced by the environmental toxicant benzo[a]pyrene (B[a]P) that were investigated in primary urinary bladder epithelia cells (PUBEC) from pigs by using a proteomic approach. Two-dimensional (2DE) gel electrophoresis unveiled the differences in protein expression between cells exposed to 0.5 μM B[a]P for 24 h and control cells. Twenty-five differentially expressed proteins involved in DNA repair, mitochondrial dysfunction, and apoptosis were identified by matrix-assisted laser desorption/ionization time-of-flight mass spectrometry (MALDI-TOF-MS). These findings were supported by the concentration-dependent increase in olive tail moments as determined by the comet assay and by a time-dependent increase in histone H2A.x (H2AX) phosphorylation upon B[a]P exposure. On the other hand, the expression of voltage-dependent anion channel 2 (VDAC2), cathepsin D (CTSD), heat shock protein 27 (HSP27), and heat shock protein 70 (HSP70) hinted to apoptosis occurring through the intrinsic apoptotic mitochondrial pathway. Taken together, these data suggest that B[a]P is capable of inducing DNA damage in urinary bladder epithelial cells at low concentrations during a short exposure period, thus eventually leading to cell death by apoptosis. BIOLOGICAL SIGNIFICANCE: Epidemiological studies have indicated PAHs as potential candidates for initiating bladder cancer development, although the precise risk is still unknown (Kaufman et al. (2009)). In recent years, the understanding of the metabolic capacity of urothelial cells has broadened continuously; i.e. a wide range of xenobiotic metabolizing cytochrome P450 enzymes (CYP) were detected in urothelial cells from humans and animals (Roos et al., 2006; Guhe et al., 1996), thus indicating that urothelial cells are not only passively exposed to reactive metabolites but also actively by intracellularly producing reactive intermediates that can induce cancer. Moreover, small quantities of non-metabolized B[a]P and its hydroxylated derivatives have been identified in blood and urine (Rossella et al. (2009)). Thus, it appears plausible that B[a]P, a highly lipophilic compound, is taken up by the urothelium and metabolically activated to carcinogenic intermediates in these cells. In our previous studies with primary uroepithelial cells isolated from freshly slaughtered pigs we demonstrated the ability of these cells for a strong uptake of B[a]P and its conversion to the oxidative metabolite (3-OH-B[a]P) (Verma et al. (2012)). The present study is a continuation of this previous work exhibiting the effects of B[a]P exposure on cellular functions of PUBEC. The results indicated caspase-dependent apoptosis induced by B[a]P due to DNA damage (possibly lethal double-strand breaks as indicated by H2AX phosphorylation). Taken together, these studies provide strong evidence for the ability of B[a]P to act as a bladder carcinogen."
5,H2AX,3014,86.4618540283077,24820908,2014,Spongean alkaloids protect rat kidney cells against cisplatin-induced cytotoxicity.,Anti-cancer drugs,Funk F; Krüger K; Henninger C; Wätjen W; Proksch P; Thomale J; Fritz G,10.1097/CAD.0000000000000119,H2AX; histone H2AX,general,,False,False,False,False,False,False,False,H2AX,H2A.X; H2A/X; H2AFX,histone H2AX; H2A histone family member X; H2AX histone; histone H2A.x,H2A.X variant histone,"Nephrotoxicity is the major dose-limiting adverse effect of cisplatin (CisPt) and results from CisPt-induced damage of tubular cells. Nephroprotective strategies are preferential to improve supportive care in cancer. We investigated a subset of purified substances originating from various plants or from marine sponges as to their potency to protect rat renal tubular cells (NRK-52E) against the cytotoxic and genotoxic effects of cisplatin. Cotreatment with a substance pool containing five purified substances originating from marine sponges increased the viability of NRK-52E cells following cisplatin treatment. Cytoprotection was accompanied by a reduced level of DNA damage as indicated by a lower amount of S139 phosphorylated histone H2AX (γH2AX) 24 h after treatment. Cytoprotection and genoprotection by the sponge substance pool did not comprise the anthracycline derivative doxorubicin. The spongean alkaloid aaptamine was identified as major bioactive compound that mediates cisplatin resistance. Aeroplysinin-1 was less cytoprotective than aaptamine. Notably, aaptamine preferentially conferred resistance to cisplatin, but not to oxaliplatin. Cytoprotection by aaptamine was also observed in rat glomerular endothelial cells, but not in RT-112 bladder cancer cells. Protection by aaptamine does not rest on a reduced formation of DNA damage caused by cisplatin treatment. Aaptamine and aeroplysinin-1 affected cisplatin-stimulated DDR as reflected on the level of S15-phosphorlyated p53 and S345-phosphorylated checkpoint kinase-1. Summarizing, the spongean alkaloid aaptamine alleviates cisplatin-induced damage in tubular and glomerular rat kidney cells. Therefore, we hypothesize that aaptamine might be useful to widen the therapeutic window of a cisplatin-based therapeutic regimen."
5,H2AX,3014,86.4618540283077,30132044,2018,"2,4-Dimethylaniline generates phosphorylated histone H2AX in human urothelial and hepatic cells through reactive oxygen species produced by cytochrome P450 2E1.",Archives of toxicology,Qi Y; Toyooka T; Kashiwagi H; Yanagiba Y; Koda S; Ohta H; Wang RS,10.1007/s00204-018-2289-6,H2AX; histone H2AX,general,,False,False,False,False,False,False,False,H2AX,H2A.X; H2A/X; H2AFX,histone H2AX; H2A histone family member X; H2AX histone; histone H2A.x,H2A.X variant histone,"The Japanese Ministry of Health, Labour, and Welfare recently reported an outbreak of bladder cancer among workers who handled aromatic amines in Japan. 2,4-dimethylaniline (2,4-DMA) is one of the chemicals that workers are considered to have the most opportunities to be exposed. Genotoxic events are known to be crucial steps in the initiation of cancer. However, studies on the genotoxicity of 2,4-DMA are limited, particularly studies investigating the mechanism behind the genotoxicity by 2,4-DMA are completely lacking. We examined genotoxic properties of 2,4-DMA using phosphorylated histone H2AX (γ-H2AX), a sensitive and reliable marker of DNA damage, in cultured human urothelial and hepatic cells. Our results clearly showed that 2,4-DMA at a concentration range of 1-10 mM generates γ-H2AX in both cell lines, indicating that 2,4-DMA is genotoxic. During mechanistic investigation, we found that 2,4-DMA boosts intracellular reactive oxygen species, an effect clearly attenuated by disulfiram, a strong inhibitor of cytochrome P450 2E1 (CYP2E1). In addition, CYP2E1 inhibitors and the antioxidant, N-acetylcysteine, also attenuated γ-H2AX generation following exposure to 2,4-DMA. Collectively, these results suggest that γ-H2AX is formed following exposure to 2,4-DMA via reactive oxygen species produced by CYP2E1-mediated metabolism. Continuous exposure to genotoxic aromatic amines such as 2,4-DMA over a long period of time may have contributed to the development of bladder cancer. Our results provide important insights into the carcinogenicity risk of 2,4-DMA in occupational bladder cancer outbreaks at chemical plants in Japan."
5,H2AX,3014,86.4618540283077,27399778,2016,Cells Deficient in the Fanconi Anemia Protein FANCD2 are Hypersensitive to the Cytotoxicity and DNA Damage Induced by Coffee and Caffeic Acid.,Toxins,Burgos-Morón E; Calderón-Montaño JM; Orta ML; Guillén-Mancina E; Mateos S; López-Lázaro M,10.3390/toxins8070211,H2AX,category; general,prognostic,False,False,False,False,False,False,False,H2AX,H2A.X; H2A/X; H2AFX,histone H2AX; H2A histone family member X; H2AX histone; histone H2A.x,H2A.X variant histone,"Epidemiological studies have found a positive association between coffee consumption and a lower risk of cardiovascular disorders, some cancers, diabetes, Parkinson and Alzheimer disease. Coffee consumption, however, has also been linked to an increased risk of developing some types of cancer, including bladder cancer in adults and leukemia in children of mothers who drink coffee during pregnancy. Since cancer is driven by the accumulation of DNA alterations, the ability of the coffee constituent caffeic acid to induce DNA damage in cells may play a role in the carcinogenic potential of this beverage. This carcinogenic potential may be exacerbated in cells with DNA repair defects. People with the genetic disease Fanconi Anemia have DNA repair deficiencies and are predisposed to several cancers, particularly acute myeloid leukemia. Defects in the DNA repair protein Fanconi Anemia D2 (FANCD2) also play an important role in the development of a variety of cancers (e.g., bladder cancer) in people without this genetic disease. This communication shows that cells deficient in FANCD2 are hypersensitive to the cytotoxicity (clonogenic assay) and DNA damage (γ-H2AX and 53BP1 focus assay) induced by caffeic acid and by a commercial lyophilized coffee extract. These data suggest that people with Fanconi Anemia, or healthy people who develop sporadic mutations in FANCD2, may be hypersensitive to the carcinogenic activity of coffee."
5,H2AX,3014,86.4618540283077,30125265,2018,"Lapatinib, a Dual Inhibitor of Epidermal Growth Factor Receptor (EGFR) and HER-2, Enhances Radiosensitivity in Mouse Bladder Tumor Line-2 (MBT-2) Cells In Vitro and In Vivo.",Medical science monitor : international medical journal of experimental and clinical research,Mu Y; Sun D,10.12659/MSM.909865,H2AX,category; general,expression; prognostic; urine,False,False,False,True,True,False,True,H2AX,H2A.X; H2A/X; H2AFX,histone H2AX; H2A histone family member X; H2AX histone; histone H2A.x,H2A.X variant histone,"BACKGROUND The aim of this study was to evaluate the effect of lapatinib, a dual inhibitor of epidermal growth factor receptor (EGFR) and HER-2, on the radiosensitivity of murine bladder tumor line-2 (MBT-2) cells in vitro and in vivo. MATERIAL AND METHODS MBT-2 cells were pretreated with lapatinib at doses ranging from 200-1,000 nM for 30 min followed by radiation at doses ranging from 2.5-10 Gy for 30 min. A clonogenic assay (colony formation assay) assessed cell survival. Western blot measured phosphorylated epidermal growth factor receptor (p-EGFR), phosphorylated AKT (p-AKT), and phosphorylated HER-2 (p-HER2) and the apoptosis marker, PARP. The C3H/HeN mouse tumor xenograft model underwent subcutaneous injection of MBT-2 cells; mice were divided into four groups, treated with lapatinib (200 mg/kg), radiation (15 Gy), a combination of both, and with vehicle (control). RESULTS Lapatinib pretreatment, combined with radiation, decreased MBT-2 cell survival, and suppressed radiation-activated levels of p-EGFR and p-HER-2. MBT-2 cells treated with a 10 Gy dose of radiation and 1000 nM of lapatinib showed combination index (CI) values of <1 indicating synergy. Increased expression of γ-H2AX, indicated increased apoptosis. In mice with tumor xenografts, a daily dose of lapatinib (200 mg/kg/day) for seven days combined with radiation on the fourth day suppressed tumor growth to a greater degree than radiation alone. CONCLUSIONS Lapatinib treatment enhanced the radiation sensitivity in an in vitro and in vivo murine bladder cancer model by decreasing radiation-mediated EGFR and HER-2 activation, and by causing DNA damage leading to cell apoptosis."
5,H2AX,3014,86.4618540283077,23033491,2013,Antitumor activity of a duocarmycin analogue rationalized to be metabolically activated by cytochrome P450 1A1 in human transitional cell carcinoma of the bladder.,Molecular cancer therapeutics,Sutherland M; Gill JH; Loadman PM; Laye JP; Sheldrake HM; Illingworth NA; Alandas MN; Cooper PA; Searcey M; Pors K; Shnyder SD; Patterson LH,10.1158/1535-7163.MCT-12-0405,H2AX,category; general,expression; prognostic; urine,False,False,False,False,False,False,True,H2AX,H2A.X; H2A/X; H2AFX,histone H2AX; H2A histone family member X; H2AX histone; histone H2A.x,H2A.X variant histone,"We identify cytochrome P450 1A1 (CYP1A1) as a target for tumor-selective drug development in bladder cancer and describe the characterization of ICT2700, designed to be metabolized from a prodrug to a potent cytotoxin selectively by CYP1A1. Elevated CYP1A1 expression was shown in human bladder cancer relative to normal human tissues. RT112 bladder cancer cells, endogenously expressing CYP1A1, were selectively chemosensitive to ICT2700, whereas EJ138 bladder cells that do not express CYP1A1 were significantly less responsive. Introduction of CYP1A1 into EJ138 cells resulted in 75-fold increased chemosensitivity to ICT2700 relative to wild-type EJ138. Negligible chemosensitivity was observed in ICT2700 in EJ138 cells expressing CYP1A2 or with exposure of EJ138 cells to CYP1B1- or CYP3A4-generated metabolites of ICT2700. Chemosensitivity to ICT2700 was also negated in EJ138-CYP1A1 cells by the CYP1 inhibitor α-naphthoflavone. Furthermore, ICT2700 did not induce expression of the AhR-regulated CYP1 family, indicating that constitutive CYP1A1 expression is sufficient for activation of ICT2700. Consistent with the selective activity by CYP1A1 was a time and concentration-dependent increase in γ-H2AX protein expression, indicative of DNA damage, associated with the activation of ICT2700 in RT112 but not EJ138 cells. In mice-bearing CYP1A1-positive and negative isogenic tumors, ICT2700 administration resulted in an antitumor response only in the CYP1A1-expressing tumor model. This antitumor response was associated with detection of the CYP1A1-activated metabolite in tumors but not in the liver. Our findings support the further development of ICT2700 as a tumor-selective treatment for human bladder cancers."
5,H2AX,3014,86.4618540283077,19420803,2009,"Induction of mitosis delay, apoptosis and aneuploidy in human cells by phenyl hydroquinone, an Ames test-negative carcinogen.",Genes & genetic systems,Imai M; Matsuno R; Komura J; Ono T; Yamamoto K,10.1266/ggs.84.73,H2AX,general,,False,False,False,False,False,False,False,H2AX,H2A.X; H2A/X; H2AFX,histone H2AX; H2A histone family member X; H2AX histone; histone H2A.x,H2A.X variant histone,"Ortho-phenyl phenol and its hepatic derivative, phenyl hydroquinone, do not generate base-substitution-type mutations, but cause bladder cancer in rats and mice. The mechanism of their carcinogenic effect is unknown. We have previously shown that o-phenyl phenol and phenyl hydroquinone induce mitotic arrest and aneuploidy in Saccharomyces cerevisiae. To further delineate the mechanism of action of phenyl hydroquinone, we examined its effect on human cells. Treatment of the colon cancer cell line HCT116 with 0 to 150 microM phenyl hydroquinone caused a concentration-dependent inhibition of growth, accumulation of cells having G2/M DNA content, and an increase in the mitotic index. Moreover, a dose-dependent increase in apoptotic cells was observed. Finally, a high frequency of aneuploid cells was found. On the other hand, no increase in gamma-H2AX foci was observed. The results show that phenyl hydroquinone does induce mitotic arrest, apoptosis and aneuploidy in the absence of DNA damage. Our results may be useful to understand the mechanisms of action of chemical substances that are Ames test-negative carcinogens."
5,H2AX,3014,86.4618540283077,39244972,2024,FL118: A potential bladder cancer therapeutic compound targeting H2A.X identified through library screening.,Bioorganic chemistry,Fan G; Luo X; Shi Y; Wang Y; Ji L; Gong Y; Yang E; Chen C; Cui S; Ding H; Zhang Z; Wang J; Liu Y; Wang Z,10.1016/j.bioorg.2024.107802,H2A.X; H2A/X,general,,False,False,True,False,False,False,False,H2AX,H2A.X; H2A/X; H2AFX,histone H2AX; H2A histone family member X; H2AX histone; histone H2A.x,H2A.X variant histone,"The treatment of bladder cancer is limited by low drug efficacy and drug resistance. Hence, this study aimed to screen and identify potential drug precursors and investigate their mechanism of action. A set of camptothecin derivatives showing high anti-tumor potential was selected from early-stage research or literature and synthesized to construct a compound library. A total of 135 compounds were screened in T24 and J82 cells, revealing that FL118 significantly inhibited the proliferation of GC (gemcitabine + cisplatin)-sensitive/insensitive cells. FL118 exhibited excellent penetration and killing ability in organoids and three GC-insensitive patient-derived xenografts. Chemical proteomic and docking calculations were employed to identify binding proteins, indicating that FL118 can bind into H2A.X and its entwined DNA. The results of Cellular thermal shift assay and surface plasmon resonance (K<sub>d</sub> = 3.77E-6) support the above findings. Fluorescence localization revealed widespread binding of FL118 within the cell nucleus. Furthermore, WB showed that FL118 increased cellular DNA damage, resulting in significant cell cycle inhibition. The binding of FL118 to H2A.X hindered the damage repair process, leading to apoptosis. Controllable adverse reactions were observed in mice treated with FL118. In conclusion, FL118 may be a superior anti-bladder cancer compound that acts as a molecular glue binding to both H2A.X and DNA. The resistance mediated by the DNA damage repair to DNA damage caused by GC regimen can be reversed by FL118. This distinct mechanism of FL118 has the potential to complement existing mainstream treatment approaches for bladder cancer."
5,H2AX,3014,86.4618540283077,30952724,2019,Casticin Induces DNA Damage and Impairs DNA Repair in Human Bladder Cancer TSGH-8301 Cells.,Anticancer research,Huang AC; Cheng YD; Huang LH; Hsiao YT; Peng SF; Lu KW; Lien JC; Yang JL; Lin TS; Chung JG,10.21873/anticanres.13291,H2A.X; H2A/X,general,,False,False,False,False,False,False,True,H2AX,H2A.X; H2A/X; H2AFX,histone H2AX; H2A histone family member X; H2AX histone; histone H2A.x,H2A.X variant histone,"BACKGROUND/AIM: Casticin shows anti-cancer effects in many types of cancer. However, there is no information regarding its role in DNA damage in human bladder cancer. The aim of this study was to investigate the effects of casticin on TSGH-8301 cells in vitro. MATERIALS AND METHODS: Viability of cells was assayed by flow cytometry. DNA damage was assayed by DAPI staining, comet assay, and gel electrophoresis. Protein levels were examined by western blotting and confocal laser microscopy. RESULTS: Casticin decreased viability of cells and induced DNA damage. Furthermore, casticin decreased expression of p-ATM, p-ATR, MDC1 and MGMT levels after 48 h of treatment, however, it increased p-ATR and MGMT levels after 12 h. In contrast, casticin increased the levels of p-p53, p-H2A.X, and PARP after 48 h of treatment. As shown by confocal microscopy, casticin affected the translocation of DNA-PKcs and p-p53 to the nucleus of TSGH-8301 cells. CONCLUSION: Casticin decreased viability of human bladder cancer cells through DNA damage."
5,H2AX,3014,86.4618540283077,25667459,2015,Cantharidin induces DNA damage and inhibits DNA repair-associated protein expressions in TSGH8301 human bladder cancer cell.,Anticancer research,Kuo JH; Shih TY; Lin JP; Lai KC; Lin ML; Yang MD; Chung JG,,H2A.X; H2A/X; histone H2A.x,general,,False,False,False,False,False,False,True,H2AX,H2A.X; H2A/X; H2AFX,histone H2AX; H2A histone family member X; H2AX histone; histone H2A.x,H2A.X variant histone,"Cantharidin is an active component of mylabris, which has been used as a traditional Chinese medicine. Cantharidin has been shown to have antitumor activity against several types of human cancers in vitro and in animal models in vivo. We investigated whether cantharidin induces DNA damage and affects DNA damage repair-associated protein levels in TSGH8301 human bladder cancer cells. Using flow cytometry to measure viable cells, cantharidin was found to reduce the number of viable cells in a dose-dependent manner. Comet assay, 4',6-diamidino-2-phenylindole (DAPI) staining and DNA gel electrophoresis were used to measure DNA damage and condensation; the results indicated that cantharidin induced DNA damage (comet tail), DNA condensation (white DAPI staining) and DNA damage (DNA smear). Results from western blotting showed that cantharidin inhibited the expression of DNA-dependent serine/threonine protein kinase, poly-ADP ribose polymerase, phosphate-ataxia-telangiectasia and RAD3-related, O-6-methylguanine-DNA methyltransferase, breast cancer susceptibility protein 1, mediator of DNA damage checkpoint protein 1, phospho-histone H2A.X, but increased that of phosphorylated p53 following 6 and 24 h treatment. Confocal laser microscopy was used to examine the protein translocation; cantharidin suppressed the levels of p-H2A.X and MDC1 but increased the levels of p-p53 in TSGH8301 cells. In conclusion, we found that cantharidin-induced cell death may occur through the induction of DNA damage and suppression of DNA repair-associated protein expression in TSGH8301 cells."
5,H2AX,3014,86.4618540283077,26592553,2015,MLN4924 Synergistically Enhances Cisplatin-induced Cytotoxicity via JNK and Bcl-xL Pathways in Human Urothelial Carcinoma.,Scientific reports,Ho IL; Kuo KL; Liu SH; Chang HC; Hsieh JT; Wu JT; Chiang CK; Lin WC; Tsai YC; Chou CT; Hsu CH; Pu YS; Shi CS; Huang KH,10.1038/srep16948,H2A.X; H2A/X; histone H2A.x,general,,False,False,False,False,False,False,True,H2AX,H2A.X; H2A/X; H2AFX,histone H2AX; H2A histone family member X; H2AX histone; histone H2A.x,H2A.X variant histone,"Cisplatin-based chemotherapy is the primary treatment for metastatic bladder urothelial carcinoma. However, the response rate is only 40-65%. This study investigated the anti-tumor effect and underlying mechanisms of the combination of cisplatin and the NEDD8-activating enzyme inhibitor MLN4924 in human bladder urothelial carcinoma. The combination of cisplatin and MLN4924 exerted synergistic cytotoxicity on two high-grade bladder urothelial carcinoma cell lines, NTUB1 and T24 (combination index <1). MLN4924 also potentiated the cisplatin-induced apoptosis and activation of caspase-3 and -7, phospho-histone H2A.X and PARP. c-Jun N-terminal kinase (JNK) activation and a down-regulation of B-cell lymphoma-extra large (Bcl-xL) were also observed during cisplatin and MLN4924 treatment. Inhibition of JNK activation partially restored cell viability and Bcl-xL expression. Bcl-xL overexpression also rescued cell viability. MLN4924 significantly potentiated cisplatin-induced tumor suppression in urothelial carcinoma xenograft mice. In summary, MLN4924 synergistically enhanced the anti-tumor effect of cisplatin via an increase in DNA damage, JNK activation and down-regulation of Bcl-xL in urothelial carcinoma cells. These findings provide a new therapeutic strategy for the treatment of bladder cancer."
5,H2AX,3014,86.4618540283077,42144924,2026,Intravesical Delivery of P21 mRNA-Loaded Lipid Nanoparticles as a Tumor Suppressor Replacement Therapy for Bladder Cancer.,FASEB journal : official publication of the Federation of American Societies for Experimental Biology,Zeng J; Cao Z; Wang C; Xu Y,10.1096/fj.202600049R,H2A.X; H2A/X,general,,False,False,False,False,False,True,True,H2AX,H2A.X; H2A/X; H2AFX,histone H2AX; H2A histone family member X; H2AX histone; histone H2A.x,H2A.X variant histone,"Bladder cancer is characterized by high recurrence rates and limited long-term benefit from current intravesical therapies, highlighting the need for alternative localized treatment strategies. Among tumor suppressors altered in bladder cancer, CDKN1A, which encodes the cyclin-dependent kinase inhibitor p21, is recurrently inactivated and downregulated, supporting its potential as a target for tumor suppressor replacement. Here, we developed a non-viral therapeutic strategy based on chemically modified p21 mRNA encapsulated in lipid nanoparticles (p21-LNP) for intravesical delivery. Public dataset analysis, tissue microarray staining, and cell line validation showed that p21 expression decreases during bladder cancer progression and that endogenous p21 protein levels are very low in bladder cancer cells. In vitro, synthetic p21 mRNA achieved robust nuclear p21 expression and markedly suppressed bladder cancer cell proliferation, viability, and clonogenicity. Mechanistically, p21 restoration reduced retinoblastoma protein (Rb) phosphorylation, decreased Cyclin E, Cyclin B, and proliferating cell nuclear antigen (PCNA) expression, increased γ-H2A.X accumulation, and promoted apoptosis. The resulting p21-LNP showed favorable physicochemical properties for intravesical administration. In vivo, reporter mRNA-LNP mediated strong bladder-localized protein expression with limited and transient systemic distribution. In an orthotopic bladder cancer mouse model, repeated intravesical administration of p21-LNP significantly suppressed tumor growth, restored p21 expression in bladder tissues, and preserved urothelial architecture without obvious adverse effects. Together, these findings establish intravesical delivery of p21 mRNA-LNP as a clinically compatible strategy for localized tumor suppressor replacement therapy in bladder cancer."
5,H2AX,3014,86.4618540283077,23485510,2013,Methylation of a novel panel of tumor suppressor genes in urine moves forward noninvasive diagnosis and prognosis of bladder cancer: a 2-center prospective study.,The Journal of urology,García-Baquero R; Puerta P; Beltran M; Alvarez M; Sacristan R; Alvarez-Ossorio JL; Sánchez-Carbayo M,10.1016/j.juro.2013.01.105,H2AFX,general,,True,True,True,True,True,True,False,H2AX,H2A.X; H2A/X; H2AFX,histone H2AX; H2A histone family member X; H2AX histone; histone H2A.x,H2A.X variant histone,"PURPOSE: Changes in DNA methylation of tumor suppressor genes early in carcinogenesis represent potential indicators of cancer detection and disease evolution. We examined the diagnostic, stratification and prognostic biomarker roles in urine of the methylation of a novel panel of tumor suppressor genes in bladder cancer. MATERIAL AND METHODS: We evaluated the methylation of 18 tumor suppressor genes in 2 prospective, independent sets of urine samples (training set of 120 preparations and validation set of 128) from patients with bladder cancer (170) and controls (78) using methylation specific multiplex ligation-dependent probe amplification. Diagnostic performance was evaluated with ROC curves. Recurrence, progression and disease specific survival were analyzed using univariate and multivariate Cox models. RESULTS: PRDM2, HLTF, ID4, DLC1, BNIP3, H2AFX, CACNA1G, TGIF and CACNA1A were methylated in bladder cancer. CCND2, SCGB3A1, BNIP3, ID4 and RUNX3 were the most frequently methylated tumor suppressor genes in each urine set. Methylation of several tumor suppressor genes correlated with clinicopathological variables, such as stage, tumor grade, focality or age. ROC analysis revealed significant diagnostic accuracy for RUNX3 and CACNA1A in the training set, and for RUNX3 and ID4 in the validation set. On univariate and multivariate analysis CACNA1A methylation correlated with recurrence in the training set, while in the validation set PRDM2 and BNIP3 were significantly associated with recurrence and disease specific survival, respectively. CONCLUSIONS: Tumor suppressor gene methylation allowed for histopathological and clinical stratification. Urine methylation has noninvasive usefulness not only for diagnostic assessment but also as independent bladder cancer prognosticators."
5,H2AX,3014,86.4618540283077,24577895,2014,Methylation of tumor suppressor genes in a novel panel predicts clinical outcome in paraffin-embedded bladder tumors.,Tumour biology : the journal of the International Society for Oncodevelopmental Biology and Medicine,García-Baquero R; Puerta P; Beltran M; Alvarez-Mújica M; Alvarez-Ossorio JL; Sánchez-Carbayo M,10.1007/s13277-014-1767-6,H2AFX,general,,True,False,False,False,True,False,False,H2AX,H2A.X; H2A/X; H2AFX,histone H2AX; H2A histone family member X; H2AX histone; histone H2A.x,H2A.X variant histone,"DNA methylation of tumor suppressor genes (TSGs) represents a frequent and early epigenetic event with potential applications for cancer detection and disease evolution. Our aim was to examine the stratification and prognostic biomarker role of the methylation of a novel panel of TSGs in bladder cancer. The methylation status of 18 TSGs was evaluated in bladder cancer cells (n=14) and paraffin-embedded primary bladder tumors (n=61), using a methylation-specific multiplex ligation-dependent probe amplification assay (MS-MLPA). Recurrence, progression, and disease-specific survival were analyzed using univariate and multivariate Cox models. PRDM2, HLTF, ID4, DLC1, BNIP3, H2AFX, CACNA1G, TGIF, and CACNA1A were discovered methylated in bladder cancer. The methylation of RUNX3 (p=0.026), TWIST1 (p=0.009), SFRP4 (p=0.002), and CCND2 (p=0.027) correlated to tumor stage. Univariate analyses indicated prognostic associations for recurrence (DLC1, SFRP5, H2AFX, CACNA1G), progression (DLC1, SFRP5, CACNA1G), disease-specific (PRDM2, DLC1, SFRP5, CACNA1G, and TIMP3), and overall survival (SFRP5 and TIMP3). In multivariate analyses, several TSGs remained as independent prognosticators for recurrence (SFRP5, H2AFX), progression (CACNA1G), and disease-specific survival (SFRP5). Thus, a novel set of TSGs was identified, frequently methylated in bladder cancer cells and tumors. TSG methylation allowed histopathologic and outcome stratification using paraffin-embedded tumors. This is clinically relevant by offering a strategy for the management of patients affected with uroepithelial neoplasias in pathology routine laboratories."
5,H2AX,3014,86.4618540283077,22926521,2013,A high resolution genomic portrait of bladder cancer: correlation between genomic aberrations and the DNA damage response.,Oncogene,Schepeler T; Lamy P; Hvidberg V; Laurberg JR; Fristrup N; Reinert T; Bartkova J; Tropia L; Bartek J; Halazonetis TD; Pan CC; Borre M; Dyrskjøt L; Orntoft TF,10.1038/onc.2012.381,H2A histone family member X,general,,False,False,False,False,False,True,True,H2AX,H2A.X; H2A/X; H2AFX,histone H2AX; H2A histone family member X; H2AX histone; histone H2A.x,H2A.X variant histone,"One major challenge in cancer research is to understand the complex interplay between the DNA damage response (DDR), genomic integrity, and tumor development. To address these issues, we analyzed 43 bladder tumor genomes from 22 patients using single nucleotide polymorphism (SNP) arrays, and tissue expression of multiple DDR proteins, including Timeless and its interaction partner Tipin. The SNP profiles confirmed and extended known copy number alterations (CNAs) at high resolution, showed clustering of CNAs at nine common fragile sites, and revealed that most metachronous tumors were clonally related. The occurrence of many novel uniparental disomy regions (UPDs) was of potential functional importance in some tumors because UPDs spanned mutated FGFR3 and PIK3CA alleles, and also homozygous deletion of the CDKN2A tumor suppressor locus. The DDR signaling as evaluated by phospho-epitope-specific antibodies against Ser139-phosphorylated H2A histone family member X (γH2AX), ataxia telangiectasia mutated (ATM), and ATM- and Rad3-related (ATR) was commonly activated in tumors with both moderate and high extent of accumulated genomic aberrations, the latter tumors showing a more frequent loss of ATM expression. Strikingly, the tumor genomes exhibiting the most complex alterations were associated with a high Ki67-proliferation index, abundant Timeless but not Tipin expression, aberrant p53 expression, and homozygous CDKN2A deletions. Of clinical relevance, evaluation of a tissue microarray (TMA; n=319) showed that abundant Timeless expression was associated with risk of progression to muscle-invasive disease (P<0.0005; hazard ratio, 2.4; 95% confidence interval, 1.6-3.8) and higher T stage (P<0.05). Univariate analysis confirmed this association (P=0.006) in an independent cohort (n=241) but statistical significance was not reached in a multivariate model. Overall, our results are consistent with DDR activation preceding the accumulation of genomic aberrations. Tumors with extensive genomic rearrangements were associated with inactivation of CDKN2A, excessive proliferation, and robust Timeless expression, the latter also correlating with the risk of disease progression. Moreover, we provide evidence to suggest that UPDs likely contribute to bladder tumorigenesis."
6,TACC3,10460,86.2542618698994,37210288,2023,Genome-wide Association Study of Bladder Cancer Reveals New Biological and Translational Insights.,European urology,Koutros S; Kiemeney LA; Pal Choudhury P; Milne RL; Lopez de Maturana E; Ye Y; Joseph V; Florez-Vargas O; Dyrskjøt L; Figueroa J; Dutta D; Giles GG; Hildebrandt MAT; Offit K; Kogevinas M; Weiderpass E; McCullough ML; Freedman ND; Albanes D; Kooperberg C; Cortessis VK; Karagas MR; Johnson A; Schwenn MR; Baris D; Furberg H; Bajorin DF; Cussenot O; Cancel-Tassin G; Benhamou S; Kraft P; Porru S; Carta A; Bishop T; Southey MC; Matullo G; Fletcher T; Kumar R; Taylor JA; Lamy P; Prip F; Kalisz M; Weinstein SJ; Hengstler JG; Selinski S; Harland M; Teo M; Kiltie AE; Tardón A; Serra C; Carrato A; García-Closas R; Lloreta J; Schned A; Lenz P; Riboli E; Brennan P; Tjønneland A; Otto T; Ovsiannikov D; Volkert F; Vermeulen SH; Aben KK; Galesloot TE; Turman C; De Vivo I; Giovannucci E; Hunter DJ; Hohensee C; Hunt R; Patel AV; Huang WY; Thorleifsson G; Gago-Dominguez M; Amiano P; Golka K; Stern MC; Yan W; Liu J; Li SA; Katta S; Hutchinson A; Hicks B; Wheeler WA; Purdue MP; McGlynn KA; Kitahara CM; Haiman CA; Greene MH; Rafnar T; Chatterjee N; Chanock SJ; Wu X; Real FX; Silverman DT; Garcia-Closas M; Stefansson K; Prokunina-Olsson L; Malats N; Rothman N,10.1016/j.eururo.2023.04.020,TACC3,category; general,urine,False,False,False,False,False,False,False,TACC3,ERIC-1; ERIC1; Tacc4; maskin,transforming acidic coiled-coil-containing protein 3,transforming acidic coiled-coil containing protein 3,"BACKGROUND: Genomic regions identified by genome-wide association studies (GWAS) for bladder cancer risk provide new insights into etiology. OBJECTIVE: To identify new susceptibility variants for bladder cancer in a meta-analysis of new and existing genome-wide genotype data. DESIGN, SETTING, AND PARTICIPANTS: Data from 32 studies that includes 13,790 bladder cancer cases and 343,502 controls of European ancestry were used for meta-analysis. OUTCOME MEASUREMENTS AND STATISTICAL ANALYSES: Log-additive associations of genetic variants were assessed using logistic regression models. A fixed-effects model was used for meta-analysis of the results. Stratified analyses were conducted to evaluate effect modification by sex and smoking status. A polygenic risk score (PRS) was generated on the basis of known and novel susceptibility variants and tested for interaction with smoking. RESULTS AND LIMITATIONS: Multiple novel bladder cancer susceptibility loci (6p.22.3, 7q36.3, 8q21.13, 9p21.3, 10q22.1, 19q13.33) as well as improved signals in three known regions (4p16.3, 5p15.33, 11p15.5) were identified, bringing the number of independent markers at genome-wide significance (p < 5 × 10<sup>-8</sup>) to 24. The 4p16.3 (FGFR3/TACC3) locus was associated with a stronger risk for women than for men (p-interaction = 0.002). Bladder cancer risk was increased by interactions between smoking status and genetic variants at 8p22 (NAT2; multiplicative p value for interaction [p<sub>M-I</sub>] = 0.004), 8q21.13 (PAG1; p<sub>M-I</sub> = 0.01), and 9p21.3 (LOC107987026/MTAP/CDKN2A; p<sub>M-I</sub> = 0.02). The PRS based on the 24 independent GWAS markers (odds ratio per standard deviation increase 1.49, 95% confidence interval 1.44-1.53), which also showed comparable results in two prospective cohorts (UK Biobank, PLCO trial), revealed an approximately fourfold difference in the lifetime risk of bladder cancer according to the PRS (e.g., 1st vs 10th decile) for both smokers and nonsmokers. CONCLUSIONS: We report novel loci associated with risk of bladder cancer that provide clues to its biological underpinnings. Using 24 independent markers, we constructed a PRS to stratify lifetime risk. The PRS combined with smoking history, and other established risk factors, has the potential to inform future screening efforts for bladder cancer. PATIENT SUMMARY: We identified new genetic markers that provide biological insights into the genetic causes of bladder cancer. These genetic risk factors combined with lifestyle risk factors, such as smoking, may inform future preventive and screening strategies for bladder cancer."
6,TACC3,10460,86.2542618698994,40603902,2025,FGFR inhibitors promote the autophagic degradation of IFN-γ-induced PD-L1 and alleviate the PD-L1-mediated transcriptional suppression of FGFR3-TACC3 in non-muscle-invasive bladder cancer.,Cell death & disease,Lin YC; Chu CY; Hsieh TH; Lin BJ; Liou JP; Yen Y; Chen CH,10.1038/s41419-025-07821-8,TACC3,category; general,expression; urine,False,False,False,True,False,False,True,TACC3,ERIC-1; ERIC1; Tacc4; maskin,transforming acidic coiled-coil-containing protein 3,transforming acidic coiled-coil containing protein 3,"Bladder cancer (BC) is the second most prevalent genitourinary malignancy worldwide. Treatment options remain limited for patients with Bacillus Calmette-Guérin (BCG)-unresponsive non-muscle-invasive bladder cancer (NMIBC). Up to 70% of NMIBC cases harbor fibroblast growth factor receptor 3 (FGFR3) alterations, and FGFR inhibition has shown potential to enhance the efficacy of immune checkpoint inhibitor (ICI). Interferon (IFN)-γ, a cytokine produced by activated T cells and associated with better response to immunotherapy in BC, is a key inducer of PD-L1 expression in the tumor microenvironment. However, the interaction between FGFR inhibitors and IFN-γ-induced PD-L1 expression in FGFR3-activated NMIBC cells remains unclear. Here, we show that FGFR inhibitors significantly reduced IFN-γ-induced PD-L1 expression in NMIBC cells harboring FGFR3-TACC3 fusions. Mechanistically, FGFR inhibitors restored IFN-γ-suppressed SIRT1 expression, promoted LC3B deacetylation and nuclear export, and enhanced autophagy-lysosomal degradation of PD-L1. Blocking autophagy, overexpression SIGMAR1, or inhibiting lysosomal activity significantly reversed PD-L1 degradation. Notably, we demonstrate for the first time that IFN-γ-induced PD-L1 directly binds to the FGFR3 promoter and represses FGFR3-TACC3 transcription-an effect that can be rescued by FGFR inhibitors or PD-L1 knockdown. Functionally, FGFR inhibitors ameliorated PD1/PD-L1-mediated T cell suppression in co-culture assays. Together, these findings highlight a novel mechanism by which FGFR inhibitors suppress IFN-γ-induced PD-L1 via autophagy and suggest a potential strategy to improve ICI therapy in FGFR3-altered NMIBC."
6,TACC3,10460,86.2542618698994,40246827,2025,TACC3 enhances glycolysis in bladder cancer cells through inducing acetylation of c-Myc.,Cell death & disease,Lin Z; Liang F; Hong G; Jiang X; Zhang Q; Wang M,10.1038/s41419-025-07645-6,TACC3; transforming acidic coiled-coil-containing protein 3,category; general,expression; prognostic; urine,False,False,False,False,True,False,True,TACC3,ERIC-1; ERIC1; Tacc4; maskin,transforming acidic coiled-coil-containing protein 3,transforming acidic coiled-coil containing protein 3,"The proliferation of bladder cancer (BC) cells is driven by metabolic reprogramming, marked by a glycolytic dependency to sustain uncontrolled growth. While Transforming Acidic Coiled-Coil Containing Protein 3 (TACC3) is known to promote BC progression and correlate with poor prognosis, the mechanisms underlying its upregulation and role in aerobic glycolysis remain unclear. Here, we identify E2F3 as a direct transcriptional activator of TACC3, with its amplification in BC driving elevated TACC3 expression. TACC3 overexpression enhances glycolysis, increasing glucose consumption, lactate production, and expression of glycolytic enzymes (e.g., GLUT1, HK2, PFKFB3), while its knockdown suppresses these effects. Pharmacological inhibition of glycolysis abrogates TACC3-driven tumor growth in vitro and in vivo. Mechanistically, TACC3 interacts with c-Myc, promoting its acetylation at lysine 323 (K323) by recruiting the acetyltransferase PCAF and antagonizing the deacetylase SIRT1. This acetylation stabilizes c-Myc, amplifying its transcriptional activation of glycolytic targets. Our findings establish TACC3 as a critical regulator of c-Myc-driven metabolic reprogramming in BC, highlighting its potential as a therapeutic target to disrupt glycolysis and oncogenic c-Myc signaling."
6,TACC3,10460,86.2542618698994,37720238,2023,"Bladder cancer course, four genetic high-risk variants, and histopathological findings.",EXCLI journal,Kadhum T; Selinski S; Blaszkewicz M; Reinders J; Roth E; Volkert F; Ovsiannikov D; Moormann O; Gerullis H; Barski D; Otto T; Höhne S; Hengstler JG; Golka K,10.17179/excli2023-5862,TACC3; transforming acidic coiled-coil-containing protein 3,category; general,urine,False,False,False,True,False,False,False,TACC3,ERIC-1; ERIC1; Tacc4; maskin,transforming acidic coiled-coil-containing protein 3,transforming acidic coiled-coil containing protein 3,"Urinary bladder cancer, a smoking and occupation related disease, was subject of several genome-wide association studies (GWAS). However, studies on the course of the disease based on GWAS findings differentiating between muscle invasive bladder cancer (MIBC) and non-muscle invasive bladder cancer (NMIBC) are rare. Thus we investigated 4 single nucleotide polymorphisms (SNPs) detected in GWAS, related to the genes coding for TACC3 (transforming, acidic coiled-coil containing protein 3), for FGFR3 (fibroblast growth factor receptor 3), for PSCA (prostate stem cell antigen) and the genes coding for CBX6 (chromobox homolog 6) and APOBEC3A (apolipoprotein B mRNA editing enzyme, catalytic polypeptide-like 3A). This study is based on 712 bladder cancer patients and 875 controls from 3 different case control studies in Germany. The 4 SNPs of interest (PSCA rs2294008 and rs2978974, FGFR3-TACC3 rs798766, and CBX6-APOBEC3A rs1014971) were determined by real-time polymerase chain reaction. The distribution of the 4 SNPs does not vary significantly between cases and controls in the entire study group and in the 3 local subgroups, including two former highly industrialized areas and a region without such history. Also, no significant differences in the bladder cancer subgroups of MIBC and NMIBC were observed. The 4 investigated SNPs do not noticeably contribute differently to the bladder cancer risk for the bladder cancer subgroups of MIBC and NMIBC."
6,TACC3,10460,86.2542618698994,40978103,2025,Genetic susceptibility and environmental risk factors in bladder cancer: Evidence from the UK biobank.,"Bladder cancer (Amsterdam, Netherlands)",Bukavina L; Isali I; Parekh S; Psutka S; Uzzo N; Leonard S; Calaway A; Patel S; Grivas P; Jia A; Correa A; Brown JR; Kutikov A; Ponsky L; Uzzo R; Sindhani M; Catto J; Wu CW; Abbosh PH,10.1177/23523735251370863,TACC3,general,,False,False,False,False,False,False,False,TACC3,ERIC-1; ERIC1; Tacc4; maskin,transforming acidic coiled-coil-containing protein 3,transforming acidic coiled-coil containing protein 3,"PURPOSE: This study aims to identify specific genotypes within the UK Biobank (UKB) cohort contributing to a genetic predisposition for bladder cancer (UBC). It highlighted the impact of environmental exposures and the broader role of certain genes in UBC development, offering a comprehensive understanding of the genetic basis for UBC susceptibility. EXPERIMENTAL DESIGN: Leveraging the rich data from the UKB- a longitudinal study involving participants across the UK-the primary outcome was the presence of UBC, determined using ICD-10 and ICD-9 codes. The study employed rigorous Genome-Wide Association Study (GWAS) protocols, Phenome-Wide Association (PheWAS) frameworks, and gene-level pleiotropy analyses. Quality control measures were applied, such as single-nucleotide polymorphisms (SNP) missingness and minor allele frequency thresholds. Polygenic Risk Score (PRS) evaluations were also conducted based on the Mavaddat score using UKB's high-density genome-wide SNP dataset. RESULTS: Our GWAS identified significant associations between UBC risk and genetic variants, notably in the PSCA and TERT genes. The UGT1A polymorphism was found to be protective against UBC, particularly in heavy smokers. The PheWAS framework linked UBC-predisposition polymorphisms to other conditions, such as prostate cancer. CONCLUSIONS: Our GWAS identified significant associations between UBC risk and genetic variants across loci, including PSCA, TERT, TACC3 and TMEM129. The protective effect of the UGT1A variant against UBC, especially concerning tobacco exposure, suggests the potential for genetic-based preventive strategies in UBC management.<b>Patient summary</b> In our study of a large group from the United Kingdom (UK), we explored genetic factors that might increase the likelihood of developing UBC. We discovered that certain genetic changes offer protection against UBC, particularly in individuals exposed to tobacco smoke. Understanding these genetic factors could improve strategies for preventing and treating UBC."
6,TACC3,10460,86.2542618698994,41005586,2025,FGFR3 alteration sites and response rate to FGFR inhibitors in urothelial carcinoma.,Pharmacological research,Song Y; Jiang S; Peng Y; Du Y; Qin C; Xu T,10.1016/j.phrs.2025.107968,TACC3,category; general,urine,False,False,False,False,False,False,False,TACC3,ERIC-1; ERIC1; Tacc4; maskin,transforming acidic coiled-coil-containing protein 3,transforming acidic coiled-coil containing protein 3,"Dysregulation of fibroblast growth factor receptor (FGFR) signaling contributes to tumorigenesis and FGFRs have been clinically approved as treatment targets for FGFR inhibitor (FGFRi) in urothelial carcinoma (UC). The present study aimed to explore the correlations between different FGFR3 alteration sites and response to FGFRi. We involved a total of 1045 FGF/FGFR-altered UC patients treated with FGFRi, among whom 54.93 % carried FGFR3 mutations and 15.22 % carried FGFR3 fusions. Erdafitinib (47.37 %) was the most frequently used FGFRi drug in clinical studies. The objective response rate was 31.29 % in all participants. Higher frequencies of FGFR3-TACC3 fusion were positively correlated with elevated treatment response rates, particularly in complete response (coefficient=0.762, P = 0.028) and disease control (coefficient=0.786, P = 0.036), whereas FGFR3 S249C mutation showed a negative correlation with response. Similar results were identified in subgroup analyses. In conclusion, UC patients with FGFR3 fusions, especially FGFR3-TACC3 fusions, may benefit more from FGFRi than those with FGFR3 mutations, which highlighted the importance of FGFR3 alteration site test in determining the efficacy of FGFRi-based therapy and enhanced the patient benefit for FGF/FGFR-altered UC. Future studies with larger sample size and individual patient data are needed to confirm these findings and explore the underlying mechanisms of the differential response to FGFRi."
6,TACC3,10460,86.2542618698994,39717713,2024,CRISPR-Cas13a Targeting the FGFR3-TACC3 Fusion Gene Inhibits Proliferation of Bladder Cancer Cells in vitro and in vivo.,OncoTargets and therapy,Wang Y; Zhu J; Liu S; Sun Z; Wen G; Huang D; Chen M; Liu Y; Lin F,10.2147/OTT.S492659,TACC3,general,,False,False,False,False,False,False,False,TACC3,ERIC-1; ERIC1; Tacc4; maskin,transforming acidic coiled-coil-containing protein 3,transforming acidic coiled-coil containing protein 3,"INTRODUCTION: The FGFR3-TACC3 fusion gene exists in a variety of malignant tumors, including bladder cancer. In our ongoing research on the CRISPR-Cas13a gene-editing system, we reported the use of CRISPR-Cas13a gene-editing system to knockout FGFR3-TACC3 and inhibit the proliferation of bladder tumor cells. PURPOSE:  This study aimed to use the CRISPR-Cas13a gene-editing system to target the FGFR3-TACC3 fusion gene in bladder cancer cells, which has the potential to be a new and effective treatment for bladder cancer. MATERIALS AND METHODS: The efficacy of the CRISPR-Cas13a gene-editing system was analysed by qRT-PCR. The inhibitory effects of Cas13a-mediated knockdown of the FGFR3-TACC3 fusion gene on the proliferation of RT4 and RT112 cell lines were assessed utilizing CCK-8, EdU, and organoid formation assays. Subsequently, the comparative tumorigenic capability of RT4 cells with FGFR3-TACC3 knockdown achieved by Cas13a was examined in a nude mouse model. RESULTS: At the cellular level, the comparative analysis of FGFR3-TACC3 knockdown efficacy between CRISPR-Cas13a and shRNA revealed a more pronounced reduction with the former. This knockdown effectively curtailed cellular proliferation, with CRISPR-Cas13a-mediated knockdown exhibiting a superior inhibitory effect over shRNA-mediated knockdown. In organoid cultures derived from RT4 cells, a similar trend was observed, with Cas13a-mediated knockdown of FGFR3-TACC3 leading to a more substantial suppression of proliferation compared to shRNA-mediated knockdown. In vivo tumor models corroborated these findings, demonstrating a significantly diminished tumor volume in the Cas13a-treated cohort relative to both the control and shRNA-treated groups. CONCLUSION: The CRISPR-Cas13a gene-editing system has been demonstrated to significantly suppress tumor proliferation both in vitro and in vivo, thereby presenting itself as a promising candidate for a novel and efficacious therapeutic intervention in bladder cancer treatment."
6,TACC3,10460,86.2542618698994,28655970,2017,Association between the TACC3 rs798766 Polymorphism and Risk of Urinary Bladder Cancer: A Synthesis Based on Current Evidence.,Disease markers,Meng XY; Shi MJ; Chen JF; Liao Y; Hu BW; Hireche A,10.1155/2017/7850708,TACC3,category; general,urine,False,False,True,True,False,False,False,TACC3,ERIC-1; ERIC1; Tacc4; maskin,transforming acidic coiled-coil-containing protein 3,transforming acidic coiled-coil containing protein 3,"BACKGROUND: A possible association between the TACC3 rs798766 polymorphism and urinary bladder cancer risk has been indicated in published literature. We performed this meta-analysis as a synthesis of all relevant data to summarize currently available evidence and to provide estimation with increased precision. METHODS: EMBASE, PubMed, Google Scholar, and Wanfang Data were searched. ""rs798766"" and ""urinary bladder cancer"" were used as the search terms. A total of 6 eligible studies were identified, in which 8194 cases and 50,165 controls were investigated. Meta-analysis was performed using extracted data. Subgroup analysis by ethnicity was also performed. Population attributable risk (PAR) was calculated. RESULTS: We found a significant association between rs798766[T] and increased risk of bladder cancer, allelic[T] OR = 1.27, 95%CI = 1.20-1.33. Subgroup analysis by ethnicity revealed similar results, allelic[T] OR = 1.24, 95%CI = 1.17-1.32 in Caucasian subjects and allelic[T] OR = 1.33, 95%CI = 1.21-1.46 in Asian subjects. PAR based on pooled allelic ORs and the frequency of the risk allele in control subjects was 4.63% in the overall population and 3.92% in Asians and 4.36% in Caucasians. CONCLUSION: rs798766 is associated with increased risk of bladder cancer, and no ethnic difference was found."
6,TACC3,10460,86.2542618698994,31810398,2020,Erdafitinib for the treatment of metastatic bladder cancer.,Expert review of clinical pharmacology,Montazeri K; Bellmunt J,10.1080/17512433.2020.1702025,TACC3,category; general,urine,False,False,False,False,False,False,False,TACC3,ERIC-1; ERIC1; Tacc4; maskin,transforming acidic coiled-coil-containing protein 3,transforming acidic coiled-coil containing protein 3,"<b>Introduction</b>: Since the approval of immune checkpoint inhibitors (ICIs), there has been continuing and significant progress in urothelial cancer (UC) treatment. However, only about one fifth of UC patients respond to ICI. Recently, erdafitinib was developed for treating locally advanced or metastatic UC (mUC) with <i>FGFR3 or FGFR2</i> alterations, accounting for 15-20% of patients. Erdafitinib is the first targeted therapy ever approved for mUC.<b>Areas covered</b>: This review summarizes the preclinical and clinical data on erdafitinib for UC. PubMed search and relevant articles presented at international conferences were used for the literature search.<b>Expert opinion</b>: The FDA approval of erdafitinib provided a new treatment option for <i>FGFR</i>-altered UC progressing on platinum-based chemotherapy. It is not clear whether FGFR inhibitor is a preferred second-line treatment choice to ICI. Compared to ICI, erdafitinib has a better response rate in patients with visceral metastases. However, a shorter duration of response and toxicity profile of erdafitinib, particularly ocular toxicity, is an important consideration. Regular eye exams are recommended by the FDA. Tumor profiling during upfront therapy may help identify those who benefit at the time of progression. In summary, a high unmet need remains for new drugs in chemotherapy- and ICI-refractory UC."
6,TACC3,10460,86.2542618698994,33604498,2018,"Enrichment of FGFR3-TACC3 Fusions in Patients With Bladder Cancer Who Are Young, Asian, or Have Never Smoked.",JCO precision oncology,Nassar AH; Lundgren K; Pomerantz M; Van Allen E; Harshman L; Choudhury AD; Preston MA; Steele GS; Mouw KW; Wei XX; McGregor BA; Choueiri TK; Bellmunt J; Kwiatkowski DJ; Sonpavde GP,10.1200/PO.18.00013,TACC3; transforming acidic coiled-coil-containing protein 3,general,,False,False,False,False,False,False,False,TACC3,ERIC-1; ERIC1; Tacc4; maskin,transforming acidic coiled-coil-containing protein 3,transforming acidic coiled-coil containing protein 3,"PURPOSE: <i>FGFR3-TACC3</i> (fibroblast growth factor receptor 3-transforming acidic coiled coil-containing protein 3) fusions have recently been identified as driver mutations that lead to the activation of <i>FGFR3</i> in bladder cancer and other tumor types and are associated with sensitivity to tyrosine kinase inhibitors. We examined the clinical and molecular characteristics of patients with <i>FGFR3-TACC3</i> fusions and hypothesized that they are enriched in a subset of patients with bladder cancer. MATERIALS AND METHODS: We correlated somatic <i>FGFR3-TACC3</i> fusions with clinical and molecular features in two cohorts of patients with bladder cancer. The first cohort consisted of the muscle-invasive bladder cancer (MIBC) data set (n = 412) from The Cancer Genome Atlas. The second cohort consisted of patients with MIBC or high-grade non-MIBC at the Dana-Farber Cancer Institute that had targeted capture sequencing of a selected panel of cancer genes (n = 356). All statistical tests were two sided. The clinical response of one patient with <i>FGFR3-TACC3</i> bladder cancer to an FGFR3 inhibitor was investigated. RESULTS: Overall, 751 patients with high-grade bladder cancer without <i>FGFR3-TACC3</i> fusions and 17 with <i>FGFR3-TACC3</i> fusions were identified in the pooled analysis of the data sets from The Cancer Genome Atlas and the Dana-Farber Cancer Institute. <i>FGFR3-TACC3</i> fusions were enriched in patients age ≤ 50 years versus age 51 to 65 years versus those older than 65 years (pooled, <i>P</i> = .002), and were observed in four (12%) of 33 patients age ≤ 50 years in the pooled analysis. Similarly, <i>FGFR3-TACC3</i> fusions were significantly more common in Asians (13%) compared with African Americans (4%) and whites (2%; pooled, <i>P</i> < .001), as well as in never smokers (5.6%) compared with ever smokers (1.1%; pooled, <i>P</i> < .001). One patient with the fusion who was treated with an FGFR3 inhibitor achieved complete remission for 10 months. CONCLUSION: Clinical testing to identify <i>FGFR3</i> fusions should be prioritized for patients with bladder cancer who are younger, never smokers, and/or Asian."
6,TACC3,10460,86.2542618698994,29358577,2018,TACC3 transcriptionally upregulates E2F1 to promote cell growth and confer sensitivity to cisplatin in bladder cancer.,Cell death & disease,Lin ZR; Wang MY; He SY; Cai ZM; Huang WR,10.1038/s41419-017-0112-6,TACC3,category; general,expression; prognostic; urine,False,False,False,False,True,False,True,TACC3,ERIC-1; ERIC1; Tacc4; maskin,transforming acidic coiled-coil-containing protein 3,transforming acidic coiled-coil containing protein 3,"Accumulating evidence has shown that transforming acidic coiled-coil 3 (TACC3) is deregulated in a broad spectrum of cancers. In the present study, we reported that TACC3 was markedly elevated in bladder cancer, especially in muscle-invasive bladder cancers (MIBCs). The upregulation of TACC3 was positively associated with tumor invasiveness, grade, T stage, and progression in patients with bladder cancer. Furthermore, a Kaplan-Meier survival analysis showed that patients with bladder cancer whose tumors had high TACC3 expression experienced a dismal prognosis compared with patients whose tumors had low TACC3 expression. Functional studies have found that TACC3 is a prerequisite for the development of malignant characteristics of bladder cancer cells, including cell proliferation and invasion. Moreover, TACC3 promoted G1/S transition, which was mediated via activation of the transcription of E2F1, eventually enhancing cell proliferation. Notably, the overexpression of TACC3 or E2F1 indicates a high sensitivity to cisplatin. Taken together, these findings define a tumor-supportive role for TACC3, which may also serve as a prognostic and therapeutic indicator in bladder cancers."
6,TACC3,10460,86.2542618698994,35501832,2022,Dual targeting of FGFR3 and ERBB3 enhances the efficacy of FGFR inhibitors in FGFR3 fusion-driven bladder cancer.,BMC cancer,Weickhardt AJ; Lau DK; Hodgson-Garms M; Lavis A; Jenkins LJ; Vukelic N; Ioannidis P; Luk IY; Mariadason JM,10.1186/s12885-022-09478-4,TACC3,category; general,expression; urine,False,False,False,False,False,False,True,TACC3,ERIC-1; ERIC1; Tacc4; maskin,transforming acidic coiled-coil-containing protein 3,transforming acidic coiled-coil containing protein 3,"BACKGROUND: Mutations and fusions in Fibroblast Growth Factor Receptor 3 (FGFR3) occur in 10-20% of metastatic urothelial carcinomas and confer sensitivity to FGFR inhibitors. However, responses to these agents are often short-lived due to the development of acquired resistance. The objective of this study was to identify mechanisms of resistance to FGFR inhibitors in two previously uncharacterised bladder cancer cell lines harbouring FGFR3 fusions and assess rational combination therapies to enhance sensitivity to these agents. METHODS: Acquired resistance to FGFR inhibitors was generated in two FGFR3 fusion harbouring cell lines, SW780 (FGFR3-BAIAP2L1 fusion) and RT4 (FGFR3-TACC3 fusion), by long-term exposure to the FGFR inhibitor BGJ398. Changes in levels of receptor tyrosine kinases were assessed by phospho-RTK arrays and immunoblotting. Changes in cell viability and proliferation were assessed by the Cell-Titre Glo assay and by propidium iodide staining and FACS analysis. RESULTS: Long term treatment of FGFR3-fusion harbouring SW780 and RT4 bladder cancer cell lines with the FGFR inhibitor BGJ398 resulted in the establishment of resistant clones. These clones were cross-resistant to the clinically approved FGFR inhibitor erdafitinib and the covalently binding irreversible FGFR inhibitor TAS-120, but remained sensitive to the MEK inhibitor trametinib, indicating resistance is mediated by alternate activation of MAPK signalling. The FGFR inhibitor-resistant SW780 and RT4 lines displayed increased expression of pERBB3, and strikingly, combination treatment with an FGFR inhibitor and the ATP-competitive pan-ERBB inhibitor AZD8931 overcame this resistance. Notably, rapid induction of pERBB3 and reactivation of pERK also occurred in parental FGFR3 fusion-driven lines within 24 h of FGFR inhibitor treatment, and combination treatment with an FGFR inhibitor and AZD8931 delayed the reactivation of pERBB3 and pERK and synergistically inhibited cell proliferation. CONCLUSIONS: We demonstrate that increased expression of pERBB3 is a key mechanism of adaptive resistance to FGFR inhibitors in FGFR3-fusion driven bladder cancers, and that this also occurs rapidly following FGFR inhibitor treatment. Our findings demonstrate that resistance can be overcome by combination treatment with a pan-ERBB inhibitor and suggest that upfront combination treatment with FGFR and pan-ERBB inhibitors warrants further investigation for FGFR3-fusion harbouring bladder cancers."
6,TACC3,10460,86.2542618698994,40575843,2025,"LC-MF-4, a Novel FGFR3 Degrader for Therapeutic Intervention in FGFR3-Altered Cancers.",Journal of medicinal chemistry,Zheng L; Cao J; Ma L; Chen S; Cao X; Luo R; Wang Y; Ke D; Huang P; Liang G; Chen L,10.1021/acs.jmedchem.5c00731,TACC3,category; general,expression; urine,False,False,False,False,False,False,True,TACC3,ERIC-1; ERIC1; Tacc4; maskin,transforming acidic coiled-coil-containing protein 3,transforming acidic coiled-coil containing protein 3,"Alterations in the fibroblast growth factor receptor 3 (FGFR3) gene have been noted in human diseases, including bladder cancer and urothelial carcinoma (UC). Erdafitinib was approved for the treatment of UC but is limited by the progression of on-target gatekeeper resistance mutations. Several heterobifunctional FGFR degraders have been developed as potential therapeutic agents to block FGFR1 or FGFR2 signaling. However, to date, none of the FGFR3-active degraders have been identified. Herein, we report the discovery of LC-MF-4, the first efficient FGFR3 degrader, for the treatment of cancers harboring FGFR3 alterations. Proteomic analysis revealed that LC-MF-4 exhibits exceptional proteomic selectivity for FGFR3 degradation. In FGFR3-TACC3 fusion-positive cells, LC-MF-4 exerted its effects by suppressing the expression of genes involved in mitochondrial biogenesis and ATP synthesis. This study demonstrated robust antitumor activity of LC-MF-4 in the Ba/F3-FGFR3-TACC3 xenograft model, highlighting its potential for the treatment of FGFR3-altered cancers."
6,TACC3,10460,86.2542618698994,21380501,2011,"Genetic variants in urinary bladder cancer: collective power of the ""wimp SNPs"".",Archives of toxicology,Golka K; Selinski S; Lehmann ML; Blaszkewicz M; Marchan R; Ickstadt K; Schwender H; Bolt HM; Hengstler JG,10.1007/s00204-011-0676-3,TACC3,category; general,urine; validation,False,False,True,True,False,True,False,TACC3,ERIC-1; ERIC1; Tacc4; maskin,transforming acidic coiled-coil-containing protein 3,transforming acidic coiled-coil containing protein 3,"In recent years, genome-wide association studies (GWAS) have identified more than 300 validated associations between genetic variants and risk of approximately 70 common diseases. A small number of rare variants with a frequency of usually less than 1% are associated with a strongly enhanced risk, such as genetic variants of TP53, RB1, BRCA1, and BRCA2. Only a very small number of SNPs (with a frequency of more that 1% of the rare allele) have effects of a factor of two or higher. Examples include APOE4 in Alzheimer's disease, LOXL1 in exfoliative glaucoma, and CFH in age-related macular degeneration. However, the majority of all identified SNPs have odds ratios between 1.1 and 1.5. In the case of urinary bladder cancer, all known SNPs that have been validated in sufficiently large populations are associated with odds ratios smaller than 1.5. These SNPs are located next to the following genes: MYC, TP63, PSCA, the TERT-CLPTM1L locus, FGFR3, TACC3, NAT2, CBX6, APOBEC3A, CCNE1, and UGT1A. It is likely that these moderate risk or ""wimp SNPs"" interact, and because of their high number, collectively have a strong influence on whether an individual will develop cancer or not. It should be considered that variants identified so far explain only approximately 5-10% of the overall inherited risk. Possibly, the remaining variance is due to an even higher number of SNPs with odds ratios smaller than 1.1. Recent studies have provided the following information: (1) The functions of genes identified as relevant for bladder cancer focus on detoxification of carcinogens, control of the cell cycle and apoptosis, as well as maintenance of DNA integrity. (2) Many novel SNPs are far away from the protein coding regions, suggesting that these SNPs are located on distant-acting transcriptional enhancers. (3) The low odds ratio of each individual bladder cancer-associated SNP is too low to justify reasonable preventive measures. However, if the recently identified SNPs interact, they may collectively result in a substantial risk that is of preventive relevance. In addition to the ""novel SNPs"" identified by the recent GWAS, at least 163 further variants have been reported in relation to bladder cancer, although they have not been consistently validated in independent case-control series. Moreover, given that only 60 of these 163 ""old SNPs"" are covered by the SNP chips used in the recent GWAS, there are in principle 103 published variants still awaiting validation or disproval. In future, besides identifying novel disease-associated rare variants by deep sequencing, it will also be important to understand how the already identified variants interact."
6,TACC3,10460,86.2542618698994,40265014,2025,FGFR3-TACC3 fusion gene promotes glioblastoma malignant progression through the activation of STAT3 signaling pathway.,Frontiers in oncology,Li Y; Liang J; Ren X; Guo J; Wang X; Wang X; Yu S; Li T; Yang X,10.3389/fonc.2025.1560008,TACC3; transforming acidic coiled-coil-containing protein 3,category; general,expression; validation,False,False,True,False,False,True,True,TACC3,ERIC-1; ERIC1; Tacc4; maskin,transforming acidic coiled-coil-containing protein 3,transforming acidic coiled-coil containing protein 3,"OBJECTIVE: The Fibroblast growth factor receptors 3-transforming acidic coiled-coil-containing protein 3 (FGFR3-TACC3, F3-T3) oncogenic fusion gene, identified in malignant tumors such as gliomas and bladder cancer, has been particularly noted in recurrent gliomas where it is considered to drive malignant progression, thus presenting itself as a viable therapeutic target. However, the precise mechanism by which F3-T3 facilitates the malignant progression of glioma is not fully understood. METHODS: Correction analysis of STAT3 and FGFR3 with major glioma mutation types and pan-cancer analysis was conducted using The Cancer Genome Atlas (TCGA) database. A series of phenotypic experiments, including CCK-8, EdU, colony-formation assay, wound healing assay, and transwell assay were conducted to detect the effects of F3-T3 on proliferation, invasion, and migration of glioma cells. The association between F3-T3 and epithelial-mesenchymal transition (EMT) was investigated through enrichment analysis of the E-MTAB-6037 gene chip database and confirmed by western blot. The underling mechanism were further inferred and validated through RNA sequencing, E-MTAB-6037 gene chip data, and western blot. The relationship between p-STAT3 expression and the WHO grade of glioma was evaluated using immunohistochemistry (IHC) and tissue microarray analysis. Furthermore, the results of vivo experiments and IHC has confirmed the impact of F3-T3 on glioma malignant progression and activation of the STAT3 signaling pathway. RESULTS: The experimental results from this study indicate that F3-T3 accelerates the epithelial-mesenchymal transition (EMT) process in glioma cells, thereby promoting their proliferation, invasion, and migration capabilities. Mechanistically, it was determined through RNA sequencing that the signal transducer and activator of transcription 3 (STAT3) signaling pathway is crucial for the malignant progression of F3-T3. This finding was further supported through follow-up experiments conducted after STAT3 knockdown. The role of the STAT3 pathway in gliomas was also reinforced through bioinformatic analysis and immunohistochemistry (IHC) on tissue microarrays (TMA). Further <i>in vivo</i> experiments corroborated the role of F3-T3 in enhancing glioma growth and progression. CONCLUSION: F3-T3 facilitates the proliferation, invasion, migration and EMT of glioma cells, thereby promoting their malignant progression through STAT3 signaling activation. These findings highlight its potential as a therapeutic target for glioma treatment."
6,TACC3,10460,86.2542618698994,35085722,2022,Development of a degrader against oncogenic fusion protein FGFR3-TACC3.,Bioorganic & medicinal chemistry letters,Shibata N; Cho N; Koyama H; Naito M,10.1016/j.bmcl.2022.128584,TACC3; transforming acidic coiled-coil-containing protein 3,general,,False,False,False,False,False,False,False,TACC3,ERIC-1; ERIC1; Tacc4; maskin,transforming acidic coiled-coil-containing protein 3,transforming acidic coiled-coil containing protein 3,"Fibroblast growth factor receptor 3-transforming acidic coiled-coil containing protein 3 (FGFR3-TACC3), which has been identified in many cancers such as glioblastoma and bladder cancer, is a potent oncogenic fusion protein that induces constitutive activation of FGFR signaling, resulting in uncontrolled cell proliferation. Although several tyrosine kinase inhibitors against FGFR are currently under development, resistance to such types of inhibitors in patients has become a concern. In this study, a chimeric molecule SNIPER(TACC3)-11 (5a) was developed and found to reduce FGFR3-TACC3 levels effectively. Compound 5a conjugated KHS108 (a TACC3 ligand) to an LCL161 derivative (11) (an inhibitor of apoptosis protein [IAP] ligand) with a PEG linker (n = 2). Mechanistical analysis showed that cellular IAP1 was required for the reduction of FGFR3-TACC3 levels. Consistent with the decrease in FGFR3-TACC3 levels, compound 5a suppressed the growth of FGFR3-TACC3 positive cells. Thus, compound 5a is a candidate therapeutic with a novel drug modality against cancers that exhibit FGFR3-TACC3-dependent proliferation and exerts pharmacological effects distinct from FGFR3 kinase inhibitors because it lacks substructures crucial for kinase inhibition."
6,TACC3,10460,86.2542618698994,30213523,2019,Molecular Subtypes of Urothelial Bladder Cancer: Results from a Meta-cohort Analysis of 2411 Tumors.,European urology,Tan TZ; Rouanne M; Tan KT; Huang RY; Thiery JP,10.1016/j.eururo.2018.08.027,TACC3,category; general,biomarker; expression; prognostic; urine,True,False,False,False,True,False,True,TACC3,ERIC-1; ERIC1; Tacc4; maskin,transforming acidic coiled-coil-containing protein 3,transforming acidic coiled-coil containing protein 3,"BACKGROUND: Previous molecular subtyping for bladder carcinoma (BLCA) involved <450 samples, with diverse classifications. OBJECTIVE: To identify molecular subtypes by curating a large BLCA dataset. DESIGN, SETTING, AND PARTICIPANTS: Gene expression publicly available were combined and reanalyzed. The dataset contained 2411 unique tumors encompassing non-muscle-invasive (NMIBC) and muscle-invasive BLCA (MIBC). Subtypes were reproduced on The Cancer Genome Atlas, UROMOL, and IMvigor210. INTERVENTION: Subtypes were assigned by gene expression. OUTCOME MEASUREMENTS AND STATISTICAL ANALYSIS: Kaplan-Meier analyses were performed for subtype-clinical outcome correlations; Chi-square/Fisher exact tests were used for subtype-clinicopathological parameters associations. RESULTS AND LIMITATIONS: We identified six molecular subtypes with different overall survival (OS) and molecular features. Subtype Neural-like (median OS, 87 mo) is prevalent in MIBC and characterized by high WNT/β-catenin signaling. HER2-like (107.7 mo) is distributed evenly across NMIBC and MIBC, with higher ERBB2 amplification and signaling. Papillary-like (>135 mo), an NMIBC subtype enriched in urothelial differentiation genes, shows a high frequency of actionable FGFR3 mutations, amplifications, and FGFR3-TACC3 fusion. Luminal-like (91.7 mo), predominantly NMIBC, has higher MAPK signaling and more KRAS and KMT2C/D mutations than other subtypes. Mesenchymal-like (MES; 86.6 mo) and Squamous-cell carcinoma-like (SCC; 20.6 mo) are predominant in MIBC. MES is high in AXL signaling, whereas SCC has elevated PD1, CTLA4 signaling, and macrophage M2 infiltration. About 20% of NMIBCs show MIBC subtype traits and a lower 5-yr OS rate than Papillary-like NMIBC (81% vs 96%). The main limitations of our study are the incomplete clinical annotation, and the analyses were based on transcriptome subset due to comparisons across gene expression quantification technologies. CONCLUSIONS: BLCA can be stratified into six molecular subtypes. NMIBC, with a high risk of progression, displays the molecular features of MIBC. PATIENT SUMMARY: Biomarkers are urgently needed to guide patient treatment selection and avoid unnecessary toxicities in those who fail to respond. We believe molecular subtyping is a promising way to tailor disease management for those who will benefit most."
6,TACC3,10460,86.2542618698994,36780330,2023,Oncogenic driver FGFR3-TACC3 requires five coiled-coil heptads for activation and disulfide bond formation for stability.,Oncotarget,Wang CG; Peiris MN; Meyer AN; Nelson KN; Donoghue DJ,10.18632/oncotarget.28359,TACC3,general,,False,False,False,False,False,False,False,TACC3,ERIC-1; ERIC1; Tacc4; maskin,transforming acidic coiled-coil-containing protein 3,transforming acidic coiled-coil containing protein 3,"FGFR3-TACC3 represents an oncogenic fusion protein frequently identified in glioblastoma, lung cancer, bladder cancer, oral cancer, head and neck squamous cell carcinoma, gallbladder cancer, and cervical cancer. Various exon breakpoints of FGFR3-TACC3 have been identified in cancers; these were analyzed to determine the minimum contribution of TACC3 for activation of the FGFR3-TACC3 fusion protein. While TACC3 exons 11 and 12 are dispensable for activity, our results show that FGFR3-TACC3 requires exons 13-16 for biological activity. A detailed analysis of exon 13, which consists of 8 heptads forming a coiled coil, further defined the minimal region for biological activity as consisting of 5 heptads from exon 13, in addition to exons 14-16. These conclusions were supported by transformation assays of biological activity, examination of MAPK pathway activation, analysis of disulfide-bonded FGFR3-TACC3, and by examination of the Endoglycosidase H-resistant portion of FGFR3-TACC3. These results demonstrate that clinically identified FGFR3-TACC3 fusion proteins differ in their biological activity, depending upon the specific breakpoint. This study further suggests the TACC3 dimerization domain of FGFR3-TACC3 as a novel target in treating FGFR translocation driven cancers."
6,TACC3,10460,86.2542618698994,36827114,2023,Stellettin B Induces Cell Death in Bladder Cancer Via Activating the Autophagy/DAPK2/Apoptosis Signaling Cascade.,Marine drugs,Chang CH; Lin BJ; Chen CH; Nguyen NL; Hsieh TH; Su JH; Chen MC,10.3390/md21020073,TACC3,category; general,expression; prognostic; urine,False,False,False,False,True,False,True,TACC3,ERIC-1; ERIC1; Tacc4; maskin,transforming acidic coiled-coil-containing protein 3,transforming acidic coiled-coil containing protein 3,"Bladder cancer (BC) is one of the most prevalent cancers worldwide. However, the recurrence rate and five-year survival rate have not been significantly improved in advanced BC, and new therapeutic strategies are urgently needed. The anticancer activity of stellettin B (SP-2), a triterpene isolated from the marine sponge <i>Rhabdastrella</i> sp., was evaluated with the MTT assay as well as PI and Annexin V/7-AAD staining. Detailed mechanisms were elucidated through an NGS analysis, protein arrays, and Western blotting. SP-2 suppressed the viability of BC cells without severe toxicity towards normal uroepithelial cells, and it increased apoptosis with the activation of caspase 3/8/9, PARP, and γH2AX. The phosphorylation of FGFR3 and its downstream targets were downregulated by SP-2. Meanwhile, it induced autophagy in BC cells as evidenced by LC3-II formation and p62 downregulation. The inhibition of autophagy using pharmacological inhibitors or through an ATG5-knockout protected RT-112 cells from SP-2-induced cell viability suppression and apoptosis. In addition, the upregulation of DAPK2 mRNA and protein expression also contributed to SP-2-induced cytotoxicity and apoptosis. In RT-112 cells, an FGFR3-TACC3-knockout caused the downregulation of DAPK2, autophagy, and apoptosis. In conclusion, this is the first study demonstrating that SP-2 exhibits potent anti-BC activity by suppressing the FGFR3-TACC3/Akt/mTOR pathway, which further activates a novel autophagy/DAPK2/apoptosis signaling cascade."
6,TACC3,10460,86.2542618698994,22711262,2013,Systematic evaluation of bladder cancer risk-associated single-nucleotide polymorphisms in a Chinese population.,Molecular carcinogenesis,Ma Z; Hu Q; Chen Z; Tao S; Macnamara L; Kim ST; Tian L; Xu K; Ding Q; Zheng SL; Sun J; Xia G; Xu J,10.1002/mc.21932,TACC3,category; general,urine,False,False,False,False,False,False,False,TACC3,ERIC-1; ERIC1; Tacc4; maskin,transforming acidic coiled-coil-containing protein 3,transforming acidic coiled-coil containing protein 3,"Recently, genome-wide association studies (GWAS) have identified over 12 single-nucleotide polymorphisms (SNPs) associated with bladder cancer risk in populations of European descent. However, effects of these SNPs in bladder cancer have not been systemically evaluated in the Chinese population. We conducted association studies of 12 SNPs in a Chinese population of 184 cases and 962 controls. These SNPs were previously identified in European GWAS and a fine mapping study. The reported risk alleles of rs798766 on TACC3 at 4p16 and rs9624880 on MYC at 8q24 were significantly associated with increased bladder cancer risk with P-values of 0.003 and 0.03, respectively. Next, we performed a meta-analysis, by combining our study with previous association studies performed in Chinese. In the meta-analysis, the reported risk allele for four SNPs were significantly associated with increased bladder cancer risk, including rs798766 on TACC3 at 4p16, rs9624880 on MYC at 8q24, rs2294008 on PSCA at 8q24, and rs2736100 on TERT at 5p15. The meta-analysis P-values for the four SNPs ranged from 0.017 to 5.52E-05. The results from our study suggest that a sub-set of bladder cancer risk-associated SNPs identified from the European population are also associated with bladder cancer risk in the Chinese population. Additional studies with larger sample sizes are needed to further confirm our results."
6,TACC3,10460,86.2542618698994,24121792,2013,Whole-genome and whole-exome sequencing of bladder cancer identifies frequent alterations in genes involved in sister chromatid cohesion and segregation.,Nature genetics,Guo G; Sun X; Chen C; Wu S; Huang P; Li Z; Dean M; Huang Y; Jia W; Zhou Q; Tang A; Yang Z; Li X; Song P; Zhao X; Ye R; Zhang S; Lin Z; Qi M; Wan S; Xie L; Fan F; Nickerson ML; Zou X; Hu X; Xing L; Lv Z; Mei H; Gao S; Liang C; Gao Z; Lu J; Yu Y; Liu C; Li L; Fang X; Jiang Z; Yang J; Li C; Zhao X; Chen J; Zhang F; Lai Y; Lin Z; Zhou F; Chen H; Chan HC; Tsang S; Theodorescu D; Li Y; Zhang X; Wang J; Yang H; Gui Y; Wang J; Cai Z,10.1038/ng.2798,TACC3,category; general,urine,False,False,True,False,False,False,False,TACC3,ERIC-1; ERIC1; Tacc4; maskin,transforming acidic coiled-coil-containing protein 3,transforming acidic coiled-coil containing protein 3,"Bladder cancer is one of the most common cancers worldwide, with transitional cell carcinoma (TCC) being the predominant form. Here we report a genomic analysis of TCC by both whole-genome and whole-exome sequencing of 99 individuals with TCC. Beyond confirming recurrent mutations in genes previously identified as being mutated in TCC, we identified additional altered genes and pathways that were implicated in TCC. Notably, we discovered frequent alterations in STAG2 and ESPL1, two genes involved in the sister chromatid cohesion and segregation (SCCS) process. Furthermore, we also detected a recurrent fusion involving FGFR3 and TACC3, another component of SCCS, by transcriptome sequencing of 42 DNA-sequenced tumors. Overall, 32 of the 99 tumors (32%) harbored genetic alterations in the SCCS process. Our analysis provides evidence that genetic alterations affecting the SCCS process may be involved in bladder tumorigenesis and identifies a new therapeutic possibility for bladder cancer."
6,TACC3,10460,86.2542618698994,28855393,2017,FGFR3-TACC3 cancer gene fusions cause mitotic defects by removal of endogenous TACC3 from the mitotic spindle.,Open biology,Sarkar S; Ryan EL; Royle SJ,10.1098/rsob.170080,TACC3; transforming acidic coiled-coil-containing protein 3,category; general,expression; urine,False,False,False,True,False,False,True,TACC3,ERIC-1; ERIC1; Tacc4; maskin,transforming acidic coiled-coil-containing protein 3,transforming acidic coiled-coil containing protein 3,"Fibroblast growth factor receptor 3-transforming acidic coiled-coil containing protein 3 (FGFR3-TACC3; FT3) is a gene fusion resulting from rearrangement of chromosome 4 that has been identified in many cancers including those of the urinary bladder. Altered FGFR3 signalling in FT3-positive cells is thought to contribute to cancer progression. However, potential changes in TACC3 function in these cells have not been explored. TACC3 is a mitotic spindle protein required for accurate chromosome segregation. Errors in segregation lead to aneuploidy, which can contribute to cancer progression. Here we show that FT3-positive bladder cancer cells have lower levels of endogenous TACC3 on the mitotic spindle, and that this is sufficient to cause mitotic defects. FT3 is not localized to the mitotic spindle, and by virtue of its TACC domain, recruits endogenous TACC3 away from the spindle. Knockdown of the fusion gene or low-level overexpression of TACC3 partially rescues the chromosome segregation defects in FT3-positive bladder cancer cells. This function of FT3 is specific to TACC3 as inhibition of FGFR3 signalling does not rescue the TACC3 level on the spindle in these cancer cells. Models of FT3-mediated carcinogenesis should, therefore, include altered mitotic functions of TACC3 as well as altered FGFR3 signalling."
6,TACC3,10460,86.2542618698994,27029060,2016,Trichlorobenzene-substituted azaaryl compounds as novel FGFR inhibitors exhibiting potent antitumor activity in bladder cancer cells in vitro and in vivo.,Oncotarget,Chen CH; Liu YM; Pan SL; Liu YR; Liou JP; Yen Y,10.18632/oncotarget.8380,TACC3,category; general,urine,False,False,False,False,False,False,False,TACC3,ERIC-1; ERIC1; Tacc4; maskin,transforming acidic coiled-coil-containing protein 3,transforming acidic coiled-coil containing protein 3,"In the present study, we examined the antitumor activity of a series of trichlorobenzene-substituted azaaryl compounds and identified MPT0L145 as a novel FGFR inhibitor with better selectivity for FGFR1, 2 and 3. It was preferentially effective in FGFR-activated cancer cells, including bladder cancer cell lines expressing FGFR3-TACC3 fusion proteins (RT-112, RT-4). MPT0L145 decreased the phosphorylation of FGFR1, FGFR3 and their downstream proteins (FRS2, ERK and Akt). Mechanistically, cDNA microarray analysis revealed that MPT0L145 decreased genes associated cell cycle progression, and increased genes associated with autophagy pathway. Accordingly, the data revealed that MPT0L145 induced G0/G1 cell cycle arrest and decreased protein levels of cyclin E. Moreover, we provided the evidence that autophagy contributes to FGFR inhibitor-related cell death. Finally, MPT0L145 exhibited comparable antitumor activity to cisplatin with better safety in a RT-112 xenograft model. Taken together, these findings support the utility of MPT0L145 as a novel FGFR inhibitor, providing a strong rationale for further evaluation of this compound as a therapeutic agent for bladder cancers."
6,TACC3,10460,86.2542618698994,26869289,2016,Oncogenic Gene Fusion FGFR3-TACC3 Is Regulated by Tyrosine Phosphorylation.,Molecular cancer research : MCR,Nelson KN; Meyer AN; Siari A; Campos AR; Motamedchaboki K; Donoghue DJ,10.1158/1541-7786.MCR-15-0497,TACC3; transforming acidic coiled-coil-containing protein 3,category; general,expression,False,False,False,False,False,False,False,TACC3,ERIC-1; ERIC1; Tacc4; maskin,transforming acidic coiled-coil-containing protein 3,transforming acidic coiled-coil containing protein 3,"UNLABELLED: Fibroblast growth factor receptors (FGFR) are critical for cell proliferation and differentiation. Mutation and/or translocation of FGFRs lead to aberrant signaling that often results in developmental syndromes or cancer growth. As sequencing of human tumors becomes more frequent, so does the detection of FGFR translocations and fusion proteins. The research conducted in this article examines a frequently identified fusion protein between FGFR3 and transforming acidic coiled-coil containing protein 3 (TACC3), frequently identified in glioblastoma, lung cancer, bladder cancer, oral cancer, head and neck squamous cell carcinoma, gallbladder cancer, and cervical cancer. Using titanium dioxide-based phosphopeptide enrichment (TiO2)-liquid chromatography (LC)-high mass accuracy tandem mass spectrometry (MS/MS), it was demonstrated that the fused coiled-coil TACC3 domain results in constitutive phosphorylation of key activating FGFR3 tyrosine residues. The presence of the TACC coiled-coil domain leads to increased and altered levels of FGFR3 activation, fusion protein phosphorylation, MAPK pathway activation, nuclear localization, cellular transformation, and IL3-independent proliferation. Introduction of K508R FGFR3 kinase-dead mutation abrogates these effects, except for nuclear localization which is due solely to the TACC3 domain. IMPLICATIONS: These results demonstrate that FGFR3 kinase activity is essential for the oncogenic effects of the FGFR3-TACC3 fusion protein and could serve as a therapeutic target, but that phosphorylated tyrosine residues within the TACC3-derived portion are not critical for activity. Mol Cancer Res; 14(5); 458-69. ©2016 AACR."
6,TACC3,10460,86.2542618698994,26374428,2015,Modification of Occupational Exposures on Bladder Cancer Risk by Common Genetic Polymorphisms.,Journal of the National Cancer Institute,Figueroa JD; Koutros S; Colt JS; Kogevinas M; Garcia-Closas M; Real FX; Friesen MC; Baris D; Stewart P; Schwenn M; Johnson A; Karagas MR; Armenti KR; Moore LE; Schned A; Lenz P; Prokunina-Olsson L; Banday AR; Paquin A; Ylaya K; Chung JY; Hewitt SM; Nickerson ML; Tardón A; Serra C; Carrato A; García-Closas R; Lloreta J; Malats N; Fraumeni JF; Chanock SJ; Chatterjee N; Rothman N; Silverman DT,10.1093/jnci/djv223,TACC3,category; general,biomarker; expression; urine,True,False,False,False,False,False,True,TACC3,ERIC-1; ERIC1; Tacc4; maskin,transforming acidic coiled-coil-containing protein 3,transforming acidic coiled-coil containing protein 3,"Few studies have demonstrated gene/environment interactions in cancer research. Using data on high-risk occupations for 2258 case patients and 2410 control patients from two bladder cancer studies, we observed that three of 16 known or candidate bladder cancer susceptibility variants displayed statistically significant and consistent evidence of additive interactions; specifically, the GSTM1 deletion polymorphism (P interaction ≤ .001), rs11892031 (UGT1A, P interaction = .01), and rs798766 (TMEM129-TACC3-FGFR3, P interaction = .03). There was limited evidence for multiplicative interactions. When we examined detailed data on a prevalent occupational exposure associated with increased bladder cancer risk, straight metalworking fluids, we also observed statistically significant additive interaction for rs798766 (TMEM129-TACC3-FGFR3, P interaction = .02), with the interaction more apparent in patients with tumors positive for FGFR3 expression. All statistical tests were two-sided. The interaction we observed for rs798766 (TMEM129-TACC3-FGFR3) with specific exposure to straight metalworking fluids illustrates the value of integrating germline genetic variation, environmental exposures, and tumor marker data to provide insight into the mechanisms of bladder carcinogenesis."
6,TACC3,10460,86.2542618698994,30344944,2018,Oncogenic driver FGFR3-TACC3 is dependent on membrane trafficking and ERK signaling.,Oncotarget,Nelson KN; Meyer AN; Wang CG; Donoghue DJ,10.18632/oncotarget.26142,TACC3,general,,False,False,False,False,False,False,False,TACC3,ERIC-1; ERIC1; Tacc4; maskin,transforming acidic coiled-coil-containing protein 3,transforming acidic coiled-coil containing protein 3,"Fusion proteins resulting from chromosomal translocations have been identified as oncogenic drivers in many cancers, allowing them to serve as potential drug targets in clinical practice. The genes encoding FGFRs, Fibroblast Growth Factor Receptors, are commonly involved in such translocations, with the FGFR3-TACC3 fusion protein frequently identified in many cancers, including glioblastoma, cervical cancer, bladder cancer, nasopharyngeal carcinoma, and lung adenocarcinoma among others. FGFR3-TACC3 retains the entire extracellular domain and most of the kinase domain of FGFR3, with its C-terminal domain fused to TACC3. We examine here the effects of targeting FGFR3-TACC3 to different subcellular localizations by appending either a nuclear localization signal (NLS) or a myristylation signal, or by deletion of the normal signal sequence. We demonstrate that the oncogenic effects of FGFR3-TACC3 require either entrance to the secretory pathway or plasma membrane localization, leading to overactivation of canonical MAPK/ERK pathways. We also examined the effects of different translocation breakpoints in FGFR3-TACC3, comparing fusion at TACC3 exon 11 with fusion at exon 8. Transformation resulting from FGFR3-TACC3 was not affected by association with the canonical TACC3-interacting proteins Aurora-A, clathrin, and ch-TOG. We have shown that kinase inhibitors for MEK (Trametinib) and FGFR (BGJ398) are effective in blocking cell transformation and MAPK pathway upregulation. The development of personalized medicines will be essential in treating patients who harbor oncogenic drivers such as FGFR3-TACC3."
6,TACC3,10460,86.2542618698994,23175443,2013,Oncogenic FGFR3 gene fusions in bladder cancer.,Human molecular genetics,Williams SV; Hurst CD; Knowles MA,10.1093/hmg/dds486,TACC3,category; general,expression; urine,False,False,False,False,False,False,True,TACC3,ERIC-1; ERIC1; Tacc4; maskin,transforming acidic coiled-coil-containing protein 3,transforming acidic coiled-coil containing protein 3,"FGF receptor 3 (FGFR3) is activated by mutation or over-expression in many bladder cancers. Here, we identify an additional mechanism of activation via chromosomal re-arrangement to generate constitutively activated fusion genes. FGFR3-transforming acid coiled coil 3 (TACC3) fusions resulting from 4p16.3 re-arrangements and a t(4;7) that generates a FGFR3-BAI1-associated protein 2-like 1 (BAIAP2L1) fusion were identified in 4 of 43 bladder tumour cell lines and 2 of 32 selected tissue samples including the tumour from which one of the cell lines was derived. These are highly activated and transform NIH-3T3 cells. The FGFR3 component is identical in all cases and lacks the final exon that includes the phospholipase C gamma 1 (PLCγ1) binding site. Expression of the fusions in immortalized normal human urothelial cells (NHUC) induced activation of the mitogen-activated protein kinase pathway but not PLCγ1. A protein with loss of the terminal region alone was not as highly activated as the fusion proteins, indicating that the fusion partners are essential. The TACC3 fusions retain the TACC domain that mediates microtubule binding and the BAIAP2L1 fusion retains the IRSp53/MIM domain (IMD) that mediates actin binding and Rac interaction. As urothelial cell lines with FGFR3 fusions are extremely sensitive to FGFR-selective agents, the presence of a fusion gene may aid in selection of patients for FGFR-targeted therapy."
6,TACC3,10460,86.2542618698994,24784839,2014,FGFR3 translocations in bladder cancer: differential sensitivity to HSP90 inhibition based on drug metabolism.,Molecular cancer research : MCR,Acquaviva J; He S; Zhang C; Jimenez JP; Nagai M; Sang J; Sequeira M; Smith DL; Ogawa LS; Inoue T; Tatsuta N; Knowles MA; Bates RC; Proia DA,10.1158/1541-7786.MCR-14-0004,TACC3,category; general,expression; prognostic; urine,False,False,False,False,True,False,True,TACC3,ERIC-1; ERIC1; Tacc4; maskin,transforming acidic coiled-coil-containing protein 3,transforming acidic coiled-coil containing protein 3,"UNLABELLED: Activating mutations and/or overexpression of FGFR3 are common in bladder cancer, making FGFR3 an attractive therapeutic target in this disease. In addition, FGFR3 gene rearrangements have recently been described that define a unique subset of bladder tumors. Here, a selective HSP90 inhibitor, ganetespib, induced loss of FGFR3-TACC3 fusion protein expression and depletion of multiple oncogenic signaling proteins in RT112 bladder cells, resulting in potent cytotoxicity comparable with the pan-FGFR tyrosine kinase inhibitor BGJ398. However, in contrast to BGJ398, ganetespib exerted pleiotropic effects on additional mitogenic and survival pathways and could overcome the FGFR inhibitor-resistant phenotype of FGFR3 mutant-expressing 97-7 and MHG-U3 cells. Combinatorial benefit was observed when ganetespib was used with BGJ398 both in vitro and in vivo. Interestingly, two additional FGFR3 fusion-positive lines (RT4 and SW480) retained sensitivity to HSP90 inhibitor treatment by the ansamycins 17-AAG and 17-DMAG yet displayed intrinsic resistance to ganetespib or AUY922, both second-generation resorcinol-based compounds. Both cell lines, compared with RT112, expressed considerably higher levels of endogenous UGT1A enzyme; this phenotype resulted in a rapid glucuronidation-dependent metabolism and subsequent efflux of ganetespib from SW780 cells, thus providing a mechanism to account for the lack of bioactivity. IMPLICATIONS: Pharmacologic blockade of the molecular chaperone HSP90 represents a promising approach for treating bladder tumors driven by oncogenic gene rearrangements of FGFR3. Furthermore, UDP-glucuronosyltransferase enzyme expression may serve as a predictive factor for clinical response to resorcinol-based HSP90 inhibitors."
6,TACC3,10460,86.2542618698994,33241214,2020,RNAi technology targeting the <i>FGFR3-TACC3</i> fusion breakpoint: an opportunity for precision medicine.,Neuro-oncology advances,Parker Kerrigan BC; Ledbetter D; Kronowitz M; Phillips L; Gumin J; Hossain A; Yang J; Mendt M; Singh S; Cogdell D; Ene C; Shpall E; Lang FF,10.1093/noajnl/vdaa132,TACC3,category; general,prognostic,False,False,False,False,True,False,False,TACC3,ERIC-1; ERIC1; Tacc4; maskin,transforming acidic coiled-coil-containing protein 3,transforming acidic coiled-coil containing protein 3,"BACKGROUND: Fusion genes form as a result of abnormal chromosomal rearrangements linking previously separate genes into one transcript. The FGFR3-TACC3 fusion gene (F3-T3) has been shown to drive gliomagenesis in glioblastoma (GBM), a cancer that is notoriously resistant to therapy. However, successful targeting of F3-T3 via small molecular inhibitors has not revealed robust therapeutic responses, and specific targeting of F3-T3 has not been achieved heretofore. Here, we demonstrate that depleting F3-T3 using custom siRNA to the fusion breakpoint junction results in successful inhibition of F3-T3+ GBMs, and that exosomes can successfully deliver these siRNAs. METHODS: We engineered 10 unique siRNAs (iF3T3) that specifically spanned the most common F3-T3 breakpoint with varying degrees of overlap, and assayed depletion by qPCR and immunoblotting. Cell viability assays were performed. Mesenchymal stem cell-derived exosomes (UC-MSC) were electroporated with iF3T3, added to cells, and F3-T3 depletion measured by qPCR. RESULTS: We verified that depleting F3-T3 using shRNA to FGFR3 resulted in decreased cell viability and improved survival in glioma-bearing mice. We then demonstrated that 7/10 iF3T3 depleted F3-T3, and importantly, did not affect levels of wild-type (WT) FGFR3 or TACC3. iF3T3 decreased cell viability in both F3T3+ GBM and bladder cancer cell lines. UC-MSC exosomes successfully delivered iF3T3 in vitro, resulting in F3-T3 depletion. CONCLUSION: Targeting F3-T3 using siRNAs specific to the fusion breakpoint is capable of eradicating F3T3+ cancers without toxicity related to inhibition of WT FGFR3 or TACC3, and UC-MSC exosomes may be a plausible vehicle to deliver iF3T3."
6,TACC3,10460,86.2542618698994,29262532,2017,Unique signalling connectivity of FGFR3-TACC3 oncoprotein revealed by quantitative phosphoproteomics and differential network analysis.,Oncotarget,Lombardi B; Ashford P; Moya-Garcia AA; Rust A; Crawford M; Williams SV; Knowles MA; Katan M; Orengo C; Godovac-Zimmermann J,10.18632/oncotarget.22048,TACC3,category; general,expression,False,False,False,False,False,False,True,TACC3,ERIC-1; ERIC1; Tacc4; maskin,transforming acidic coiled-coil-containing protein 3,transforming acidic coiled-coil containing protein 3,"The FGFR3-TACC3 fusion is an oncogenic driver in diverse malignancies, including bladder cancer, characterized by upregulated tyrosine kinase activity. To gain insights into distinct properties of FGFR3-TACC3 down-stream signalling, we utilised telomerase-immortalised normal human urothelial cell lines expressing either the fusion or wild-type FGFR3 (isoform IIIb) for subsequent quantitative proteomics and network analysis. Cellular lysates were chemically labelled with isobaric tandem mass tag reagents and, after phosphopeptide enrichment, liquid chromatography-high mass accuracy tandem mass spectrometry (LC-MS/MS) was used for peptide identification and quantification. Comparison of data from the two cell lines under non-stimulated and FGF1 stimulated conditions and of data representing physiological stimulation of FGFR3 identified about 200 regulated phosphosites. The identified phosphoproteins and quantified phosphosites were further analysed in the context of functional biological networks by inferring kinase-substrate interactions, mapping these to a comprehensive human signalling interaction network, filtering based on tissue-expression profiles and applying disease module detection and pathway enrichment methods. Analysis of our phosphoproteomics data using these bioinformatics methods combined into a new protocol-Disease Relevant Analysis of Genes On Networks (DRAGON)-allowed us to tease apart pathways differentially involved in FGFR3-TACC3 signalling in comparison to wild-type FGFR3 and to investigate their local phospho-signalling context. We highlight 9 pathways significantly regulated only in the cell line expressing FGFR3-TACC3 fusion and 5 pathways regulated only by stimulation of the wild-type FGFR3. Pathways differentially linked to FGFR3-TACC3 fusion include those related to chaperone activation and stress response and to regulation of TP53 expression and degradation that could contribute to development and maintenance of the cancer phenotype."
6,TACC3,10460,86.2542618698994,42124891,2026,Development of an extended version of GALEAS bladder: Detection of FGFR3 fusions in urine and associations between genomic alterations and gene expression.,"Bladder cancer (Amsterdam, Netherlands)",Neil JL; Gordon NS; Goel A; Myumyun AN; Tura B; de Jong JJ; Davicioni E; Zeegers MP; Cheng KK; James ND; Neou M; Arnold R; Bryan RT; Ward DG,10.1177/23523735261447112,TACC3,category; general,diagnostic; expression; urine; validation,False,True,False,True,False,True,True,TACC3,ERIC-1; ERIC1; Tacc4; maskin,transforming acidic coiled-coil-containing protein 3,transforming acidic coiled-coil containing protein 3,"BACKGROUND: The latest bladder cancer (BC) urine tests based on multiple genomic and/or epigenomic markers detect BC with high sensitivity and specificity. The GALEAS Bladder (GB) gene panel covers several actionable mutations, including in FGFR3. OBJECTIVE: To modify GB to detect FGFR3 fusions as well as single nucleotide variants and assess its potential as a urine-based companion diagnostic. We also study tissue-urine concordance and associations between FGFR3 genomic alterations and FGFR3 expression. METHODS: Probes were added to GB covering the 3'-region of FGFR3. The new panel was used to analyse genomic DNA extracted from 158 frozen primary BCs. Mutation concordance was also analysed in 107 tumour-urine pairs. Associations between FGFR3 mutations and expression were analysed in 608 FFPE BCs with the Decipher Bladder transcriptome assay. RESULTS AND LIMITATIONS: FGFR3-TACC3 fusions were found in 3/3 positive controls and 4/158 frozen BCs. Fusions were also detectable in genomic DNA from FFPE tumour and urine cell pellet DNA. All fusions were corroborated by PCR and Sanger sequencing. FGFR3 mutation status in urine was 94.4% concordant (95% CI 87.7-97.7%); GB detected mutations in urine with 92.1% sensitivity (95% CI 81.7-97.0%) at 97.7% specificity (95% CI 86.5-99.9). All FGFR3 mutations were associated with increased FGFR3 expression. This is a proof-of-principle study, rather than definitive evidence of utility as a companion diagnostic, with the need for fusion detection validation in larger patient cohorts. CONCLUSIONS: In addition to BC detection, a modified version of GB demonstrates feasibility for tissue and urine-based detection of FGFR3 fusions."
6,TACC3,10460,86.2542618698994,27930669,2016,Development of RNA-FISH Assay for Detection of Oncogenic FGFR3-TACC3 Fusion Genes in FFPE Samples.,PloS one,Kurobe M; Kojima T; Nishimura K; Kandori S; Kawahara T; Yoshino T; Ueno S; Iizumi Y; Mitsuzuka K; Arai Y; Tsuruta H; Habuchi T; Kobayashi T; Matsui Y; Ogawa O; Sugimoto M; Kakehi Y; Nagumo Y; Tsutsumi M; Oikawa T; Kikuchi K; Nishiyama H,10.1371/journal.pone.0165109,TACC3,category; general,urine; validation,False,False,False,False,False,True,False,TACC3,ERIC-1; ERIC1; Tacc4; maskin,transforming acidic coiled-coil-containing protein 3,transforming acidic coiled-coil containing protein 3,"INTRODUCTION AND OBJECTIVES: Oncogenic FGFR3-TACC3 fusions and FGFR3 mutations are target candidates for small molecule inhibitors in bladder cancer (BC). Because FGFR3 and TACC3 genes are located very closely on chromosome 4p16.3, detection of the fusion by DNA-FISH (fluorescent in situ hybridization) is not a feasible option. In this study, we developed a novel RNA-FISH assay using branched DNA probe to detect FGFR3-TACC3 fusions in formaldehyde-fixed paraffin-embedded (FFPE) human BC samples. MATERIALS AND METHODS: The RNA-FISH assay was developed and validated using a mouse xenograft model with human BC cell lines. Next, we assessed the consistency of the RNA-FISH assay using 104 human BC samples. In this study, primary BC tissues were stored as frozen and FFPE tissues. FGFR3-TACC3 fusions were independently detected in FFPE sections by the RNA-FISH assay and in frozen tissues by RT-PCR. We also analyzed the presence of FGFR3 mutations by targeted sequencing of genomic DNA extracted from deparaffinized FFPE sections. RESULTS: FGFR3-TACC3 fusion transcripts were identified by RNA-FISH and RT-PCR in mouse xenograft FFPE tissues using the human BC cell lines RT112 and RT4. These cell lines have been reported to be fusion-positive. Signals for FGFR3-TACC3 fusions by RNA-FISH were positive in 2/60 (3%) of non-muscle-invasive BC (NMIBC) and 2/44 (5%) muscle-invasive BC (MIBC) patients. The results of RT-PCR of all 104 patients were identical to those of RNA-FISH. FGFR3 mutations were detected in 27/60 (45%) NMIBC and 8/44 (18%) MIBC patients. Except for one NMIBC patient, FGFR3 mutation and FGFR3-TACC3 fusion were mutually exclusive. CONCLUSIONS: We developed an RNA-FISH assay for detection of the FGFR3-TACC3 fusion in FFPE samples of human BC tissues. Screening for not only FGFR3 mutations, but also for FGFR3-TACC3 fusion transcripts has the potential to identify additional patients that can be treated with FGFR inhibitors."
6,TACC3,10460,86.2542618698994,20348956,2010,A sequence variant at 4p16.3 confers susceptibility to urinary bladder cancer.,Nature genetics,Kiemeney LA; Sulem P; Besenbacher S; Vermeulen SH; Sigurdsson A; Thorleifsson G; Gudbjartsson DF; Stacey SN; Gudmundsson J; Zanon C; Kostic J; Masson G; Bjarnason H; Palsson ST; Skarphedinsson OB; Gudjonsson SA; Witjes JA; Grotenhuis AJ; Verhaegh GW; Bishop DT; Sak SC; Choudhury A; Elliott F; Barrett JH; Hurst CD; de Verdier PJ; Ryk C; Rudnai P; Gurzau E; Koppova K; Vineis P; Polidoro S; Guarrera S; Sacerdote C; Campagna M; Placidi D; Arici C; Zeegers MP; Kellen E; Gutierrez BS; Sanz-Velez JI; Sanchez-Zalabardo M; Valdivia G; Garcia-Prats MD; Hengstler JG; Blaszkewicz M; Dietrich H; Ophoff RA; van den Berg LH; Alexiusdottir K; Kristjansson K; Geirsson G; Nikulasson S; Petursdottir V; Kong A; Thorgeirsson T; Mungan NA; Lindblom A; van Es MA; Porru S; Buntinx F; Golka K; Mayordomo JI; Kumar R; Matullo G; Steineck G; Kiltie AE; Aben KK; Jonsson E; Thorsteinsdottir U; Knowles MA; Rafnar T; Stefansson K,10.1038/ng.558,TACC3,category; general,prognostic; urine,False,False,False,True,False,False,False,TACC3,ERIC-1; ERIC1; Tacc4; maskin,transforming acidic coiled-coil-containing protein 3,transforming acidic coiled-coil containing protein 3,"Previously, we reported germline DNA variants associated with risk of urinary bladder cancer (UBC) in Dutch and Icelandic subjects. Here we expanded the Icelandic sample set and tested the top 20 markers from the combined analysis in several European case-control sample sets, with a total of 4,739 cases and 45,549 controls. The T allele of rs798766 on 4p16.3 was found to associate with UBC (odds ratio = 1.24, P = 9.9 x 10(-12)). rs798766 is located in an intron of TACC3, 70 kb from FGFR3, which often harbors activating somatic mutations in low-grade, noninvasive UBC. Notably, rs798766[T] shows stronger association with low-grade and low-stage UBC than with more aggressive forms of the disease and is associated with higher risk of recurrence in low-grade stage Ta tumors. The frequency of rs798766[T] is higher in Ta tumors that carry an activating mutation in FGFR3 than in Ta tumors with wild-type FGFR3. Our results show a link between germline variants, somatic mutations of FGFR3 and risk of UBC."
6,TACC3,10460,86.2542618698994,28108151,2017,A Functional Genetic Screen Identifies the Phosphoinositide 3-kinase Pathway as a Determinant of Resistance to Fibroblast Growth Factor Receptor Inhibitors in FGFR Mutant Urothelial Cell Carcinoma.,European urology,Wang L; Šuštić T; Leite de Oliveira R; Lieftink C; Halonen P; van de Ven M; Beijersbergen RL; van den Heuvel MM; Bernards R; van der Heijden MS,10.1016/j.eururo.2017.01.021,TACC3,category; general,urine,False,False,False,True,False,False,False,TACC3,ERIC-1; ERIC1; Tacc4; maskin,transforming acidic coiled-coil-containing protein 3,transforming acidic coiled-coil containing protein 3,"Activating mutations and translocations of the FGFR3 gene are commonly seen in urothelial cell carcinoma (UCC) of the bladder and urinary tract. Several fibroblast growth factor receptor (FGFR) inhibitors are currently in clinical development and response rates appear promising for advanced UCC. A common problem with targeted therapeutics is intrinsic or acquired resistance of the cancer cells. To find potential drug targets that can act synergistically with FGFR inhibition, we performed a synthetic lethality screen for the FGFR inhibitor AZD4547 using a short hairpin RNA library targeting the human kinome in the UCC cell line RT112 (FGFR3-TACC3 translocation). We identified multiple members of the phosphoinositide 3-kinase (PI3K) pathway and found that inhibition of PIK3CA acts synergistically with FGFR inhibitors. The PI3K inhibitor BKM120 acted synergistically with inhibition of FGFR in multiple UCC and lung cancer cell lines having FGFR mutations. Consistently, we observed an elevated PI3K-protein kinase B pathway activity resulting from epidermal growth factor receptor or Erb-B2 receptor tyrosine kinase 3 reactivation caused by FGFR inhibition as the underlying molecular mechanism of the synergy. Our data show that feedback pathways activated by FGFR inhibition converge on the PI3K pathway. These findings provide a strong rationale to test FGFR inhibitors in combination with PI3K inhibitors in cancers harboring genetic activation of FGFR genes."
6,TACC3,10460,86.2542618698994,24155119,2014,Genetic score of multiple risk-associated single nucleotide polymorphisms is a marker for genetic susceptibility to bladder cancer.,"Genes, chromosomes & cancer",Wang P; Ye D; Guo J; Liu F; Jiang H; Gong J; Gu C; Shao Q; Sun J; Zheng SL; Yu H; Lin X; Xia G; Fang Z; Zhu Y; Ding Q; Xu J,10.1002/gcc.22121,TACC3,category; general,urine; validation,False,False,False,False,False,True,False,TACC3,ERIC-1; ERIC1; Tacc4; maskin,transforming acidic coiled-coil-containing protein 3,transforming acidic coiled-coil containing protein 3,"Genome-wide association studies have identified 13 single nucleotide polymorphisms (SNPs) that are associated with bladder cancer; three of these SNPs were validated in the Chinese population. This study assessed the performance of these three SNPs, in combination, to predict genetic susceptibility to bladder cancer in Chinese. Three previously established bladder cancer risk-associated SNPs (rs798766 in TACC3, rs9642880 in MYC, and rs2294008 in PSCA) were genotyped in 1,210 bladder cancer patients and 1,008 control subjects in Shanghai, China. A genetic score was calculated for each subject based on these three SNPs. Each of these three SNPs was significantly associated with bladder cancer risk in this independent study population, P < 0.05. The genetic score based on these three SNPs was significantly higher in cases than controls, with a mean of 1.05 and 0.99, respectively, P = 1.03E-05. Compared with subjects with a genetic score <= 1.00, subjects with an elevated genetic score (>1.00) had a significantly increased risk for bladder cancer after adjusting for age, gender, and smoking status, OR = 1.58, 95% Confidence Interval (CI) = 1.21 - 2.06, P = 0.0007. When tested separately for lower (Ta) or higher (Tis, T1-T4) tumor stage, the association was significantly stronger for lower (OR = 2.24, 95% CI = 1.66 - 3.01, P = 1.02E-07) than higher tumor stage (OR = 1.33, 95% CI = 1.00 - 1.78, P = 0.05), P = 0.001. In conclusion, A combination of three previously implicated bladder cancer risk-associated SNPs is a significant predictor of genetic susceptibility to bladder cancer in Chinese."
6,TACC3,10460,86.2542618698994,32957974,2020,Whole-exome sequencing reveals potential mechanisms of drug resistance to FGFR3-TACC3 targeted therapy and subsequent drug selection: towards a personalized medicine.,BMC medical genomics,Tong Z; Yan C; Dong YA; Yao M; Zhang H; Liu L; Zheng Y; Zhao P; Wang Y; Fang W; Zhang F; Jiang W,10.1186/s12920-020-00794-x,TACC3,category; general,biomarker; expression; prognostic; urine,False,False,False,False,False,False,False,TACC3,ERIC-1; ERIC1; Tacc4; maskin,transforming acidic coiled-coil-containing protein 3,transforming acidic coiled-coil containing protein 3,"BACKGROUND: Drug resistance is a major obstacle to effective cancer therapy. In order to detect the change in tumor genomic states under drug selection pressure, we use next-generation sequencing technology to investigate the underlying potential mechanisms of drug resistance. METHODS: In our study, we presented a bladder cancer patient who had been a bona fide responder to first-line gemcitabine plus cisplatin regimen and second-line pazopanib (tyrosine kinase inhibitor (TKI) for FGFR3-TACC3 fusion) but finally had disease progression as an ideal case for showing genomic alteration during drug resistance. We applied whole-exome sequencing and ultra-deep target sequencing to the patient pre- and post- pazopanib resistance. Protein-protein interaction (PPI) network and Gene Ontology (GO) analyses were used to analysis protein interactions and genomic alterations. Patient-derived xenograft (PDX) model was built to test drug sensitivity. RESULTS: Twelve mutations scattered in 12 genes were identified by WES pre- pazopanib resistance, while 63 mutations in 50 genes arose post- pazopanib resistance. PPI network showed proteins from multiple epigenetic regulator families were involved post- pazopanib resistance, including subunits of chromatin remodeler SWI/SNF complex ARID1A/1B and SMARCA4, histone acetylation writers CREBBP, histone methylation writer NSD1 and erasers KDM6A/5A. GO enrichment analysis showed pazopanib resistance genes were prominently tagged for chromatin modification, transcription, as well as gland development, leaving genes with the best adaptive FGFR TKI-coping mechanisms. In addition, significantly elevated tumor mutational burden suggested possible utility of immunotherapy. Intriguingly, PDX model suggested that, sensitivity to original chemotherapy regimen (cisplatin) was restored in patient tumor post-pazopanib. CONCLUSIONS: Epigenetic regulation may play a role in acquired TKI resistance. Our study traced the complete tumor genomic variation course from chemo-resistant but TKI-sensitive to TKI-resistant but chemo-(re) sensitive, revealing the potential complex dynamic drug-driven mechanisms of resistance."
6,TACC3,10460,86.2542618698994,27669755,2016,Fibroblast growth factor receptor (FGFR) alterations in squamous differentiated bladder cancer: a putative therapeutic target for a small subgroup.,Oncotarget,Baldia PH; Maurer A; Heide T; Rose M; Stoehr R; Hartmann A; Williams SV; Knowles MA; Knuechel R; Gaisa NT,10.18632/oncotarget.12198,TACC3,category; general,expression; urine,False,False,False,False,False,False,True,TACC3,ERIC-1; ERIC1; Tacc4; maskin,transforming acidic coiled-coil-containing protein 3,transforming acidic coiled-coil containing protein 3,"Although drugable fibroblast growth factor receptor (FGFR) alterations in squamous cell carcinomas (SCC) of various entities are well known, little is known about FGFR modifications in squamous differentiated bladder cancer. Therefore, our study evaluated FGFR1-3 alterations as a putative therapeutic target in this subgroup. We analyzed 73 squamous differentiated bladder cancers (n = 10 pT2, n = 55 pT3, n = 8 pT4) for FGFR1-3 protein expression, FGFR1-3 copy number variations, FGFR3 chromosomal rearrangements (fluorescence in situ hybridization (FISH)) and FGFR3 mutations (SNapShot analysis). Only single cases displayed enhanced protein expression, most frequently FGFR3 overexpression (9.4% (6/64)). FISH showed no amplifications of FGFR1, 2 or 3. Break apart events were only slightly above the cut off in 12.1% (8/66) of cases and no FGFR3-TACC3 rearrangements could be proven by qPCR. FGFR3 mutations (p.S249C) were found in 8.5% (6/71) of tumors and were significantly associated with FGFR3 protein overexpression (p < 0.001), and unfavourable clinical outcome (p = 0.001). Our findings are consistent with the results of the TCGA data set for the ""squamous-like"" subtype of bladder cancer (n = 85), which revealed reduced overall expression of FGFR1 and FGFR2 in tumors compared to normal tissue, while expression of FGFR3 remained high. In the TCGA ""squamous-like"" subtype FGFR3 mutations were found in 4.9% and correlated with high FGFR3 RNA expression. Mutations of FGFR1 and FGFR2 were less frequent (2.4% and 1.2%). Hence, our comprehensive study provides novel insights into a subgroup of squamous differentiated bladder tumors that hold clues for novel therapeutic regimens and may benefit from FGFR3-targeted therapies."
6,TACC3,10460,86.2542618698994,32370101,2020,Targeting the Src Pathway Enhances the Efficacy of Selective FGFR Inhibitors in Urothelial Cancers with FGFR3 Alterations.,International journal of molecular sciences,Lima NC; Atkinson E; Bunney TD; Katan M; Huang PH,10.3390/ijms21093214,TACC3,category; general,expression,False,False,False,False,False,False,True,TACC3,ERIC-1; ERIC1; Tacc4; maskin,transforming acidic coiled-coil-containing protein 3,transforming acidic coiled-coil containing protein 3,"Selective FGFR inhibitors such as infigratinib (BGJ398) and erdafitinib (JNJ-42756493) have been evaluated in clinical trials for cancers with FGFR3 molecular alterations, particularly in urothelial carcinoma patients. However, a substantial proportion of these patients (up to 50%) display intrinsic resistance to these drugs and receive minimal clinical benefit. There is thus an unmet need for alternative therapeutic strategies to overcome primary resistance to selective FGFR inhibitors. In this study, we demonstrate that cells expressing cancer-associated activating FGFR3 mutants and the FGFR3-TACC3 fusion showed primary resistance to infigratinib in long-term colony formation assays in both NIH-3T3 and urothelial carcinoma models. We find that expression of these FGFR3 molecular alterations resulted in elevated constitutive Src activation compared to wildtype FGFR3 and that cells co-opted this pathway as a means to achieve intrinsic resistance to infigratinib. Targeting the Src pathway with low doses of the kinase inhibitor dasatinib synergistically sensitized multiple urothelial carcinoma lines harbouring endogenous FGFR3 alterations to infigratinib. Our data provide preclinical rationale that supports the use of dasatinib in combination with selective FGFR inhibitors as a means to overcome intrinsic drug resistance in the salvage therapy setting in urothelial cancer patients with FGFR3 molecular alterations."
6,TACC3,10460,86.2542618698994,28416604,2017,Oncogenic Characterization and Pharmacologic Sensitivity of Activating Fibroblast Growth Factor Receptor (FGFR) Genetic Alterations to the Selective FGFR Inhibitor Erdafitinib.,Molecular cancer therapeutics,Karkera JD; Cardona GM; Bell K; Gaffney D; Portale JC; Santiago-Walker A; Moy CH; King P; Sharp M; Bahleda R; Luo FR; Alvarez JD; Lorenzi MV; Platero SJ,10.1158/1535-7163.MCT-16-0518,TACC3,category; general,biomarker; diagnostic; urine,True,False,False,False,False,False,False,TACC3,ERIC-1; ERIC1; Tacc4; maskin,transforming acidic coiled-coil-containing protein 3,transforming acidic coiled-coil containing protein 3,"Fibroblast growth factor receptor (FGFR) genetic alterations are frequently observed in cancer, suggesting that FGFR inhibition may be a promising therapy in patients harboring these lesions. Identification of predictive and pharmacodynamic biomarkers to select and monitor patients most likely to respond to FGFR inhibition will be the key to clinical development of this class of agents. Sensitivity to FGFR inhibition and correlation with FGFR pathway activation status were determined in molecularly annotated panels of cancer cell lines and xenograft models. Pathway inhibition in response to FGFR inhibitor treatment was assessed in cell lines (both <i>in vitro</i> and <i>in vivo</i>) and in samples from patients treated with the FGFR inhibitor JNJ-42756493 (erdafitinib). Frequency of FGFR aberrations was assessed in a panel of NSCLC, breast, prostate, ovarian, colorectal, and melanoma human tumor tissue samples. FGFR translocations and gene amplifications present in clinical specimens were shown to display potent transforming activity associated with constitutive pathway activation. Tumor cells expressing these FGFR activating mutants displayed sensitivity to the selective FGFR inhibitor erdafitinib and resulted in suppression of FGFR phosphorylation and downstream signal transduction. Clinically, patients receiving erdafitinib showed decreased Erk phosphorylation in tumor biopsies and elevation of serum phosphate. In a phase I study, a heavily pretreated bladder cancer patient with an <i>FGFR3</i>-TACC3 translocation experienced a partial response when treated with erdafitinib. This preclinical study confirmed pharmacodynamics and identified new predictive biomarkers to FGFR inhibition with erdafitinib and supports further clinical evaluation of this compound in patients with FGFR genetic alterations. <i>Mol Cancer Ther; 16(8); 1717-26. ©2017 AACR</i>."
9,HMGB3,3149,83.8484559568832,28678825,2017,HMGB3 promotes growth and migration in colorectal cancer by regulating WNT/β-catenin pathway.,PloS one,Zhang Z; Chang Y; Zhang J; Lu Y; Zheng L; Hu Y; Zhang F; Li X; Zhang W; Li X,10.1371/journal.pone.0179741,HMGB3,category; general,expression; prognostic,False,False,False,False,True,False,True,HMGB3,HMG-2a; HMG-4; HMG2A; HMG4,high mobility group protein B3; high mobility group protein 2a; high-mobility group (nonhistone chromosomal) protein 4,high mobility group box 3,"Colorectal cancer (CRC) is the third leading cause of cancer-related deaths and a major health problem. High mobility group box 3 (HMGB3), a member of the high-mobility group box (HMGB) family, was reported to be over-expressed in gastric carcinoma and bladder cancer. However, the function of HMGB3 in CRC remains unclear. Here, we found that HMGB3 was up-regulated in CRC at both mRNA and protein levels. qRT-PCR results showed that high expression of HMGB3 had positive correlation with serosal invasion, lymph metastasis, and tumor-node-metastasis (TNM) stage in CRC patient. Functional experiments showed that HMGB3 can promote CRC cells proliferation and migration in vitro. Moreover, we found HMGB3 can active WNT/β-catenin pathway to increase the expression level of c-Myc and MMP7. These results may be the reason for HMGB3 oncogene role in CRC. In summary, our data indicated that HMGB3 may serve as an oncoprotein and could be used as a potential prognostic marker in CRC."
9,HMGB3,3149,83.8484559568832,25647262,2015,"Overexpression of HMGB3 protein promotes cell proliferation, migration and is associated with poor prognosis in urinary bladder cancer patients.",Tumour biology : the journal of the International Society for Oncodevelopmental Biology and Medicine,Li M; Cai Y; Zhao H; Xu Z; Sun Q; Luo M; Gu L; Meng M; Han X; Sun H,10.1007/s13277-015-3130-y,HMGB3,category; general,biomarker; expression; prognostic; urine,False,False,False,True,True,False,True,HMGB3,HMG-2a; HMG-4; HMG2A; HMG4,high mobility group protein B3; high mobility group protein 2a; high-mobility group (nonhistone chromosomal) protein 4,high mobility group box 3,"Human urinary bladder cancer (UBC) is the fourth most common cancer and the eighth most common cause of cancer death in the USA. High mobility group box 3 (HMGB3), a member of a family of proteins containing one or more high mobility group DNA binding motifs, was reported to be overexpressed in a variety of human cancers. However, the expression and role of HMGB3 in human UBC remains unclear. Here, we found that UBC patients had upregulated HMGB at both mRNA and protein levels. Immunochemistry (IHC) evaluation of HMGB3 expression in 113 UBC clinical specimens showed that high expression of HMGB3 had positive correlation with UBC tumor size (P = 0.019), tumor WHO grade (P = 0.031), stage (P = 0.028), and lymph node metastasis (P = 0.017). Moreover, patients with higher HMGB3 expression showed a poorer overall survival rate than those with relatively low HMGB3 (P = 0.0079, log-rank test). Multivariate analysis revealed that HMGB3 expression is an independent prognostic marker. The UBC cancer cell proliferation and migration ability were measured by 3-(4, 5-dimethylthiazol-2-yl)-2, 5-diphenyltetrazolium bromide (MTT) and wound healing assays, respectively. RNA interference of HMGB3 in UBC cell lines inhibited cancer cell growth and migration, along with the downregulation of PCNA and MMP2 protein levels. In sum, our data suggests HMGB3 may serve as an important oncoprotein and indicate that overexpression of HMGB3 in UBC could be used as a potential prognostic marker."
9,HMGB3,3149,83.8484559568832,30639441,2019,Downregulation of microRNA-532-5p promotes the proliferation and invasion of bladder cancer cells through promotion of HMGB3/Wnt/β-catenin signaling.,Chemico-biological interactions,Xie X; Pan J; Han X; Chen W,10.1016/j.cbi.2019.01.015,HMGB3; high mobility group protein B3,category; general,expression; urine,False,False,False,False,False,False,True,HMGB3,HMG-2a; HMG-4; HMG2A; HMG4,high mobility group protein B3; high mobility group protein 2a; high-mobility group (nonhistone chromosomal) protein 4,high mobility group box 3,"Accumulating evidence has shown that altered expression of microRNA-532-5p (miR-532-5p) is involved in the development and progression of various cancers. However, little is known about the role of miR-532-5p in bladder cancer. In this study, we aimed to investigate the expression, biological function, and regulatory mechanism of miR-532-5p in bladder cancer. Herein, we found that miR-532-5p expression was frequently downregulated in bladder cancer tissues and cell lines compared with normal controls. Functional experiments showed that overexpression of miR-532-5p inhibited the proliferation and invasion of bladder cancer cells, whereas inhibition of miR-532-5p showed opposite effects. Interestingly, bioinformatics analysis predicted high-mobility group protein B3 (HMGB3) as a potential target gene of miR-532-5p. Further experiments showed that miR-532-5p directly targeted the 3'-UTR of HMGB3 and negatively regulated its expression in bladder cancer cells. Moreover, HMGB3 expression was upregulated in bladder cancer tissues and showed inverse correlation with miR-532-5p expression. Notably, miR-532-5p regulated the nuclear expression of β-catenin and activation of Wnt/β-catenin signaling in bladder cancer cells. However, restoration of HMGB3 expression partially reversed the antitumor effect of miR-532-5p overexpression, while knockdown of HMGB3 partially abrogated the oncogenic effect of miR-532-5p inhibition. Taken together, our results demonstrated that miR-532-5p inhibited the proliferation and invasion of bladder cancer cells by targeting HMGB3 and downregulating Wnt/β-catenin signaling, suggesting a tumor suppressive role of miR-532-5p in bladder cancer. Our study highlights an importance of the miR-532-5p/HMGB3 axis in bladder cancer and suggests that targeting miR-532-5p/HMGB3 may have potential applications for development of bladder cancer therapy."
9,HMGB3,3149,83.8484559568832,38226841,2024,circRNA TATA-box binding protein associated factor 15 acts as an oncogene to facilitate bladder cancer progression through targeting miR-502-5p/high mobility group box 3.,Molecular carcinogenesis,Yang H; He P; Luo W; Liu S; Yang Y,10.1002/mc.23677,HMGB3,category; general,expression; urine,False,False,False,False,False,False,True,HMGB3,HMG-2a; HMG-4; HMG2A; HMG4,high mobility group protein B3; high mobility group protein 2a; high-mobility group (nonhistone chromosomal) protein 4,high mobility group box 3,"Circular RNAs (circRNAs) are key in regulating bladder cancer progression. This study explored the effects of circRNA TATA-box binding protein associated factor 15 (circTAF15) on bladder cancer progression. We enrolled 80 bladder cancer patients to examine the relationship between circTAF15 expression and clinical features. The function of circTAF15 on bladder cancer cell viability, proliferation, migration, invasion, and glycolysis was monitored by cell counting kit-8 assay, 5-Ethynyl-2'-deoxyuridine experiment, Transwell experiment, and glycolysis analysis. Dual luciferase reporter gene assay, RNA pull-down assay, and RNA immunoprecipitation assay were used to verify the binding between circTAF15 and miR-502-5p or between miR-502-5p and high mobility group box 3 (HMGB3). circTAF15 effect on in vivo growth of bladder cancer was investigated by xenograft tumor experiment. Quantitative real-time polymerase chain reaction, Western blot, and immunohistochemistry were implemented to investigate the expression levels of genes. circTAF15 was upregulated in bladder cancer patients, associated with unfavorable outcomes. circTAF15 knockdown attenuated bladder cancer cell viability, proliferation, migration, invasion, epithelial-mesenchymal transition, and glycolysis. circTAF15 suppressed miR-502-5p expression, and miR-502-5p inhibited HMGB3 expression. Low miR-502-5p expression was associated with unfavorable outcomes in bladder cancer patients. miR-502-5p silencing and HMGB3 overexpression counteracted the inhibition of circTAF15 knockdown on the malignant phenotype of bladder cancer cells. circTAF15 knockdown attenuated the in vivo growth of bladder cancer cells. circTAF15 enhanced the progression of bladder cancer through upregulating HMGB3 via suppressing miR-502-5p. circTAF15 may be a novel target to treat bladder cancer in the future."
10,SHMT2,6472,83.7716650954437,26975021,2016,Metabolic phenotype of bladder cancer.,Cancer treatment reviews,Massari F; Ciccarese C; Santoni M; Iacovelli R; Mazzucchelli R; Piva F; Scarpelli M; Berardi R; Tortora G; Lopez-Beltran A; Cheng L; Montironi R,10.1016/j.ctrv.2016.03.005,SHMT2,category; general,expression; urine,False,False,False,True,False,False,True,SHMT2,GLYA; HEL-S-51e; NEDCASB; SHMT; mSHMT,"serine hydroxymethyltransferase, mitochondrial; GLY A+; epididymis secretory sperm binding protein Li 51e; glycine auxotroph A, human complement for hamster; glycine hydroxymethyltransferase; mitochondrial serine hydroxymethyltransferase; serine aldolase; serine hydroxymethylase; serine hydroxymethyltransferase 2 (mitochondrial); serine methylase; threonine aldolase",serine hydroxymethyltransferase 2,"Metabolism of bladder cancer represents a key issue for cancer research. Several metabolic altered pathways are involved in bladder tumorigenesis, representing therefore interesting targets for therapy. Tumor cells, including urothelial cancer cells, rely on a peculiar shift to aerobic glycolysis-dependent metabolism (the Warburg-effect) as the main energy source to sustain their uncontrolled growth and proliferation. Therefore, the high glycolytic flux depends on the overexpression of glycolysis-related genes (SRC-3, glucose transporter type 1 [GLUT1], GLUT3, lactic dehydrogenase A [LDHA], LDHB, hexokinase 1 [HK1], HK2, pyruvate kinase type M [PKM], and hypoxia-inducible factor 1-alpha [HIF-1α]), resulting in an overproduction of pyruvate, alanine and lactate. Concurrently, bladder cancer metabolism displays an increased expression of genes favoring the pentose phosphate pathway (glucose-6-phosphate dehydrogenase [G6PD]) and the fatty-acid synthesis (fatty acid synthase [FASN]), along with a decrease of AMP-activated protein kinase (AMPK) and Krebs cycle activities. Moreover, the PTEN/PI3K/AKT/mTOR pathway, hyper-activated in bladder cancer, acts as central regulator of aerobic glycolysis, hence contributing to cancer metabolic switch and tumor cell proliferation. Besides glycolysis, glycogen metabolism pathway plays a robust role in bladder cancer development. In particular, the overexpression of GLUT-1, the loss of the tumor suppressor glycogen debranching enzyme amylo-α-1,6-glucosidase, 4-α-glucanotransferase (AGL), and the increased activity of the tumor promoter enzyme glycogen phosphorylase impair glycogen metabolism. An increase in glucose uptake, decrease in normal cellular glycogen storage, and overproduction of lactate are consequences of decreased oxidative phosphorylation and inability to reuse glucose into the pentose phosphate and de novo fatty acid synthesis pathways. Moreover, AGL loss determines augmented levels of the serine-to-glycine enzyme serine hydroxymethyltransferase-2 (SHMT2), resulting in an increased glycine and purine ring of nucleotides synthesis, thus supporting cells proliferation. A deep understanding of the metabolic phenotype of bladder cancer will provide novel opportunities for targeted therapeutic strategies."
10,SHMT2,6472,83.7716650954437,35422087,2022,"SHMT2 promotes cell viability and inhibits ROS-dependent, mitochondrial-mediated apoptosis via the intrinsic signaling pathway in bladder cancer cells.",Cancer gene therapy,Zhang Y; Liu Z; Wang X; Jian H; Xiao H; Wen T,10.1038/s41417-022-00470-5,SHMT; SHMT2; mitochondrial serine hydroxymethyltransferase,category; general,prognostic; urine,False,False,False,True,False,False,False,SHMT2,GLYA; HEL-S-51e; NEDCASB; SHMT; mSHMT,"serine hydroxymethyltransferase, mitochondrial; GLY A+; epididymis secretory sperm binding protein Li 51e; glycine auxotroph A, human complement for hamster; glycine hydroxymethyltransferase; mitochondrial serine hydroxymethyltransferase; serine aldolase; serine hydroxymethylase; serine hydroxymethyltransferase 2 (mitochondrial); serine methylase; threonine aldolase",serine hydroxymethyltransferase 2,"Mitochondrial serine hydroxymethyltransferase (SHMT2) catalyzes the conversion of serine to glycine and concomitantly produces one-carbon units to support cell growth and is upregulated in various cancer cells. SHMT2 knockdown triggers cell apoptosis; however, the detailed mechanism of apoptosis induced by SHMT2 inactivation remains unknown. Here, we demonstrate that SHMT2 supports the proliferation of bladder cancer (BC) cells by maintaining redox homeostasis. SHMT2 knockout decreased the pools of purine and one-carbon units and delayed cell cycle progression in a manner that was rescued by formate, demonstrating that SHMT2-mediated one-carbon units are essential for BC cell proliferation. SHMT2 deficiency promoted the accumulation of intracellular reactive oxygen species (ROS) by decreasing the NADH/NAD<sup>+</sup>, NADPH/NADP<sup>+</sup>, and GSH/GSSG ratios, leading to a loss in mitochondrial membrane potential, release of cytochrome c, translocation of Bcl-2 family protein and activation of caspase-3. Notably, blocking ROS production with the one-carbon donor formate and the ROS scavenger N-acetyl-cysteine (NAC) effectively rescued SHMT2 deficiency-induced cell apoptosis via the intrinsic signaling pathway. Treatment with the SHMT inhibitor SHIN1 resulted in a significant inhibitory effect on cell proliferation and induced cell apoptosis. Formate and NAC rescued SHIN1-induced cell apoptosis. Our findings reveal an important mechanism by which the loss of SHMT2 triggers ROS-dependent, mitochondrial-mediated apoptosis, which gives insight into the link between serine metabolism and cell apoptosis and provides a promising target for BC treatment and drug discovery."
10,SHMT2,6472,83.7716650954437,34149818,2021,Overexpression of SHMT2 Predicts a Poor Prognosis and Promotes Tumor Cell Growth in Bladder Cancer.,Frontiers in genetics,Zhang P; Yang Q,10.3389/fgene.2021.682856,SHMT2,category; general,expression; prognostic,False,False,False,False,True,False,True,SHMT2,GLYA; HEL-S-51e; NEDCASB; SHMT; mSHMT,"serine hydroxymethyltransferase, mitochondrial; GLY A+; epididymis secretory sperm binding protein Li 51e; glycine auxotroph A, human complement for hamster; glycine hydroxymethyltransferase; mitochondrial serine hydroxymethyltransferase; serine aldolase; serine hydroxymethylase; serine hydroxymethyltransferase 2 (mitochondrial); serine methylase; threonine aldolase",serine hydroxymethyltransferase 2,"SHMT2 was overexpressed in many tumors, however, the role of SHMT2 in bladder cancer (BLCA) remains unclear. We first analyzed the expression pattern of SHMT2 in BLCA using the TNMplot, Oncomine, the Cancer Genome Atlas (TCGA), and the Gene Expression Omnibus (GEO) databases. Next, the association between SHMT2 expression and overall survival (OS)/disease-free survival (DFS) in BLCA patients were analyzed using TCGA and PrognoScan database. The correlation between SHMT2 expression and clinicopathology was determined using TCGA database. Furthermore, the genes co-expressed with SHMT2 and their underlying molecular function in BLCA were explored based on the Oncomine database, Metascape and gene set enrichment analysis (GSEA). Finally, the effects of SHMT2 on cell proliferation, cell cycle, and apoptosis were assessed using <i>in vitro</i> experiments. As a results, SHMT2 was significantly overexpressed in BLCA tissues and cells compared to normal bladder tissues and cells. A high SHMT2 expression predicts a poor OS of BLCA patients. In addition, SHMT2 expression was higher in patients with a high tumor grade and in those who were older than 60 years. However, the expression of SHMT2 was not correlated with gender, tumor stage, lymph node stage, and distant metastasis stage. Finally, overexpression of SHMT2 promoted BLCA cell proliferation and suppressed apoptosis, the silencing of SHMT2 significantly inhibited BLCA cell proliferation by impairing the cell cycle, and promoting apoptosis. SHMT2 mediates BLCA cells growth by regulating STAT3 signaling. In summary, SHMT2 regulates the proliferation, cell cycle and apoptosis of BLCA cells, and may act as a candidate therapeutic target for BLCA."
10,SHMT2,6472,83.7716650954437,38594513,2024,A study on the significance of serine hydroxymethyl transferase expression and its role in bladder cancer.,Scientific reports,Su SW; Chen X; Wang G; Li P; Yang TX; Fang KW; Wu J; Li JM,10.1038/s41598-024-58618-2,SHMT2,category; general,diagnostic; expression; prognostic; urine,False,True,False,True,True,False,True,SHMT2,GLYA; HEL-S-51e; NEDCASB; SHMT; mSHMT,"serine hydroxymethyltransferase, mitochondrial; GLY A+; epididymis secretory sperm binding protein Li 51e; glycine auxotroph A, human complement for hamster; glycine hydroxymethyltransferase; mitochondrial serine hydroxymethyltransferase; serine aldolase; serine hydroxymethylase; serine hydroxymethyltransferase 2 (mitochondrial); serine methylase; threonine aldolase",serine hydroxymethyltransferase 2,"Bladder cancer (BLCA) is a common malignant tumor in urinary system all over the world. However, due to its high recurrence rate and complex causes, clinicians often have limited options for surgical and drug treatments. Recent researchs on the molecular mechanism of BLCA have reveals its biological progress and potential for early diagnosis. Serine hydroxymethyltransferase 1/2 (SHMT1/2) is a crucial enzyme in the one-carbon metabolism of tumor cells, and the expression levels of these isozymes have been found to be associated with the biological progression of various malignant tumors. However, the impact of SHMT1/2 on the biological progression of bladder cancer and its molecular regulation mechanism remain unclear. In this research utilizes BLCA clinical sample data, the TCGA database, and in vitro cell experiments to predict the expression levels of SHMT1/2 in BLCA. The findings indicate that SHMT1 remained unchanged, while SHMT2 expression is increased in BLCA, which was related to poor prognosis. Additionally, SHMT2 affects the growth, migration, and apoptosis of bladder cancer cells in vitro. It also influences the expression levels of E-cadherin and N-cadherin, ultimately impacting the malignant biological progression of bladder tumors. These results establish a correlation between SHMT2 and the malignant biological progression of BLCA, providing a theoretical basis for the early diagnosis and treatment of bladder cancer."
10,SHMT2,6472,83.7716650954437,41347062,2025,SHMT2 modulates the transcriptome and metabolism profiles to promote the tumor phenotypes of bladder cancer HT-1376 cells.,Frontiers in genetics,Guo X; Li G,10.3389/fgene.2025.1694089,SHMT2,category; general,expression; urine,False,False,False,True,False,False,True,SHMT2,GLYA; HEL-S-51e; NEDCASB; SHMT; mSHMT,"serine hydroxymethyltransferase, mitochondrial; GLY A+; epididymis secretory sperm binding protein Li 51e; glycine auxotroph A, human complement for hamster; glycine hydroxymethyltransferase; mitochondrial serine hydroxymethyltransferase; serine aldolase; serine hydroxymethylase; serine hydroxymethyltransferase 2 (mitochondrial); serine methylase; threonine aldolase",serine hydroxymethyltransferase 2,"INTRODUCTION: Bladder cancer (BLCA) is a common malignant tumor of the urinary system. The development and progression of BLCA are controlled by multiple regulatory molecules, which have not been widely investigated. METHODS: In this study, we explored the functions and downstream targets of serine hydroxy methyltransferase 2 (SHMT2) by silencing its expression using small interference RNA (siSHMT2) in HT-1376 cells. Whole transcriptome and metabolism profiles were deeply analyzed to identify the molecular targets of SHMT2. RESULTS: We found that siSHMT2 significantly reduced the proliferation rate and altered the cell cycle stages of HT-1376 cells. Moreover, siSHMT2 can modulate the expression of hundreds of genes (DEGs), including 126 upregulated and 106 downregulated DEGs. We then found that the most significant DEGs were tightly associated with progression of cancers, including <i>PTMA</i>, <i>HNRNPR</i>, <i>RAPH1</i>, <i>TRAF3IP1</i>, <i>CNBP</i>, and <i>PRR15</i>. At the same time, the alternative splicing profile was also regulated by siSHMT2, including the skipped exon as the dominant AS types. Then we confirmed the changed expression levels of <i>PTMA</i>, <i>HNRNPR</i>, <i>RAPH1</i>, and <i>CNBP</i>, and AS level of <i>MDM2</i> by RT-qPCR. Finally, we identified the differential metabolites (DMs), and found the metabolism profile was significantly regulated by siSHMT2. Besides the purine metabolism, we observed that valine, leucine and isoleucine biosynthesis and degradation, TCA cycle, and propanoate metabolism were among the top pathways of DMs. DISCUSSION: In summary, we highlight the important roles of SHMT2 in HT-1376 cells and identified its downstream molecular targets, which are associated with the development of BLCA and can be used as therapeutic targets of BLCA in future."
10,SHMT2,6472,83.7716650954437,40658604,2025,The role of SHMT2 and NDUFA4L2 gene expression and UCA1 levels in Egyptian patients with bladder cancer.,Journal of immunoassay & immunochemistry,Badr EAE; Mekhail Y; Hassan KSA; Assar MFA,10.1080/15321819.2025.2533800,SHMT2,category; general,biomarker; diagnostic; expression; prognostic; roc_auc; urine,True,True,True,False,True,False,True,SHMT2,GLYA; HEL-S-51e; NEDCASB; SHMT; mSHMT,"serine hydroxymethyltransferase, mitochondrial; GLY A+; epididymis secretory sperm binding protein Li 51e; glycine auxotroph A, human complement for hamster; glycine hydroxymethyltransferase; mitochondrial serine hydroxymethyltransferase; serine aldolase; serine hydroxymethylase; serine hydroxymethyltransferase 2 (mitochondrial); serine methylase; threonine aldolase",serine hydroxymethyltransferase 2,"Bladder Cancer (BC) has a significant burden, with poor survival rates in advanced cases. This case-controlled study aimed to identify genes having diagnostic and prognostic value. Seventy patients with BC and 70 healthy individuals were included. Real-time PCR was used to quantify the expression of the <i>SHMT2</i> and <i>NDUFA4L2</i> genes, and <i>UCA1</i> levels. Results showed that <i>SHMT2, NDUFA4L2</i>, and <i>UCA1</i> were significantly upregulated in patients compared to the control group (<i>p</i> < 0.001). The area under the receiver operating characteristic curve (ROC) analysis showed that AUC was 0.995 (95% CI = 0.989-1, <i>p</i> < 0.001), 0.994 (95% CI = 0.987-1, <i>p</i> < 0.001) and 0.977 (95% CI = 0.958-0.996, <i>p</i> < 0.001) for <i>UCA1, SHMT2</i>, and <i>NDUFA4L2</i>, respectively with high diagnostic sensitivity and specificity. Additionally, the high expression of <i>SHMT2</i> and the high level of <i>UCA1</i> were correlated with histological grade (<i>p</i> < 0.001and 0.001, respectively) and with CT tumor size (p = 0.005 and 0.001, respectively). In univariate COX regression analysis, <i>SHMT2 and UCA1</i> were poor prognostic (p = 0.003 and 0.001, respectively). Furthermore, in the multivariate analysis, <i>UCA1</i> was independent poor prognostic factor (p =0.037). Thus, <i>SHMT2, NDUFA4L2</i>, and <i>UCA1</i> could be promising diagnostic and prognostic biomarkers and a novel therapeutic target."
10,SHMT2,6472,83.7716650954437,28584628,2017,Involvement of glycogen debranching enzyme in bladder cancer.,Biomedical reports,Weinhaus B; Guin S,10.3892/br.2017.907,SHMT2,category; general,expression; prognostic; urine,False,False,False,True,True,False,True,SHMT2,GLYA; HEL-S-51e; NEDCASB; SHMT; mSHMT,"serine hydroxymethyltransferase, mitochondrial; GLY A+; epididymis secretory sperm binding protein Li 51e; glycine auxotroph A, human complement for hamster; glycine hydroxymethyltransferase; mitochondrial serine hydroxymethyltransferase; serine aldolase; serine hydroxymethylase; serine hydroxymethyltransferase 2 (mitochondrial); serine methylase; threonine aldolase",serine hydroxymethyltransferase 2,"Bladder cancer is the most common malignancy of the urinary system, however the molecular pathways underlying this disease are incompletely understood. To understand new regulators of bladder cancer progression, the authors carried out a functional genomic screen which identified glycogen debranching enzyme (AGL) as a novel regulator of bladder cancer growth. Glycogen debranching enzyme is involved in glycogen breakdown and germline loss of function mutation of this gene leads to glycogen storage disease type III. To the best of the authors' knowledge, the present study is the first to demonstrate that loss of AGL leads to aggressive bladder tumor growth. AGL mRNA and protein expression in bladder tumors serve as a prognostic marker for patients. Interestingly, AGL's participation in regulating tumor growth is independent of its enzymatic function and involvement with glycogen metabolism in general. Detailed metabolomics and transcriptomic analysis indicated that increases in glucose metabolism, glycine synthesis driven by serine hydroxymethyltransferase 2 and increases in hyaluronic acid synthase 2-driven HA synthesis are major contributors of aggressive bladder tumor growth with loss of AGL. However, the detailed mechanism of how AGL regulates the above mentioned metabolic and genetic pathways is unknown and is being investigated. The present review focuses on AGL's involvement in bladder cancer."
10,SHMT2,6472,83.7716650954437,38103068,2023,BLCA prognostic model creation and validation based on immune gene-metabolic gene combination.,Discover oncology,Yue SY; Niu D; Liu XH; Li WY; Ding K; Fang HY; Wu XD; Li C; Guan Y; Du HX,10.1007/s12672-023-00853-6,SHMT2,category; general,biomarker; expression; prognostic; urine; validation,True,False,False,True,True,True,True,SHMT2,GLYA; HEL-S-51e; NEDCASB; SHMT; mSHMT,"serine hydroxymethyltransferase, mitochondrial; GLY A+; epididymis secretory sperm binding protein Li 51e; glycine auxotroph A, human complement for hamster; glycine hydroxymethyltransferase; mitochondrial serine hydroxymethyltransferase; serine aldolase; serine hydroxymethylase; serine hydroxymethyltransferase 2 (mitochondrial); serine methylase; threonine aldolase",serine hydroxymethyltransferase 2,"BACKGROUND: Bladder cancer (BLCA) is a prevalent urinary system malignancy. Understanding the interplay of immunological and metabolic genes in BLCA is crucial for prognosis and treatment. METHODS: Immune/metabolism genes were extracted, their expression profiles analyzed. NMF clustering found prognostic genes. Immunocyte infiltration and tumor microenvironment were examined. Risk prognostic signature using Cox/LASSO methods was developed. Immunological Microenvironment and functional enrichment analysis explored. Immunotherapy response and somatic mutations evaluated. RT-qPCR validated gene expression. RESULTS: We investigated these genes in 614 BLCA samples, identifying relevant prognostic genes. We developed a predictive feature and signature comprising 7 genes (POLE2, AHNAK, SHMT2, NR2F1, TFRC, OAS1, CHKB). This immune and metabolism-related gene (IMRG) signature showed superior predictive performance across multiple datasets and was independent of clinical indicators. Immunotherapy response and immune cell infiltration correlated with the risk score. Functional enrichment analysis revealed distinct biological pathways between low- and high-risk groups. The signature demonstrated higher prediction accuracy than other signatures. qRT-PCR confirmed differential gene expression and immunotherapy response. CONCLUSIONS: The model in our work is a novel assessment tool to measure immunotherapy's effectiveness and anticipate BLCA patients' prognosis, offering new avenues for immunological biomarkers and targeted treatments."
10,SHMT2,6472,83.7716650954437,42372507,2026,In-situ cascade assembled peptide-drug conjugate for the treatment of bladder cancer by enhancing membrane-entry and lysosome destabilization.,Biomaterials,Zhang P; Wu JC; Wang H; You HH; Wang DX; Jin JY; Duan HZ; Li MS; Li P; Wang K; Tong ZC; Guo PY; Wang Z; Zhao YB; Tang BZ; Hou DY,10.1016/j.biomaterials.2026.124405,GLY A+,general,,False,False,False,False,True,False,False,SHMT2,GLYA; HEL-S-51e; NEDCASB; SHMT; mSHMT,"serine hydroxymethyltransferase, mitochondrial; GLY A+; epididymis secretory sperm binding protein Li 51e; glycine auxotroph A, human complement for hamster; glycine hydroxymethyltransferase; mitochondrial serine hydroxymethyltransferase; serine aldolase; serine hydroxymethylase; serine hydroxymethyltransferase 2 (mitochondrial); serine methylase; threonine aldolase",serine hydroxymethyltransferase 2,"Peptide-drug conjugates (PDC) have recently garnered substantial attention as promising strategies for targeted tumor therapy. However, the clinical efficacy of PDC is limited by poor membrane permeability and inherent lysosomal sequestration. Herein, we report an in-situ cascade assembled peptide-drug conjugate (ISCA-PDC) accomplished by integrating CXCR4-targeting cyclic peptide (Cyclo(DTyr-NMe-DOrn-Arg-2Nal-Gly)), a lysosomal-triggered assembled peptide linker (VEALYL) decorated with pH-sensitive moiety (cis-aconitic anhydride, CAA), and cytotoxic payload (camptothecin, CPT), to improve the tumor membrane permeability and realize lysosomal destabilization, ultimately enhancing the chemotherapy of bladder cancer. In the acidic microenvironment (pH 6.5) of the tumor, ISCA-PDC could first self-assemble into nanoparticles (NPs-PDC) after the hydrolysis of CAA and quickly enter the lysosome via CXCR4-mediated endocytosis to improve tumor membrane permeability. Following transformation into nanofibers (NFs-PDC) within lysosomes (pH 5.0), the permeability of the lysosomes was markedly enhanced, resulting in cathepsin B-induced apoptosis and CPT release. In addition, ISCA-PDC exhibited highly potent antitumor efficacy, which extended the overall survival of tumor recurrence model mice and led to the eradication and regression of T24-luc orthotopic xenograft mice. The concept of in-situ cascade-assembled PDC can be extended by conjugation with other chemotherapeutic agents, suggesting a generalizable strategy for nanotherapeutic enhancement in solid tumors."
11,SMC4,10051,83.3922257841946,35005988,2022,Screening Differential CircRNAs Expression Profiles Reveals the Regulatory Role of the <i>has_circTPT1_003-has-miR-218-5p-CCNE2/SMC4</i> Signaling Axis in Bladder Carcinoma Progression.,DNA and cell biology,Wang J; Shao J; Lu Y; Su W; Dong H; Wang P; Lin Z; Feng J; Wang D; Zhao H; Tan J,10.1089/dna.2021.0240,SMC4,category; general,expression; urine,False,False,True,False,False,False,True,SMC4,CAP-C; CAPC; SMC-4; SMC4L1,structural maintenance of chromosomes protein 4; SMC protein 4; SMC4 structural maintenance of chromosomes 4-like 1; chromosome-associated polypeptide C,structural maintenance of chromosomes 4,"Circular RNAs (circRNAs) are a class of noncoding RNAs closely related to the development and progression of various human cancers. However, it is unclear whether circRNAs play an important role in the development of bladder cancer. We utilized human circRNA array V2 microarrays to screen circRNA expression profiles in bladder cancer tissues. Bioinformatic tools including circBank, dbDEMC 2.0, miRCancer, TarBase v7.0, miRtarbase, TCGA-BLCA, Cytoscape-MCODE, String, ENCORI, and Venny 2.1 were then employed to construct the circRNA-miRNA-mRNA regulatory networks. In total, 105 upregulated circRNAs and 167 downregulated circRNAs (fold change >2 and <i>p</i> < 0.001) were filtered out. Gene Ontology (GO) and Kyoto Encyclopedia of Genes and Genomes (KEGG) pathway analysis of filtered dysregulated circRNAs disclosed that the circRNAs regulatory network was closely related with mRNA processing and cell cycle, etc. Further excavation analysis showed that seven differentially overexpressed circRNAs including hsa_circ_0000133, hsa_circ_0023610, hsa_circ_0005615, hsa_circ_0030162, hsa_circ_0077007, hsa_circ_0001140, and hsa_circ_0107031 were associated with bladder cancer invasiveness, and the cell cycle signal axis. <i>has_circTPT1_003-has-miR-218-5p-CCNE2/SMC4</i> was finally clarified as a possible mechanism for bladder cancer progression. Based on results derived from multiple approaches, we identified that <i>has_circTPT1_003-has-miR-218-5p-CCNE2/SMC4</i> signal axis may be involved in the invasion process of bladder cancer."
12,MELK,9833,83.3880933754507,31821699,2020,Inhibition of MELK produces potential anti-tumour effects in bladder cancer by inducing G1/S cell cycle arrest via the ATM/CHK2/p53 pathway.,Journal of cellular and molecular medicine,Chen S; Zhou Q; Guo Z; Wang Y; Wang L; Liu X; Lu M; Ju L; Xiao Y; Wang X,10.1111/jcmm.14878,MELK,category; general,expression; prognostic; urine,False,False,False,False,True,False,True,MELK,HPK38,maternal embryonic leucine zipper kinase; pEg3 kinase; protein kinase Eg3; protein kinase PK38; tyrosine-protein kinase MELK,maternal embryonic leucine zipper kinase,"We aimed to investigate the biological function of MELK and the therapeutic potential of OTSSP167 in human bladder cancer (BCa). First, we observed overexpression of MELK in BCa cell lines and tissues and found that it was associated with higher tumour stage and tumour grade, which was consistent with transcriptome analysis. High expression of MELK was significantly correlated with poor prognosis in BCa patients, and MELK was found to have a role in the cell cycle, the G1/S transition in mitosis, and DNA repair and replication. Furthermore, BCa cells presented significantly decreased proliferation capacity following silencing of MELK or treatment with OTSSP167 in vitro and in vivo. Functionally, reduction in MELK or treatment of cells with OTSSP167 could induce cell cycle arrest and could suppress migration. In addition, these treatments could activate phosphorylation of ATM and CHK2, which would be accompanied by down-regulated MDMX, cyclin D1, CDK2 and E2F1; however, p53 and p21 would be activated. Opposite results were observed when MELK expression was induced. Overall, MELK was found to be a novel oncogene in BCa that induces cell cycle arrest via the ATM/CHK2/p53 pathway. OTSSP167 displays potent anti-tumour activities, which may provide a new molecule-based strategy for BCa treatment."
12,MELK,9833,83.3880933754507,31566930,2019,Weighted gene coexpression network analysis identifies a new biomarker of CENPF for prediction disease prognosis and progression in nonmuscle invasive bladder cancer.,Molecular genetics & genomic medicine,Shi J; Zhang P; Liu L; Min X; Xiao Y,10.1002/mgg3.982,MELK,category; general,biomarker; diagnostic; prognostic; roc_auc; urine,True,False,True,False,True,False,True,MELK,HPK38,maternal embryonic leucine zipper kinase; pEg3 kinase; protein kinase Eg3; protein kinase PK38; tyrosine-protein kinase MELK,maternal embryonic leucine zipper kinase,"BACKGROUND: The dreadful prognosis of nonmuscle invasive bladder cancer mainly results from the delay in recognition of individuals with a high risk of progression. Thus, the emphasis of this work lies in developing valuable biomarkers that is conducive to accurately predicting the progression of NMIBC. METHODS: Microarray data from GSE32894 including 209 NMIBC samples were performed by weighted gene coexpression network analysis (WGCNA), which could find modules of highly correlated genes and relate modules to external sample traits. Besides, we constructed a protein-protein interaction to facilitate screening the hub gene. At last, we used RNA-seq and microarray data and clinical information from ArrayExpress (E-MTAB-4321) and GSE13507 to select and validate the candidate gene. RESULTS: In current paper, blue module of 13 gene coexpression clusters we identified was selected as the key modules. Seven genes namely: CDCA8, CENPF, MCM6, MELK, PRC1, STIL, and TPX2 have been identified as candidate genes. Notably, among them, only elevated CENPF in NIMBC tissue was closely associated with low progression-free survival (PFS) and overall survival (OS) rate in three datasets and had a large area under receiver operating characteristic (ROC) curve. Finally, CENPF was identified as an effective biomarker in NMIBC. CONCLUSION: Therefore, our findings submit a new progressive and prognostic molecular marker and therapeutic target for NMIBC. Moreover, these genes that deserve to be further researched may improve the comprehension about the occurrence and development of superficial bladder cancer."
12,MELK,9833,83.3880933754507,36637953,2023,High expression of KIF20A in bladder cancer as a potential prognostic target for poor survival of renal cell carcinoma.,Medicine,Liu B; Su J; Fan B; Ni X; Jin T,10.1097/MD.0000000000032667,MELK,category; general,biomarker; expression; prognostic; urine,True,False,False,True,True,False,True,MELK,HPK38,maternal embryonic leucine zipper kinase; pEg3 kinase; protein kinase Eg3; protein kinase PK38; tyrosine-protein kinase MELK,maternal embryonic leucine zipper kinase,"Urinary system tumors are malignant tumors, including renal cancer and bladder cancer. however, molecular target of them remains unclear. GSE14762 and GSE53757 were downloaded from GEO database to screen differentially expressed genes (DEGs). Weighted gene co-expression network analysis was performed. Gene Ontology (GO) and Kyoto encyclopedia of genes and genomes were used for enrichment analysis. Gene ontology and Kyoto encyclopedia of genes and genomes analyses were performed on whole genome, as formulated by gene set enrichment analysis. Survival analysis was also performed. Comparative toxicogenomics database was used to identify diseases most associated with hub genes. A total of 1517 DEGs were identified. DEGs were mainly enriched in cancer pathway, HIF-1 signaling pathway, organic acid metabolism, glyoxylate and dicarboxylate metabolism, and protein homodimerization activity. Ten hub genes (TPX2, ASPM, NUSAP1, RAD51AP1, CCNA2, TTK, PBK, MELK, DTL, kinesin family member 20A [KIF20A]) were obtained, which were up-regulated in tumor tissue. The expression of KIF20A was related with the overall survival of renal and bladder cancer. KIF20A was up-regulated in the tumor tissue, and might worsen the overall survival of bladder and kidney cancer. KIF20A could be a novel biomarker of bladder and kidney cancer."
12,MELK,9833,83.3880933754507,36181054,2022,PLK1 as one novel target for the poor prognosis of bladder cancer: An observational study.,Medicine,Liu B; Meng LB; Su JZ; Fan B; Zhao SB; Wang HY; Li T; Wang TY; Zhang AL; Ni XC,10.1097/MD.0000000000030723,MELK,category; general,biomarker; expression; prognostic; urine,True,False,False,False,True,False,True,MELK,HPK38,maternal embryonic leucine zipper kinase; pEg3 kinase; protein kinase Eg3; protein kinase PK38; tyrosine-protein kinase MELK,maternal embryonic leucine zipper kinase,"Bladder cancer (BC) is one of the most common male malignant tumors and the most common urological tumor. However, the molecular mechanism and role of PLK1 on bladder cancer were unclear. Therefore, the study aims to explore the potential part of the overall survival of bladder cancer through bioinformatics analysis. GSE121711 and GSE130598, from the Gene Expression Omnibus database. The GEO2R screened differently expressed genes, and DAVID and Metascape were used for functional annotation. The cytoHubba made hub genes identification and expression. A total of 50 BC participants were recruited. After surgery, 50 BC tumor samples from BC patients and 50 adjacent standard bladder tissue samples were obtained. The RT-qPCR assay was performed to verify the expression of hub genes. The Kaplan-Meier Plotter analyzed the effect of hub gene expression for overall survival of BC. The compulsory module of Molecular Complex Detection tool analysis was shown, which included CDK1, TTK, AURKB, MELK, PLK1, and BUB1. And the six hub genes were up-regulated in the BC compared with the normal tissues. The relative expression levels of CDK1, TTK, AURKB, MELK, PLK1, and BUB1 were significantly higher in BC samples compared with the regular kidney tissue groups. The result demonstrated that CDK1, TTK, AURKB, MELK, PLK1, and BUB1 might be considered biomarkers for BC. Overall survival analysis showed that BC patients with high expression level of PLK1 had poorer overall survival times than those with low expression level (P < .05). The expression levels of CDK1, TTK, AURKB, MELK, and BUB1 was not related to the overall survival of BC patients (P > .05). The PLK1 gene might provide new ideas and evidence for bladder cancer research."
12,MELK,9833,83.3880933754507,38144520,2023,Anti-tumor target screening of sea cucumber saponin Frondoside A: a bioinformatics and molecular docking analysis.,Frontiers in oncology,Liu G; Zhang S; Lin R; Cao X; Yuan L,10.3389/fonc.2023.1307838,MELK,category; general,expression; prognostic,False,False,False,False,True,False,True,MELK,HPK38,maternal embryonic leucine zipper kinase; pEg3 kinase; protein kinase Eg3; protein kinase PK38; tyrosine-protein kinase MELK,maternal embryonic leucine zipper kinase,"Cancer remains the leading cause of death worldwide. In spite of significant advances in targeted and immunotherapeutic approaches, clinical outcomes for cancer remain poor. The aim of the present study was to investigate the potential mechanisms and therapeutic targets of Frondoside A for the treatment of liver, pancreatic, and bladder cancers. The data presented in our study demonstrated that Frondoside A reduced the viability and migration of HepG2, Panc02, and UM-UC-3 cancer cell <i>in vitro</i>. Moreover, we utilized the GEO database to screen and identify for differentially expressed genes (DEGs) in liver, pancreatic, and bladder cancers, which resulted in the identification of 714, 357, and 101 DEGs, respectively. Gene Ontology (GO) analysis and Kyoto Encyclopedia of Genes and Genomes (KEGG) pathway annotation were performed using the Metascape database for DEGs that were significantly associated with cancer development. The protein-protein interaction (PPI) networks of the identified DEGs in liver, pancreatic, and bladder cancers were analyzed using Cytoscape 3.9.0 software, and subsequently identified potential key genes that were associated with these networks. Subsequently, their prognostic values were assessed by gene expression level analysis and Kaplan-Meier survival analysis (GEPIA). Furthermore, we utilized TIMER 2.0 to investigate the correlation between the expression of the identified key gene and cancer immune infiltration. Finally, molecular docking simulations were performed to assess the affinity of Frondoside A and key genes. Our results showed a significant correlation between these DEGs and cancer progression. Combined, these analyses revealed that Frondoside A involves in the regulation of multiple pathways, such as drug metabolism, cell cycle in liver cancer by inhibiting the expression of CDK1, TOP2A, CDC20, and KIF20A, and regulates protein digestion and absorption, receptor interaction in pancreatic cancer by down-regulation of ASPM, TOP2A, DLGAP5, TPX2, KIF23, MELK, LAMA3, and ANLN. While in bladder cancer, Frondoside A regulates muscle contraction, complement and coagulation cascade by increase FLNC expression. In conclusion, the present study offers valuable insights into the molecular mechanism underlying the anticancer effects of Frondoside A, and suggests that Frondoside A can be used as a functional food supplement or further developed as a natural anti-cancer drug."
12,MELK,9833,83.3880933754507,29212506,2017,Chromosome 9p copy number gains involving PD-L1 are associated with a specific proliferation and immune-modulating gene expression program active across major cancer types.,BMC medical genomics,Budczies J; Denkert C; Győrffy B; Schirmacher P; Stenzinger A,10.1186/s12920-017-0308-8,MELK,category; general,biomarker; expression,True,False,False,False,False,False,True,MELK,HPK38,maternal embryonic leucine zipper kinase; pEg3 kinase; protein kinase Eg3; protein kinase PK38; tyrosine-protein kinase MELK,maternal embryonic leucine zipper kinase,"BACKGROUND: Inhibition of the PD-L1/PD-1 immune checkpoint axis represents one of the most promising approaches of immunotherapy for various cancer types. However, immune checkpoint inhibition is successful only in subpopulations of patients emphasizing the need for powerful biomarkers that adequately reflect the complex interaction between the tumor and the immune system. Recently, recurrent copy number gains (CNG) in chromosome 9p involving PD-L1 were detected in many cancer types including lung cancer, melanoma, bladder cancer, head and neck cancer, cervical cancer, soft tissue sarcoma, prostate cancer, gastric cancer, ovarian cancer, and triple-negative breast cancer. METHODS: Here, we applied functional genomics to analyze global mRNA expression changes associated with chromosome 9p gains. Using the TCGA data set, we identified a list of 75 genes that were strongly up-regulated in tumors with chromosome 9p gains across many cancer types. RESULTS: As expected, the gene set was enriched for chromosome 9p and in particular chromosome 9p24 (36 genes and 23 genes). Furthermore, we found enrichment of two expression programs derived from genes within and beyond 9p: one implicated in cell cycle regulation (22 genes) and the other implicated in modulation of the immune system (16 genes). Among these were specific cytokines and chemokines, e.g. CCL4, CCL8, CXCL10, CXCL11, other immunoregulatory genes such as IFN-G and IDO1 as well as highly expressed proliferation-related kinases and genes including PLK1, TTK, MELK and CDC20 that represent potential drug targets. CONCLUSIONS: Collectively, these data shed light on mechanisms of immune escape and stimulation of proliferation in cancer with PD-L1 CNG and highlight additional vulnerabilities that may be therapeutically exploitable."
13,CKAP2L,150468,83.3773902197097,40646610,2025,Smoking promotes the progression of bladder cancer through FOXM1/CKAP2L axis.,Journal of translational medicine,Wu F; Wu S; Huang Y; Xiao X; Yu H; Bai X; Zhang C; Feng Z; Li L; Mei Y; Li X; Gou X,10.1186/s12967-025-06835-2,CKAP2L,category; general,expression; urine,False,False,False,False,False,False,True,CKAP2L,,cytoskeleton-associated protein 2-like; cytoskeleton associated protein 2 like; radial fiber and mitotic spindle protein; radmis,cytoskeleton associated protein 2L,"BACKGROUND: Smoking is a well-established risk factor for bladder cancer; however, the molecular mechanisms underlying this association remain unclear. This study aimed to elucidate the link between smoking and bladder cancer and identify the molecular mechanisms by which smoking promotes tumor progression. METHODS: The relationships between smoking and bladder cancer were assessed with cross-sectional analyses and Mendelian randomization (MR) analyses. Bioinformatics analyses were conducted to identify the key genes involved in smoking-induced bladder cancer progression. Following treatment of bladder cancer cells with cigarette smoke extract (CSE), the effects of CKAP2L on proliferation and metastasis were evaluated using in vitro proliferation, migration, and invasion assays, as well as an in vivo subcutaneous tumor model. FOXM1 binding to the CKAP2L promoter was determined by chromatin immunoprecipitation (ChIP) assay. RESULTS: Both cross-sectional and MR analyses confirmed the positive relationship between smoking and bladder cancer. Functional experiments revealed that CSE treatment promoted the proliferation and metastasis of bladder cancer cells. CKAP2L was identified as a key gene by bioinformatics analyses, and its expression was upregulated by CSE treatment. Additionally, CKAP2L knockdown inhibited cell proliferation, migration, and invasion; arrested the cell cycle at the S and G2/M phases; and regulated the expression of related proteins. Overexpression of CKAP2L exhibited the opposite results. The ChIP‒qPCR assay confirmed significant binding of FOXM1 to the CKAP2L promoter. CONCLUSION: Smoking promoted bladder cancer progression by upregulating CKAP2L and FOXM1, which drive tumor progression via cell cycle regulation. This identifies the FOXM1/CKAP2L axis as a mechanism by which smoking facilitates bladder cancer progression."
13,CKAP2L,150468,83.3773902197097,36529823,2022,Six potential biomarkers for bladder cancer: key proteins in cell-cycle division and apoptosis pathways.,Journal of the Egyptian National Cancer Institute,Inal Gültekin G; Timirci Kahraman Ö; Işbilen M; Durmuş S; Çakir T; Yaylim İ; Isbir T,10.1186/s43046-022-00153-0,CKAP2L,category; general,biomarker; diagnostic; expression; urine,True,True,False,False,False,False,True,CKAP2L,,cytoskeleton-associated protein 2-like; cytoskeleton associated protein 2 like; radial fiber and mitotic spindle protein; radmis,cytoskeleton associated protein 2L,"BACKGROUND: The bladder cancer (BC) pathology is caused by both exogenous environmental and endogenous molecular factors. Several genes have been implicated, but the molecular pathogenesis of BC and its subtypes remains debatable. The bioinformatic analysis evaluates high numbers of proteins in a single study, increasing the opportunity to identify possible biomarkers for disorders. METHODS: The aim of this study is to identify biomarkers for the identification of BC using several bioinformatic analytical tools and methods. BC and normal samples were compared for each probeset with T test in GSE13507 and GSE37817 datasets, and statistical probesets were verified with GSE52519 and E-MTAB-1940 datasets. Differential gene expression, hierarchical clustering, gene ontology enrichment analysis, and heuristic online phenotype prediction algorithm methods were utilized. Statistically significant proteins were assessed in the Human Protein Atlas database. GSE13507 (6271 probesets) and GSE37817 (3267 probesets) data were significant after the extraction of probesets without gene annotation information. Common probesets in both datasets (2888) were further narrowed by analyzing the first 100 upregulated and downregulated probesets in BC samples. RESULTS: Among the total 400 probesets, 68 were significant for both datasets with similar fold-change values (Pearson r: 0.995). Protein-protein interaction networks demonstrated strong interactions between CCNB1, BUB1B, and AURKB. The HPA database revealed similar protein expression levels for CKAP2L, AURKB, APIP, and LGALS3 both for BC and control samples. CONCLUSION: This study disclosed six candidate biomarkers for the early diagnosis of BC. It is suggested that these candidate proteins be investigated in a wet lab to identify their functions in BC pathology and possible treatment approaches."
14,PDIA4,9601,82.7012563828828,37078298,2023,MST1R as a potential new target antigen of chimeric antigen receptor T cells to treat solid tumors.,The Korean journal of physiology & pharmacology : official journal of the Korean Physiological Society and the Korean Society of Pharmacology,An W; Kang JS; Oh S; Tu A,10.4196/kjpp.2023.27.3.241,PDIA4,category; general,expression; urine,False,False,False,False,False,False,True,PDIA4,ERP70; ERP72; ERp-72,"protein disulfide-isomerase A4; ER protein 70; ER protein 72; endoplasmic reticulum resident protein 70; endoplasmic reticulum resident protein 72; protein disulfide isomerase related protein (calcium-binding protein, intestinal-related); protein disulfide isomerase-associated 4; testicular tissue protein Li 137",protein disulfide isomerase family A member 4,"Although chimeric antigen receptor T cell (CAR-T) is a promising immunotherapy in hematological malignancies, there remain many obstacles to CAR-T cell therapy for solid tumors. Identifying appropriate tumor-associated antigens (TAAs) is especially critical for success. Using a bioinformatics approach, we identified common potential TAAs for CAR-T cell immunotherapy in solid tumors. We used the GEO database as a training dataset to find differentially expressed genes (DEGs) and verified candidates using the TCGA database, obtaining seven common DEGs (HM13, SDC1, MST1R, HMMR, MIF, CD24, and PDIA4). Then, we used MERAV to analyze the expression of six genes in normal tissues to determine the ideal target genes. Finally, we analyzed tumor microenvironment factors. The results of major microenvironment factor analyses showed that MDSCs, CXCL1, CXCL12, CXCL5, CCL2, CCL5, TGF-β, CTLA-4, and IFN-γ were significantly overexpressed in breast cancer. The expression of MST1R was positively correlated with TGF-β, CTLA-4, and IFN-γ. In lung adenocarcinoma, MDSCs, Tregs, CXCL12, CXCL5, CCL2, PD-L1, CTLA-4, and IFN-γ were significantly overexpressed in tumor tissues. The expression of MST1R was positively correlated with TGF-β, CTLA-4, and IFN-γ. In bladder cancer, CXCL12, CCL2, and CXCL5 were significantly overexpressed in tumor tissues. MST1R expression was positively correlated with TGF-β. Our results demonstrate that MST1R has the potential as a new target antigen for treating breast cancer, lung adenocarcinoma, and bladder cancer and may be used as a progression indicator for bladder cancer."
15,CDC20,991,82.5664230948943,39795587,2024,CDC20 and CCNB1 Overexpression as Prognostic Markers in Bladder Cancer.,"Diagnostics (Basel, Switzerland)",Sevim Nalkiran H; Biri I; Nalkiran I; Uzun H; Durur S; Bedir R,10.3390/diagnostics15010059,CDC20,category; general,biomarker; expression; prognostic,True,False,False,False,True,False,True,CDC20,CDC20A; OOMD14; OZEMA14; bA276H19.3; p55CDC,cell division cycle protein 20 homolog; CDC20 cell division cycle 20 homolog; cell division cycle 20 homolog; fizzy homolog,cell division cycle 20,"<b>Background:</b> Bladder cancer (BC) is one of the ten most common cancers worldwide, with a high recurrence rate and significant variation in clinical outcomes based on tumor grade and stage. This study aimed to investigate the gene expression profiles at different cancer stages to assess their potential prognostic value. <b>Methods:</b> RNA was extracted from paraffin-embedded BC tissues and the gene expression levels of CDC20 and CCNB1 were analyzed using qRT-PCR. A total of 54 BC patient samples were included in the analysis and categorized into low-grade (LG) (<i>n</i> = 23) and high-grade (HG) (<i>n</i> = 31) tumors, as well as stages pTa, pT1, and pT2. <b>Results:</b> CDC20 gene expression was significantly higher in the HG group (mean fold-change: 16.1) compared to the LG group (mean fold-change: 10.54), indicating a significant association with tumor grade (<i>p</i> = 0.039). However, no significant differences were observed in CDC20 expression across the cancer stages. For CCNB1, while gene expression was significantly elevated in higher-stage tumors (pT2 vs. pTa; <i>p</i> = 0.038), no significant association was found between CCNB1 expression and tumor grade. Survival analysis revealed that increased CCNB1 expression and advanced cancer stage were associated with poorer overall survival, whereas no significant impact of CDC20 expression or tumor grade on survival was observed. Correlation analysis indicated a positive relationship between CDC20 expression and tumor grade (r = 0.284, <i>p</i> = 0.038) and between CCNB1 expression and tumor stage (r = 0.301, <i>p</i> = 0.027). <b>Conclusions:</b> Our findings suggest that CDC20 overexpression is linked to higher tumor grades, while CCNB1 overexpression is associated with more advanced cancer stages in BC. These results underscore the potential utility of CDC20 and CCNB1 as biomarkers for tumor prognosis and as therapeutic targets. Further studies with larger cohorts are needed to validate these findings and better understand the molecular mechanisms driving BC progression."
15,CDC20,991,82.5664230948943,39401430,2024,The Tumor Suppressor TPD52-Governed Endoplasmic Reticulum Stress is Modulated by APC<sup>Cdc20</sup>.,"Advanced science (Weinheim, Baden-Wurttemberg, Germany)",Dan W; Fan Y; Wang Y; Hou T; Wei Y; Liu B; Li M; Chen J; Fang Q; Que T; Lei Y; Guo C; Wang C; Gao Y; Zeng J; Li L,10.1002/advs.202405441,CDC20,category; general,diagnostic; prognostic; urine; validation,False,True,False,False,True,True,False,CDC20,CDC20A; OOMD14; OZEMA14; bA276H19.3; p55CDC,cell division cycle protein 20 homolog; CDC20 cell division cycle 20 homolog; cell division cycle 20 homolog; fizzy homolog,cell division cycle 20,"Aberrant regulation of unfolded protein response (UPR)/endoplasmic reticulum (ER) stress pathway is associated with cancer development, metastasis, and relapse, and the UPR signal transducer ATF6 has been proposed as a diagnostic and prognostic marker for many cancers. However, a causal molecular link between ATF6 activation and carcinogenesis is not established. Here, it is found that tumor protein D52 (TPD52) integrates ER stress and UPR signaling with the chaperone machinery by promoting S2P-mediated cleavage of ATF6. Although TPD52 has been generally considered as an oncogene, TPD52 is identified as a novel tumor suppressor in bladder cancer. Significantly, attenuation of the ER stress via depletion of TPD52 facilitated tumorigenesis in a subset of human carcinomas. Furthermore, the APC<sup>Cdc20</sup> E3 ligase is validated as the upstream regulator marking TPD52 for polyubiquitination-mediated proteolysis. In addition, inactivation of Cdc20 sensitized cancer cells to treatment with the ER stress inducer in a TPD52-dependent manner. Thus, the study suggests that TPD52 is a novel Cdc20 substrate that may modulate ER stress to prevent tumorigenesis."
15,CDC20,991,82.5664230948943,33290869,2021,Cdc20 induces the radioresistance of bladder cancer cells by targeting FoxO1 degradation.,Cancer letters,Wang L; Yang C; Chu M; Wang ZW; Xue B,10.1016/j.canlet.2020.11.052,CDC20,category; general,diagnostic; expression; prognostic; urine,False,False,False,False,True,False,True,CDC20,CDC20A; OOMD14; OZEMA14; bA276H19.3; p55CDC,cell division cycle protein 20 homolog; CDC20 cell division cycle 20 homolog; cell division cycle 20 homolog; fizzy homolog,cell division cycle 20,"Ionizing radiation is a conventional therapy for cancer patients, but patients often experience distant metastasis and recurrence, which lead to a poor prognosis after the implementation of this treatment. Moreover, the underlying mechanisms by which radioresistance contributes to metastatic potential is still elusive. Here, we explored the molecular mechanisms that contribute to radioresistance in bladder cancer. To achieve this, we established two irradiation-resistant (IR) cell lines, T24R and 5637R, which were derived from parental bladder cancer cell lines. Cell viability was detected by CCK-8 assay, while migration and invasion abilities were examined by wound healing and Transwell chamber assays, respectively. Furthermore, the role of Cdc20 in the regulation of epithelial to mesenchymal transition (EMT) in IR cells was explored by Western blotting, immunoprecipitation and immunofluorescence staining. The IR cells exhibited EMT properties, and our data showed that Cdc20 expression was significantly elevated in IR cells. Remarkably, Cdc20 silencing reversed the EMT phenotype in IR cells. Mechanistically, Cdc20 governed IR-mediated EMT in part by governing forkhead box O1 (FoxO1) degradation. Taken together, our findings showed that the inactivation of Cdc20 or the activation of FoxO1 might be a potential strategy to overcome radioresistance in bladder cancer."
15,CDC20,991,82.5664230948943,41374402,2025,Overexpression of <i>CDC20</i> Confer a Poorer Prognosis in Bladder Cancer Identified by Gene Co-Expression Network Analysis.,"Diagnostics (Basel, Switzerland)",Yang X; Guo Y; Wang L; Miao Z; Lu X; Ruan J; Tian W,10.3390/diagnostics15233016,CDC20,category; general,biomarker; diagnostic; expression; prognostic; validation,True,True,False,False,True,True,True,CDC20,CDC20A; OOMD14; OZEMA14; bA276H19.3; p55CDC,cell division cycle protein 20 homolog; CDC20 cell division cycle 20 homolog; cell division cycle 20 homolog; fizzy homolog,cell division cycle 20,"<b>Background/Objectives</b>: Bladder cancer (BCa) ranks as the tenth most prevalent malignancy worldwide, characterized by high morbidity and mortality rates. Despite advancements in understanding its pathogenesis, the identification of robust prognostic biomarkers remains critical for improving clinical outcomes. This study aims to identify and validate novel prognostic markers for BCa through integrated bioinformatics and experimental approaches. <b>Methods</b>: Gene expression data and clinical information were obtained from the GEO (GSE13507) and TCGA databases. Differential gene expression analysis and weighted gene co-expression network analysis (WGCNA) were employed to identify overlapping genes. Functional enrichment analysis was performed to explore biological functions, followed by protein-protein interaction (PPI) network construction and survival analysis. Key candidate genes were screened using the CytoHubba plugin in Cytoscape. <i>CDC20</i> expression was validated through RT-qPCR, and its functional role in BCa cells was assessed in vitro. <b>Results</b>: Eight candidate hub genes (<i>TROAP</i>, <i>TPX2</i>, <i>TOP2A</i>, <i>KIF2C</i>, <i>AURKA</i>, <i>CDC20</i>, <i>PRC1</i>, and <i>AURKB</i>) were identified. Survival analysis revealed that high <i>CDC20</i> expression was significantly associated with decreased overall survival in BCa patients. Mechanistic investigations demonstrated that <i>CDC20</i> promotes tumor invasion and growth by modulating mitosis and cell cycle progression, while also influencing the tumor microenvironment through immune cell regulation. Experimental validation confirmed the tumor-promoting role of <i>CDC20</i> in BCa cells. <b>Conclusions</b>: This study identifies <i>CDC20</i> as a key prognostic biomarker for bladder cancer, providing novel insights for early diagnosis, clinical treatment, and prognosis assessment. The findings highlight the potential of <i>CDC20</i> as a therapeutic target and underscore the value of integrated bioinformatics and experimental validation in biomarker discovery."
15,CDC20,991,82.5664230948943,38438666,2024,Bioinformatics analysis and experimental validation reveal that CDC20 overexpression promotes bladder cancer progression and potential underlying mechanisms.,Genes & genomics,Liu Y; Zou SH; Gao X,10.1007/s13258-024-01505-x,CDC20,category; general,diagnostic; expression; prognostic; roc_auc; urine; validation,False,True,True,False,True,True,True,CDC20,CDC20A; OOMD14; OZEMA14; bA276H19.3; p55CDC,cell division cycle protein 20 homolog; CDC20 cell division cycle 20 homolog; cell division cycle 20 homolog; fizzy homolog,cell division cycle 20,"BACKGROUND: Bladder cancer is a prevalent malignancy. CDC20, a pivotal cell cycle regulator gene, plays a significant role in tumour cell proliferation, but its role in bladder cancer remains unclear. OBJECTIVE: This study aimed to analyse CDC20 expression in bladder cancer and explore its roles in tumour progression, treatment response, patient prognosis, and cellular proliferation mechanisms. METHODS: We systematically analysed CDC20 expression in bladder cancer using bioinformatics. Our study investigated the impact of CDC20 on chemotherapy and radiotherapy sensitivity, patient prognosis, and changes in CDC20 methylation levels. We also explored the role and potential underlying mechanisms of CDC20 in bladder cancer cell growth. We used lentiviral transfection to downregulate CDC20 expression in 5637 and T24 cells, followed by CCK-8, colony formation, scratch, invasion, apoptosis, and cell cycle analyses. RESULTS: CDC20 is highly expressed in bladder cancer and is significantly correlated with poor prognosis. Moreover, CDC20 demonstrated high diagnostic potential for bladder cancer (AUC > 0.9). The tumour methylation levels of CDC20 in tumour tissues markedly decreased compared with those in normal tissues, and lower methylation levels were associated with a worse prognosis. Elevated CDC20 expression is linked to increased mutation burden. Our findings suggested a potential association between high CDC20 expression and resistance to chemotherapy and radiotherapy, as CDC20 expression may impact immune cell infiltration levels. Mechanistic analysis revealed the influence of CDC20 on bladder cancer cell proliferation through cell cycle-related pathways. According to the cell experiments, CDC20 downregulation significantly impedes bladder cancer cell proliferation and invasion, leading to G1 phase arrest. CONCLUSION: Aberrantly high CDC20 expression promotes tumour progression in bladder cancer, resulting in a poor prognosis, and may also constitute a promising therapeutic target."
15,CDC20,991,82.5664230948943,37484159,2023,Comprehensive Analysis of Differential Gene Expression and Correlated Immune Infiltration in Bladder Cancer.,Iranian journal of public health,Xiao X; Peng J; Chen Y; Lu X; Sun W; Xiao W; Yuan M; Huang X,10.18502/ijph.v52i6.12988,CDC20,category; general,biomarker; expression; prognostic; roc_auc; urine,True,False,True,True,True,False,True,CDC20,CDC20A; OOMD14; OZEMA14; bA276H19.3; p55CDC,cell division cycle protein 20 homolog; CDC20 cell division cycle 20 homolog; cell division cycle 20 homolog; fizzy homolog,cell division cycle 20,"BACKGROUND: Bladder cancer (BCa) is one of the most common urinary tract malignancies. Our study aimed to provide promising biomarkers for BCa screening and prognosis. METHODS: BCa samples were obtained from Gene Expression Omnibus (GEO) datasets. Differentially expressed genes (DEGs) were analysed by GO/KEGG analysis. Univariate Cox hazard analysis and Kaplan Meier Curve clarified the relevance of DEGs and survival. Receiver operating characteristic (ROC) curve showed the discrimination ability of DEGs in BCa patient outcome prediction. RT-PCR was used to validate gene expression. RESULTS: Overall, 61 common up regulated and 170 common down-regulated genes in BCa were obtained. DEGs were mainly enriched in proliferation and metastasis processes. <i>CDC20</i>, <i>COL14A1</i>, <i>SPARCL1</i>, <i>TMOD1</i>, <i>RHOJ</i>, <i>FXYD6</i> and <i>MFAP4</i> had clinical relevance to survival with high accuracy. <i>CDC20</i>, <i>SPARCL1</i> and <i>TMOD1</i> are promising biomarkers of BCa. <i>CDC20</i>, <i>SPARCL1</i> and <i>TMOD1</i> are involved in cancer immune infiltration. CONCLUSION: <i>CDC20</i>, <i>SPARCL1</i> and <i>TMOD1</i> are promising biomarkers of bladder cancer. In addition, <i>CDC20</i>, <i>SPARCL1</i> and <i>TMOD1</i> are involved in cancer immune infiltration, which provides new targets in immune therapy in bladder cancer."
15,CDC20,991,82.5664230948943,30533316,2018,Identification of key candidate genes and biological pathways in bladder cancer.,PeerJ,Gao X; Chen Y; Chen M; Wang S; Wen X; Zhang S,10.7717/peerj.6036,CDC20,category; general,biomarker; expression; prognostic; urine,True,False,False,True,True,False,True,CDC20,CDC20A; OOMD14; OZEMA14; bA276H19.3; p55CDC,cell division cycle protein 20 homolog; CDC20 cell division cycle 20 homolog; cell division cycle 20 homolog; fizzy homolog,cell division cycle 20,"BACKGROUND: Bladder cancer is a malignant tumor in the urinary system with high mortality and recurrence rates. However, the causes and recurrence mechanism of bladder cancer are not fully understood. In this study, we used integrated bioinformatics to screen for key genes associated with the development of bladder cancer and reveal their potential molecular mechanisms. METHODS: The GSE7476, GSE13507, GSE37815 and GSE65635 expression profiles were downloaded from the Gene Expression Omnibus database, and these datasets contain 304 tissue samples, including 81 normal bladder tissue samples and 223 bladder cancer samples. The RobustRankAggreg (RRA) method was utilized to integrate and analyze the four datasets to obtain integrated differentially expressed genes (DEGs), and the gene ontology (GO) functional annotation and Kyoto encyclopedia of genes and genomes (KEGG) pathway analysis were performed. Protein-protein interaction (PPI) network and module analyses were performed using Cytoscape software. The OncoLnc online tool was utilized to analyze the relationship between the expression of hub genes and the prognosis of bladder cancer. RESULTS: In total, 343 DEGs, including 111 upregulated and 232 downregulated genes, were identified from the four datasets. GO analysis showed that the upregulated genes were mainly involved in mitotic nuclear division, the spindle and protein binding. The downregulated genes were mainly involved in cell adhesion, extracellular exosomes and calcium ion binding. The top five enriched pathways obtained in the KEGG pathway analysis were focal adhesion (FA), PI3K-Akt signaling pathway, proteoglycans in cancer, extracellular matrix (ECM)-receptor interaction and vascular smooth muscle contraction. The top 10 hub genes identified from the PPI network were vascular endothelial growth factor A (VEGFA), TOP2A, CCNB1, Cell division cycle 20 (CDC20), aurora kinase B, ACTA2, Aurora kinase A, UBE2C, CEP55 and CCNB2. Survival analysis revealed that the expression levels of ACTA2, CCNB1, CDC20 and VEGFA were related to the prognosis of patients with bladder cancer. In addition, a KEGG pathway analysis of the top 2 modules identified from the PPI network revealed that Module 1 mainly involved the cell cycle and oocyte meiosis, while the analysis in Module 2 mainly involved the complement and coagulation cascades, vascular smooth muscle contraction and FA. CONCLUSIONS: This study identified key genes and pathways in bladder cancer, which will improve our understanding of the molecular mechanisms underlying the development and progression of bladder cancer. These key genes might be potential therapeutic targets and biomarkers for the treatment of bladder cancer."
15,CDC20,991,82.5664230948943,36794046,2023,Targeting the anaphase-promoting complex/cyclosome (APC/C) enhanced antiproliferative and apoptotic response in bladder cancer.,Saudi journal of biological sciences,Sevim Nalkiran H; Akcora Yildiz D; Saydam F; Guzel AI; Nalkiran I,10.1016/j.sjbs.2023.103564,CDC20,category; general,biomarker; expression; prognostic,True,False,False,False,True,False,True,CDC20,CDC20A; OOMD14; OZEMA14; bA276H19.3; p55CDC,cell division cycle protein 20 homolog; CDC20 cell division cycle 20 homolog; cell division cycle 20 homolog; fizzy homolog,cell division cycle 20,"Improving the chemotherapy sensitivity of bladder cancer is a current clinical challenge. It is critical to seek out effective combination therapies that include low doses of cisplatin due to its dose-limiting toxicity. This study aims to investigate the cytotoxic effects of the combination therapy including proTAME, a small molecule inhibitor, targeting Cdc-20 and to determine the expression levels of several APC/C pathway-related genes that may play a role in the chemotherapy response of RT-4 (bladder cancer) and ARPE-19 (normal epithelial) cells. The IC20 and IC50 values were determined by MTS assay. The expression levels of apoptosis-associated (<i>Bax</i> and <i>Bcl-2)</i> and APC/C-associated <i>(Cdc-20</i>, <i>Cyclin-B1</i>, <i>Securin,</i> and <i>Cdh-1)</i> genes were assessed by qRT-PCR. Cell colonization ability and apoptosis were examined by clonogenic survival experiment and Annexin V/PI staining, respectively. Low-dose combination therapy showed a superior inhibition effect on RT-4 cells by increasing cell death and inhibiting colony formation. Triple-agent combination therapy further increased the percentage of late apoptotic and necrotic cells compared to the doublet-therapy with gemcitabine and cisplatin. ProTAME-containing combination therapies resulted in an elevation in Bax/Bcl-2 ratio in RT-4 cells, while a significant decrease was observed in proTAME-treated ARPE-19 cells. Cdc-20 expression in proTAME combined treatment groups were found to be decreased compared to their control groups. Low-dose triple-agent combination induced cytotoxicity and apoptosis in RT-4 cells effectively. It is essential to evaluate the role of APC/C pathway-associated potential biomarkers as therapeutic targets and define new combination therapy regimens to achieve improved tolerability in bladder cancer patients in the future."
15,CDC20,991,82.5664230948943,37939859,2023,Quantitative transcriptomic and proteomic analysis reveals corosolic acid inhibiting bladder cancer via suppressing cell cycle and inducing mitophagy in vitro and in vivo.,Toxicology and applied pharmacology,Cui A; Li X; Ma X; Song Z; Wang X; Wang C; Xia Y,10.1016/j.taap.2023.116749,CDC20,category; general,urine,False,False,False,False,False,False,False,CDC20,CDC20A; OOMD14; OZEMA14; bA276H19.3; p55CDC,cell division cycle protein 20 homolog; CDC20 cell division cycle 20 homolog; cell division cycle 20 homolog; fizzy homolog,cell division cycle 20,"Corosolic acid (CA) is a plant-derived terpenoid compound with many health benefits. However, the anti-tumor effects of CA in bladder cancer remain unexplored. Here, we found that CA inhibited bladder tumor both in vitro and in vivo, and had no significant toxicity in mice. With the aid of transcriptomics and proteomics, we elucidated the regulatory network mechanism of CA inhibiting bladder cancer. Through cell viability detection, cell fluorescence staining and flow cytometry, we discovered that CA inhibited bladder cancer mainly through blocking cell cycle. Interestingly, CA played anticancer roles by distinct mechanisms at different concentrations: low concentrations (<7.0 μg/ml) of CA mainly inhibited DNA synthesis by downregulating TOP2A and LIG1, and diminished mitosis by downregulating CCNA2, CCNB1, CDC20, and RRM2; high concentrations (≥7.0 μg/ml) of CA induced cell death through triggering mitophagy via upregulating NBR1, TAXBP1, SQSTM1/P62, and UBB. CA, as a natural molecule of homology of medicine and food, is of great significance for the prevention and treatment of cancer patients following clarifying its anti-cancer mechanism. This study provides a comprehensive understanding of the pharmacological mechanism of CA inhibition in bladder cancer, which is helpful for the development of new anti-tumor drugs based on CA."
15,CDC20,991,82.5664230948943,39069115,2024,Over-expression of KRT17 and MDK genes at mRNA levels in urine-exfoliated cells is associated with early non-invasive diagnosis of non-muscle-invasive bladder cancer.,Clinical biochemistry,Dayati P; Shakhssalim N; Allameh A,10.1016/j.clinbiochem.2024.110808,CDC20,category; general,biomarker; diagnostic; expression; roc_auc; urine,True,True,True,True,False,False,True,CDC20,CDC20A; OOMD14; OZEMA14; bA276H19.3; p55CDC,cell division cycle protein 20 homolog; CDC20 cell division cycle 20 homolog; cell division cycle 20 homolog; fizzy homolog,cell division cycle 20,"INTRODUCTION: Current diagnostic approaches for bladder cancer (BLCA) are often invasive or lack the required sensitivity and specificity. This underscores the need for an early non-invasive diagnostic test for BLCA. This work aimed to explore the potential of molecular markers in urine-exfoliated cells for the diagnosis of non-muscle-invasive bladder cancer (NMIBC). MATERIALS AND METHODS: Urine specimens (n = 140) were collected from NMIBC patients (n = 68) and control subjects (31 healthy volunteers and 41 non-cancer patients with common urological diseases [CUD]. Total RNA was extracted from the cells isolated from urine specimens. mRNA expression of selected genes: CDC20, KRT15, FOXM1, CXCR2, UPK1B, MDK, KRT20, and KRT17 was determined using RT-qPCR. The receiver operating characteristic (ROC) curve was then plotted to obtain the area under the curve (AUC), specificity, and sensitivity of the urinary mRNA markers. RESULTS: The expression of CDC20, MDK, UPK1B, FOXM1, KRT17, and KRT20 was up-regulated in samples obtained from low- and high-grade pathological grades of NMIBC compared to that measured in healthy subjects. Notably, MDK and KRT17 mRNA levels in the low- and high-grade cases were substantially higher than in normal and CUD groups. The AUC of the KRT17 and MDK combination in diagnosing NMIBC was 0.92, surpassing that of single genes. The sensitivity and specificity of the KRT17 and MDK combination were 74% and 94%, respectively. In diagnosing low-grade from healthy and CUD groups, analysis of the KRT17 and MDK combination yielded AUCs of 0.94 and 0.95, respectively, with sensitivities of 85% and 97%, and specificities of 93% and 85%. CONCLUSION: The findings of this study revealed that KRT17 and MDK together are potential urine-based biomarkers for early diagnosis of NMIBC."
15,CDC20,991,82.5664230948943,36479068,2022,Prognostic significance of CDC20 expression in malignancy patients: A meta-analysis.,Frontiers in oncology,Xian F; Yang X; Xu G,10.3389/fonc.2022.1017864,CDC20,category; general,biomarker; expression; prognostic,True,False,False,False,True,False,True,CDC20,CDC20A; OOMD14; OZEMA14; bA276H19.3; p55CDC,cell division cycle protein 20 homolog; CDC20 cell division cycle 20 homolog; cell division cycle 20 homolog; fizzy homolog,cell division cycle 20,"BACKGROUND: Cell Division Cycle Protein 20(CDC20) is reported to promote cancer initiation, progression and drug resistance in many preclinical models and is demonstrated in human cancer tissues. However, the correlation between CDC20 and cancer patients' prognosis has not yet been systematically evaluated. Therefore, this present meta-analysis was performed to determine the prognostic value of CDC20 expression in various malignancy tumors. METHODS: A thorough database search was performed in EMBASE, PubMed, Cochrane Library and Web of Science from inception to May 2022. Stata14.0 Software was used for the statistical analysis. The pooled hazard ratios(HRs) and their 95% confidence intervals (95% CIs) were used to analysis of overall survival (OS), recurrence-free survival (RFS), distant-metastasis free survival (DMFS). Qualities of the included literature were assessed by JBI Critical appraisal checklist. Egger's test was used to assess publication bias in the included studies. RESULTS: Ten articles were selected, and 2342 cancer patients were enrolled. The cancer types include breast, colorectal, lung, gastric, oral, prostate, urothelial bladder cancer, and hepatocellular carcinoma. The result showed strong significant associations between high expression of CDC20 and endpoints: OS (HR 2.52, 95%CI 2.13-2.99; HR 2.05, 95% CI 1.50-2.82, respectively) in the multivariate analysis and in the univariate analysis. Also, high expression of CDC20 was significantly connected with poor RFS (HR 2.08, 95%CI 1.46-2.98) and poor DMFS (HR 4.49, 95%CI 1.57-12.85). The subgroup analysis was also performed, which revealed that CDC20 upregulated expression was related to poor OS in non-small cell lung cancer (HR 2.40, 95% CI 1.91-3.02). CONCLUSIONS: This meta-analysis demonstrated that highly expressing CDC20 was associated with poor survival in human malignancy tumors. CDC20 may be a valuable prognostic predictive biomarker and a potential therapeutic target in various cancer parents."
15,CDC20,991,82.5664230948943,32047816,2020,Screening and Identification of Key Biomarkers for Bladder Cancer: A Study Based on TCGA and GEO Data.,BioMed research international,Xu Y; Wu G; Li J; Li J; Ruan N; Ma L; Han X; Wei Y; Li L; Zhang H; Chen Y; Xia Q,10.1155/2020/8283401,CDC20,category; general,biomarker; diagnostic; expression; prognostic; urine,True,True,False,True,True,False,False,CDC20,CDC20A; OOMD14; OZEMA14; bA276H19.3; p55CDC,cell division cycle protein 20 homolog; CDC20 cell division cycle 20 homolog; cell division cycle 20 homolog; fizzy homolog,cell division cycle 20,"Bladder cancer (BLCA) is a common malignant cancer, and it is the most common genitourinary cancer in the world. The recurrence rate is the highest of all cancers, and the treatment of BLCA has only slightly improved over the past 30 years. Genetic and environmental factors play an important role in the development and progression of BLCA. However, the mechanism of cancer development remains to be proven. Therefore, the identification of potential oncogenes is urgent for developing new therapeutic directions and designing novel biomarkers for the diagnosis and prognosis of BLCA. Based on this need, we screened overlapping differentially expressed genes (DEG) from the GSE7476, GSE13507, and TCGA BLCA datasets. To identify the central genes from these DEGs, we performed a protein-protein interaction network analysis. To investigate the role of DEGs and the underlying mechanisms in BLCA, we performed Gene Ontology (GO) and Kyoto Gene and Genomic Encyclopedia (KEGG) analysis; we identified the hub genes via different evaluation methods in cytoHubba and then selected the target genes by performing survival analysis. Finally, the relationship between these target genes and tumour immunity was analysed to explore the roles of these genes. In summary, our current studies indicate that both cell division cycle 20 (CDC20) and abnormal spindle microtubule assembly (ASPM) genes are potential prognostic biomarkers for BLCA. It may also be a potential immunotherapeutic target with future clinical significance."
15,CDC20,991,82.5664230948943,32677673,2020,Identification of cell division cycle 20 as a candidate biomarker and potential therapeutic target in bladder cancer using bioinformatics analysis.,Bioscience reports,Shen P; He X; Lan L; Hong Y; Lin M,10.1042/BSR20194429,CDC20,category; general,biomarker; diagnostic; expression; prognostic; urine; validation,True,True,False,False,True,True,True,CDC20,CDC20A; OOMD14; OZEMA14; bA276H19.3; p55CDC,cell division cycle protein 20 homolog; CDC20 cell division cycle 20 homolog; cell division cycle 20 homolog; fizzy homolog,cell division cycle 20,"PURPOSE: As bladder cancer (BC) is very heterogeneous and complicated in the genetic level, exploring genes to serve as biomarkers and therapeutic targets is practical. MATERIALS AND METHODS: We searched Gene Expression Omnibus (GEO) and downloaded the eligible microarray datasets. After intersection analysis for identified differentially expressed genes (DEGs) of included datasets, overlapped DEGs were identified and subsequently analyzed with Gene Ontology (GO), Kyoto Encyclopedia of Genes and Genomes (KEGG), Protein-Protein Interaction (PPI) and hub genes identification. Hub genes were further analyzed with mRNA expression comparation in Oncomine and Gene Expression Profiling Interactive Analysis (GEPIA) database, proteomics-based validation in The Human Protein Atlas (THPA) and survival analysis in GEO and Oncolnc database. RESULTS: We analyzed five eligible GEO datasets and identified 76 overlapped DEGs mapped into PPI network with 459 edges which were mainly enriched in cell cycle pathway and related terms in GO and KEGG analysis. Among five identified hub genes, which are Cyclin-Dependent Kinase 1 (CDK1), Ubiquitin-Conjugating Enzyme E2 C (UBE2C), Cell Division Cycle 20 (CDC20), Microtubule Nucleation Factor (TPX2) and Cell Division Cycle Associated 8 (CDCA8); CDC20 and CDCA8 were confirmed as significant in mRNA expression comparation and proteomics-based validation. However, only CDC20 was considered prognostically significant in both GEO and Oncolnc database. CONCLUSIONS: CDC20 and CDCA8 were identified as candidate diagnostic biomarkers for BC in the present study; however, only CDC20 was validated as prognostically valuable and may possibly serve as a candidate prognostic biomarker and potential therapeutic target. Still, further validation studies are essential and indispensable."
15,CDC20,991,82.5664230948943,34885040,2021,Identification of Key Genes Associated with Progression and Prognosis of Bladder Cancer through Integrated Bioinformatics Analysis.,Cancers,Verma S; Shankar E; Lin S; Singh V; Chan ER; Cao S; Fu P; MacLennan GT; Ponsky LE; Gupta S,10.3390/cancers13235931,CDC20,category; general,biomarker; expression; prognostic; validation,True,False,False,False,True,True,True,CDC20,CDC20A; OOMD14; OZEMA14; bA276H19.3; p55CDC,cell division cycle protein 20 homolog; CDC20 cell division cycle 20 homolog; cell division cycle 20 homolog; fizzy homolog,cell division cycle 20,"Bladder cancer prognosis remains dismal due to lack of appropriate biomarkers that can predict its progression. The study aims to identify novel prognostic biomarkers associated with the progression of bladder cancer by utilizing three Gene Expression Omnibus (GEO) datasets to screen differentially expressed genes (DEGs). A total of 1516 DEGs were identified between non-muscle invasive and muscle invasive bladder cancer specimens. To identify genes of prognostic value, we performed gene ontology (GO) and Kyoto Encyclopedia of Genes and Genomes (KEGG) analysis. A total of seven genes, including <i>CDKN2A</i>, <i>CDC20</i>, <i>CTSV</i>, <i>FOXM1</i>, <i>MAGEA6</i>, <i>KRT23</i>, and <i>S100A9</i> were confirmed with strong prognostic values in bladder cancer and validated by qRT-PCR conducted in various human bladder cancer cells representing stage-specific disease progression. ULCAN, human protein atlas and The Cancer Genome Atlas datasets were used to confirm the predictive value of these genes in bladder cancer progression. Moreover, Kaplan-Meier analysis and Cox hazard ratio analysis were performed to determine the prognostic role of these genes. Univariate analysis performed on a validation set identified a 3-panel gene set viz. <i>CDKN2A</i>, <i>CTSV</i> and <i>FOXM1</i> with 95.5% sensitivity and 100% specificity in predicting bladder cancer progression. In summary, our study screened and confirmed a 3-panel biomarker that could accurately predict the progression and prognosis of bladder cancer."
15,CDC20,991,82.5664230948943,23995871,2013,High expression of spindle assembly checkpoint proteins CDC20 and MAD2 is associated with poor prognosis in urothelial bladder cancer.,Virchows Archiv : an international journal of pathology,Choi JW; Kim Y; Lee JH; Kim YS,10.1007/s00428-013-1473-6,CDC20; cell division cycle 20 homolog,category; general,expression; prognostic; urine,False,False,False,False,True,False,True,CDC20,CDC20A; OOMD14; OZEMA14; bA276H19.3; p55CDC,cell division cycle protein 20 homolog; CDC20 cell division cycle 20 homolog; cell division cycle 20 homolog; fizzy homolog,cell division cycle 20,"Aneuploidy is a result of the abnormal expression of spindle assembly checkpoint (SAC) proteins and resulting abnormal spindle function during mitosis. High expression of cell division cycle 20 homolog (CDC20) and mitotic arrest defective protein 2 (MAD2), key components of the SAC, has been reported in various carcinomas. However, the clinicopathological significance of CDC20 and MAD2 expressions in urothelial carcinoma of the human bladder (UCB) is unknown. We therefore studied the expression of CDC20 and MAD2 in UCB specimens by immunohistochemistry. High expression of CDC20 and MAD2 was observed in 59.0 % (200/339) and 51.0 % (173/339) of UCB cases, respectively. Most high-grade tumor cells exhibited diffuse nuclear and/or cytoplasmic staining for CDC20 and MAD2, whereas most low-grade tumor cells and normal urothelial cells were not stained. CDC20 overexpression was associated with advanced age (p = 0.010), high grade (p < 0.001), advanced stage (p < 0.001), non-papillary growth pattern (p < 0.001), and distant metastasis (p = 0.042). Similarly, high MAD2 expression correlated with high grade (p < 0.001), advanced stage (p < 0.001), and non-papillary growth pattern (p < 0.001). In univariate survival analyses, high CDC20 expression correlated with shorter recurrence-free survival (RFS) (p = 0.032) and poorer overall survival (OS) (p = 0.007) in patients with UCB, whereas high MAD2 expression was associated with poorer OS (p = 0.008). In multivariate analyses, high CDC20 expression correlated with shorter RFS of patients with Ta stage UCB (hazard ratio, 1.91; p = 0.01). In conclusion, increased expression of CDC20 and MAD2 is related to poor prognosis of UCB."
15,CDC20,991,82.5664230948943,34988018,2021,Identification and Validation of Hub Genes Associated with Bladder Cancer by Integrated Bioinformatics and Experimental Assays.,Frontiers in oncology,Chen K; Xing J; Yu W; Xia Y; Zhang Y; Cheng F; Rao T,10.3389/fonc.2021.782981,CDC20,category; general,diagnostic; expression; prognostic; urine; validation,False,True,False,True,True,True,True,CDC20,CDC20A; OOMD14; OZEMA14; bA276H19.3; p55CDC,cell division cycle protein 20 homolog; CDC20 cell division cycle 20 homolog; cell division cycle 20 homolog; fizzy homolog,cell division cycle 20,"Bladder cancer (BC) is the most common malignant tumor of the urinary system and is associated with high morbidity and mortality; however, the molecular mechanism underlying its occurrence is not clear. In this study, the gene expression profile and related clinical information of GSE13507 were downloaded from the Gene Expression Omnibus (GEO) database. RNA sequencing (RNA-seq) expression data and related clinical information were retrieved from The Cancer Genome Atlas (TCGA) database. Overlapping genes were identified by differential gene expression analysis and weighted gene co-expression network analysis (WGCNA). Then, we carried out functional enrichment analysis to understand the potential biological functions of these co-expressed genes. Finally, we performed a protein-protein interaction (PPI) analysis combined with survival analysis. Using the CytoHubba plug-in of Cytoscape, <i>TROAP</i>, <i>CENPF</i>, <i>PRC1</i>, <i>AURKB</i>, <i>CCNB2</i>, <i>CDC20</i>, <i>TTK</i>, <i>CEP55</i>, <i>ASPM</i>, and <i>CDCA8</i> were identified as candidate central genes. According to the survival analysis, the high expression of <i>TTK</i> was related to the poor overall survival (OS) of patients with BC. <i>TTK</i> may also affect the bladder tumor microenvironment (TME) by affecting the number of immune cells. The expression level of <i>TTK</i> was verified by immunohistochemistry (IHC) and real-time quantitative polymerase chain reaction (RT-qPCR), and the tumor-promoting effect of <i>TTK</i> in BC cells was confirmed <i>in vitro</i>. Our results also identified the MSC-AS1/hsa-miR-664b-3p/TTK regulatory axis, which may also play an important role in the progression of BC, but further research is needed to verify this result. In summary, our results provide a new idea for accurate early diagnosis, clinical treatment, and prognosis of BC."
15,CDC20,991,82.5664230948943,27528424,2016,UBE2C cell-free RNA in urine can discriminate between bladder cancer and hematuria.,Oncotarget,Kim WT; Jeong P; Yan C; Kim YH; Lee IS; Kang HW; Kim YJ; Lee SC; Kim SJ; Kim YT; Moon SK; Choi YH; Kim IY; Yun SJ; Kim WJ,10.18632/oncotarget.11277,CDC20,category; general,biomarker; diagnostic; expression; roc_auc; urine,True,True,True,True,False,False,True,CDC20,CDC20A; OOMD14; OZEMA14; bA276H19.3; p55CDC,cell division cycle protein 20 homolog; CDC20 cell division cycle 20 homolog; cell division cycle 20 homolog; fizzy homolog,cell division cycle 20,"BACKGROUND: There is growing interest in circulating nucleic acids as cancer detection biomarkers. Therefore, the aim of the present study was to identify a key urinary cell-free RNA marker that may assist in the diagnosis of BC. RESULTS: Five cell-free RNAs were selected as candidate cell-free RNAs from tissue microarray data. An area under the curve (AUC) cut-off value of 0.7 in receiver operating characteristic (ROC) curve analysis identified four urinary cell-free RNAs for further analysis (CDC20, ESM1, UBE2C, and CA9; AUC = 0.716, 0.704, 0.721, and 0.702, respectively). Binary logistic regression analysis revealed that high expression of UBE2C was significantly associated with BC (OR, 1.754; CI, 1.147-2.682; p = 0.010). Analysis of UBE2C expression in urine samples from BC patients and hematuria controls yielded an AUC of 0.839, with a sensitivity of 82.5% and a specificity of 76.2%. UBE2C levels was significantly increased in G2 and G3 tumors compared to normal controls (p <0.001, respectively). MATERIALS AND METHODS: Urine samples from 212 BC patients and 106 normal controls (64 healthy individuals and 42 with hematuria) were examined. The candidate cell-free RNAs identified from tissue microarrays derived from BC and normal control tissues was then measured in the urine samples. CONCLUSIONS: The levels of urinary UBE2C cell-free RNA were significantly higher in BC samples than in normal and hematuria control samples. The higher levels of urinary UBE2C cell-free RNA in BC might reflect high expression in BC tissues. Therefore, urinary UBE2C cell-free RNA may be a valuable diagnostic marker for BC."
15,CDC20,991,82.5664230948943,35706790,2022,Identification of hub genes associated with bladder cancer using bioinformatic analyses.,Translational cancer research,Zheng W; Zhao Y; Wang T; Zhao X; Tan Z,10.21037/tcr-22-1004,CDC20,category; general,biomarker; diagnostic; expression; prognostic,True,True,False,False,True,False,True,CDC20,CDC20A; OOMD14; OZEMA14; bA276H19.3; p55CDC,cell division cycle protein 20 homolog; CDC20 cell division cycle 20 homolog; cell division cycle 20 homolog; fizzy homolog,cell division cycle 20,"BACKGROUND: Bladder cancer (BLCA) is the ninth most common cancer worldwide, with high mortality and recurrence rates. Studies have increasingly reported that molecular diagnosis contributes to the early diagnosis and prognostic assessment of diseases. Thus, this study aims to find new biomarkers for the diagnosis and prognosis of BLCA. METHODS: The microarray datasets GSE147983 and The Cancer Genome Atlas (TCGA)-BLCA mRNA were obtained from the Gene Expression Omnibus (GEO) and TCGA. Differentially expressed genes (DEGs) were screened using the R ""Limma"" package. The ""ClusterProfiler"" package was used to conduct Gene Ontology (GO) enrichment analysis and Kyoto Encyclopedia of Genes and Genomes (KEGG) pathway analysis of the DEGs. A DEG protein-protein interaction (PPI) network was constructed using the Search Tool for the Retrieval of Interacting Genes (STRING) database and visualized using Cytoscape. The functional module was reanalyzed using Cytoscape's Molecular Complex Detection (""MCODE"") plugin, and key genes related to BLCA were identified via the ""cytoHubba"" plugin. Gene Expression Profiling Interactive Analysis 2 (GEPIA2) and the Tumor Immune Estimation Resource (TIMER) were used to verify the correlation between hub gene expression and immunity. A survival analysis of hub genes was performed using the Kaplan-Meier Plotter online tool. RESULTS: A total of 355 DEGs were screened out, including 236 upregulated and 119 downregulated DEGs. Some of the GO terms and pathways, such as chromosome separation, cell cycle, and cell senescence, were found to be significantly enriched in the DEGs. The key genes were kinesin family member 11 (<i>KIF11</i>), DLG associated protein 5 (<i>DLGAP5</i>), non-SMC condensin I complex subunit G (<i>NCAPG</i>), cell division cycle 20 (<i>CDC20</i>), cyclin B2 (<i>CCNB2</i>), BUB1 mitotic checkpoint serine (<i>BUB1B</i>), TPX2 microtubule nucleation factor (<i>TPX2</i>), NUF2 component of NDC80 kinetochore complex (<i>NUF2</i>), kinesin family member 2C (<i>KIF2C</i>), and cyclin B1 (<i>CCNB1</i>). Nine of them were immune-related, including <i>KIF11, DLGAP5, NCAPG, CDC20, CCNB2, BUB1B, NUF2, KIF2C</i>, and <i>CCNB1</i>. Survival analysis showed that the overexpression of BUB1B, CCNB1, CDC20, and DLGAP5 significantly reduced overall survival (OS) in patients with BLCA. CONCLUSIONS: This study provided a theoretical basis for elucidating the pathogenesis and evaluating the prognosis of BLCA by screening potential biomarkers of BLCA."
15,CDC20,991,82.5664230948943,35117452,2020,"Integrative analysis of mRNA, miRNA and lncRNA profiles reveals the commonness between bladder cancer and breast cancer.",Translational cancer research,Xu W; Hua L; Xia H,10.21037/tcr.2019.12.92,CDC20,category; general,biomarker; diagnostic; prognostic; urine,True,True,False,True,True,False,False,CDC20,CDC20A; OOMD14; OZEMA14; bA276H19.3; p55CDC,cell division cycle protein 20 homolog; CDC20 cell division cycle 20 homolog; cell division cycle 20 homolog; fizzy homolog,cell division cycle 20,"BACKGROUND: Urinary bladder cancer (BLCA) and breast cancer (BRCA) are two cancers which are the most common cause of death. Recent studies have found that BLCA and BRCA shared commonness on many areas, such as biological mechanism, molecular subtypes and clinical stage. Therefore, a mature knowledge of BRCA can help highlight the treatment and prognosis of BLCA. METHODS: To address this issue, we performed a comprehensive integrative analysis to investigate the similarity between both cancers. Firstly, functional enrichment analysis based on differently expressed transcripts was performed. Secondly, PPI network analysis was performed to identify some hub genes in both cancers. Thirdly, the machine learning method was applied to construct cancer predictor. Finally, competing endogenous RNA (ceRNA) networks of both cancers were constructed by applying the integrated method. RESULTS: The functional enrichment analysis showed that ECM-receptor interaction, Focal adhesion, PI3K-Akt signaling pathway were significantly pathways shared by BLCA and BRCA. From the PPI networks analysis, we identified some potential biomarkers shared by both cancers, such as CCNB1, CDC20, BUB2 and so on. The mRNA type and lncRNA type cancer predictor with good classifying performance were generated with machine learning approach, and some mRNA and lncRNA that contribute to cancer diagnostic were identified. By construct ceRNA networks, we identified some common cancer-associated ceRNA pairs, which may be helpful to uncover the relationship between two cancers. CONCLUSIONS: Our findings enhance the understanding of the various molecular signatures and commonalities shared by BLCA and BRCA, suggesting that BLCA may be particularly responsive to some treatments for BRCA."
15,CDC20,991,82.5664230948943,36820589,2023,CCNB2 as a potential biomarker of bladder cancer via the high throughput technology.,Medicine,Zhang L; Liu B; Su J,10.1097/MD.0000000000032825,CDC20,category; general,biomarker; expression; urine,True,False,False,False,False,False,True,CDC20,CDC20A; OOMD14; OZEMA14; bA276H19.3; p55CDC,cell division cycle protein 20 homolog; CDC20 cell division cycle 20 homolog; cell division cycle 20 homolog; fizzy homolog,cell division cycle 20,"Bladder cancer and oral squamous cell carcinoma (OSCC) seriously affect people's health. However, the relationship between bladder cancer and OSCC remains unclear. Got GSE138206, GSE146483, GSE184616, and bladder cancer datasets GSE65635, GSE100926 from Gene Expression Omnibus database. Weighted gene co-expression network analysis was used to identify the significant module. Functional enrichment analysis was performed via the Gene Ontology analysis and Kyoto Encyclopedia of Genes and Genomes. Furthermore, the Gene Set Enrichment Analysis was also used to complete the enrichment analysis. Comparative Toxicogenomics Database found most relevant diseases to core genes. TargetScan is used to forecast analysis of microRNA and target genes. In Gene Ontology analysis, differentially expressed genes were mostly concentrated in cell differentiation, extrallular region, structural molecule activity, and actin binding. In Kyoto Encyclopedia of Genes and Genomes analysis, the differentially expressed genes were mainly enriched in PI3K-Akt signaling pathway, pathway in cancer, and extracellular matrix-receptor interaction. Seven hub genes (cyclin B2 [CCNB2], TK1, CDC20, PCNA, CKS1B, CDCA5, MCM4) were obtained. Hub genes (CCNB2, CDC20) are highly expressed in OSCC and bladder cancer samples. CCNB2 was one common oncogene of bladder cancer and OSCC."
15,CDC20,991,82.5664230948943,30779109,2019,The identification of new biomarkers for bladder cancer: A study based on TCGA and GEO datasets.,Journal of cellular physiology,Hu J; Zhou L; Song Z; Xiong M; Zhang Y; Yang Y; Chen K; Chen Z,10.1002/jcp.28208,CDC20,category; general,biomarker; diagnostic; prognostic,True,True,True,False,True,False,False,CDC20,CDC20A; OOMD14; OZEMA14; bA276H19.3; p55CDC,cell division cycle protein 20 homolog; CDC20 cell division cycle 20 homolog; cell division cycle 20 homolog; fizzy homolog,cell division cycle 20,"Bladder cancer (BC) is one of the most common neoplastic diseases worldwide. With the highest recurrence rate among all cancers, treatment of BC only improved a little in the last 30 years. Available biomarkers are not sensitive enough for the diagnosis of BC, whereas the standard diagnostic method, cystoscopy, is an invasive test and expensive. Hence, seeking new biomarkers of BC is urgent and challenging. With that order, we screened the overlapped differentially expressed genes (DEGs) of GSE13507 and TCGA BLCA datasets. Subsequent protein-protein interactions network analysis recognized the hub genes among these DEGs. Further functional analysis including Gene Ontology and KEGG pathway analysis and gene set enrichment analysis were processed to investigate the role of these genes and potential underlying mechanisms in BC. Kaplan-Meier analysis and Cox hazard ratio analysis were carried out to clarify the diagnostic and prognostic role of these genes. In conclusion, our present study demonstrated that ACTA2, CDC20, MYH11, TGFB3, TPM1, VIM, and DCN are all potential diagnostic biomarkers for BC. And may also be potential treatment targets for clinical implication in the future."
15,CDC20,991,82.5664230948943,29375713,2018,Identification of key genes associated with bladder cancer using gene expression profiles.,Oncology letters,Han Y; Jin X; Zhou H; Liu B,10.3892/ol.2017.7310,CDC20,category; general,expression,False,False,False,False,False,False,True,CDC20,CDC20A; OOMD14; OZEMA14; bA276H19.3; p55CDC,cell division cycle protein 20 homolog; CDC20 cell division cycle 20 homolog; cell division cycle 20 homolog; fizzy homolog,cell division cycle 20,"The aim of the present study was to further investigate the molecular mechanisms of bladder cancer. The microarray data GSE52519 were downloaded from Gene Expression Omnibus, comprising 9 bladder cancer and 3 normal bladder tissue samples. Differentially expressed genes (DEGs) were identified using Limma package analysis. Subsequently, Gene Ontology, Kyoto Encyclopedia of Genes and Genomes and Reactome pathway enrichment analyses were performed for down- and upregulated DEGs. Transcription factors and genes associated with cancer from DEGs were identified. Protein-protein interaction (PPI) networks were constructed using STRING, and pathway enrichment analysis was also conducted for genes in the core sub-network that was identified using BioNet. In total, 420 downregulated and 335 upregulated DEGs were identified. Functional and pathway enrichment analyses identified that a number of DEGs, including <i>AURKA, CCNA2, CCNE1, CDC20</i> and <i>CCNB2</i>, were enriched in the cell cycle. Furthermore, a total of 12 upregulated proto-oncogenes were identified, including <i>AURKA</i> and <i>CCNA2</i>. In the PPI sub-network, a number of DEGs (e.g., <i>CCNB2, CDC20, CCNA2</i> and <i>MCM6</i>) with higher degrees were enriched in the KEGG pathway of the cell cycle. In conclusion, the DEGs associated with the cell cycle (e.g., <i>CDC20, CCNA2, CCNB2</i> and <i>AURKA</i>) may serve pivotal roles in the pathogenesis of bladder cancer."
15,CDC20,991,82.5664230948943,38144520,2023,Anti-tumor target screening of sea cucumber saponin Frondoside A: a bioinformatics and molecular docking analysis.,Frontiers in oncology,Liu G; Zhang S; Lin R; Cao X; Yuan L,10.3389/fonc.2023.1307838,CDC20,category; general,expression; prognostic,False,False,False,False,True,False,True,CDC20,CDC20A; OOMD14; OZEMA14; bA276H19.3; p55CDC,cell division cycle protein 20 homolog; CDC20 cell division cycle 20 homolog; cell division cycle 20 homolog; fizzy homolog,cell division cycle 20,"Cancer remains the leading cause of death worldwide. In spite of significant advances in targeted and immunotherapeutic approaches, clinical outcomes for cancer remain poor. The aim of the present study was to investigate the potential mechanisms and therapeutic targets of Frondoside A for the treatment of liver, pancreatic, and bladder cancers. The data presented in our study demonstrated that Frondoside A reduced the viability and migration of HepG2, Panc02, and UM-UC-3 cancer cell <i>in vitro</i>. Moreover, we utilized the GEO database to screen and identify for differentially expressed genes (DEGs) in liver, pancreatic, and bladder cancers, which resulted in the identification of 714, 357, and 101 DEGs, respectively. Gene Ontology (GO) analysis and Kyoto Encyclopedia of Genes and Genomes (KEGG) pathway annotation were performed using the Metascape database for DEGs that were significantly associated with cancer development. The protein-protein interaction (PPI) networks of the identified DEGs in liver, pancreatic, and bladder cancers were analyzed using Cytoscape 3.9.0 software, and subsequently identified potential key genes that were associated with these networks. Subsequently, their prognostic values were assessed by gene expression level analysis and Kaplan-Meier survival analysis (GEPIA). Furthermore, we utilized TIMER 2.0 to investigate the correlation between the expression of the identified key gene and cancer immune infiltration. Finally, molecular docking simulations were performed to assess the affinity of Frondoside A and key genes. Our results showed a significant correlation between these DEGs and cancer progression. Combined, these analyses revealed that Frondoside A involves in the regulation of multiple pathways, such as drug metabolism, cell cycle in liver cancer by inhibiting the expression of CDK1, TOP2A, CDC20, and KIF20A, and regulates protein digestion and absorption, receptor interaction in pancreatic cancer by down-regulation of ASPM, TOP2A, DLGAP5, TPX2, KIF23, MELK, LAMA3, and ANLN. While in bladder cancer, Frondoside A regulates muscle contraction, complement and coagulation cascade by increase FLNC expression. In conclusion, the present study offers valuable insights into the molecular mechanism underlying the anticancer effects of Frondoside A, and suggests that Frondoside A can be used as a functional food supplement or further developed as a natural anti-cancer drug."
15,CDC20,991,82.5664230948943,37564439,2023,Identification of Potential Key Genes Linked to Gender Differences in Bladder Cancer Based on Gene Expression Omnibus (GEO) Database.,Advanced biomedical research,Rasti A; Abazari O; Dayati P; Kardan Z; Salari A; Khalili M; Motlagh FM; Modarressi MH,10.4103/abr.abr_280_22,CDC20,category; general,expression; prognostic,False,False,False,False,True,False,True,CDC20,CDC20A; OOMD14; OZEMA14; bA276H19.3; p55CDC,cell division cycle protein 20 homolog; CDC20 cell division cycle 20 homolog; cell division cycle 20 homolog; fizzy homolog,cell division cycle 20,"BACKGROUND: Growing evidence strongly indicates pivotal roles of gender differences in the occurrence and survival rate of patients with bladder cancer, with a higher incidence in males and poorer prognosis in females. Nevertheless, the molecular basis underlying gender-specific differences in bladder cancer remains unknown. The current study has tried to detect key genes contributing to gender differences in bladder cancer patients. MATERIALS AND METHODS: The gene expression profile of GSE13507 was firstly obtained from the Gene Expression Omnibus (GEO) database. Further, differentially expressed genes (DEGs) were screened between males and females using R software. Protein-protein interactive (PPI) network analysis, Kyoto Encyclopedia of Genes and Genomes (KEGG), Gene Ontology (GO), and Kaplan-Meier survival analyses were also performed. RESULTS: We detected six hub genes contributing to gender differences in bladder cancer patients, containing IGF2, CCL5, ASPM, CDC20, BUB1B, and CCNB1. Our analyses demonstrated that CCNB1 and BUB1B were upregulated in tumor tissues of female subjects with bladder cancer. Other genes, such as IGF2 and CCL5, were associated with a poor outcome in male patients with bladder cancer. Additionally, three signaling pathways (focal adhesion, rheumatoid arthritis, and human T-cell leukemia virus infection) were identified to be differentially downregulated in bladder cancer versus normal samples in both genders. CONCLUSION: Our findings suggested that gender differences may modulate the expression of key genes that contributed to bladder cancer occurrence and prognosis."
15,CDC20,991,82.5664230948943,35062876,2022,MS275 as Class I HDAC inhibitor displayed therapeutic potential on malignant ascites by iTRAQ-based quantitative proteomic analysis.,BMC gastroenterology,Du L; Wang D; Wei X; Liu C; Xiao Z; Qian W; Song Y; Hou X,10.1186/s12876-022-02101-7,CDC20,category; general,expression,False,False,False,False,False,False,True,CDC20,CDC20A; OOMD14; OZEMA14; bA276H19.3; p55CDC,cell division cycle protein 20 homolog; CDC20 cell division cycle 20 homolog; cell division cycle 20 homolog; fizzy homolog,cell division cycle 20,"BACKGROUND: Malignant ascites is a manifestation of end stage events in a variety of cancers and is associated with significant morbidity. Epigenetic modulators play a key role in cancer initiation and progression, among which histone deacetylases (HDACs) are considered as one of the most important regulators for various cancer development, such as liver cancer, ovarian cancer, and pancreatic cancer et al. Thus, in this paper, we sought to explore the therapeutic effect of HDAC inhibitor on malignant ascites. METHODS: In this report, we tested the therapeutic effect of different isoform selective HDAC inhibitors (Class I HDACI MS275, Class IIa HDACI MC1568, pan-HDAC inhibitors SAHA) on malignant ascites in vitro and in vivo. We further used proteome analysis to find the potential mechanisms for malignant ascites therapy. RESULTS: Among the different isoform-selective HDAC inhibitors, the class I selective HDACI, MS275, exhibited preferential inhibition on various ascites cells. MS275 could induce cell cycle arrest in G0/G1 phase and promote apoptosis on ascites cells. Through proteome analysis, we found MS275 could downregulate proteins related to cell cycle progression, such as CDK4, CDC20, CCND1; MS275 could upregulate pro-apoptosis proteins such as PAPR1, LMNB2 and AIFM1; in addition, MS275 could change the expression of tumorigenic proteins related to the specific malignant ascites bearing tumors, such as TSP1 and CDK4 for bladder cancer. We then confirmed that abemaciclib (CDK4/6 selective inhibitor) could inhibit the proliferation of ascites cells, and the combination of abemaciclib and MS275 had synergistic anti-tumor effect. Finally, we found that MS275 could in vivo inhibit malignant ascites progression (ascites volume: 2.9 ± 1.0 mL vs 7.5 ± 1.2 mL, p < 0.01), tumor growth, and prolong 66% of the life-span when compared with the untreated group. CONCLUSION: This present research revealed that the class I selective HDAC inhibitor, MS275, could effectively inhibit malignant ascites development and tumor growth via multiple pathways. These results indicated that HDACI could have great potential for clinical therapy of malignant ascites."
15,CDC20,991,82.5664230948943,21483740,2011,Identification of common differentially expressed genes in urinary bladder cancer.,PloS one,Zaravinos A; Lambrou GI; Boulalas I; Delakas D; Spandidos DA,10.1371/journal.pone.0018135,CDC20,category; general,biomarker; diagnostic; expression; urine,False,True,True,True,False,False,True,CDC20,CDC20A; OOMD14; OZEMA14; bA276H19.3; p55CDC,cell division cycle protein 20 homolog; CDC20 cell division cycle 20 homolog; cell division cycle 20 homolog; fizzy homolog,cell division cycle 20,"BACKGROUND: Current diagnosis and treatment of urinary bladder cancer (BC) has shown great progress with the utilization of microarrays. PURPOSE: Our goal was to identify common differentially expressed (DE) genes among clinically relevant subclasses of BC using microarrays. METHODOLOGY/PRINCIPAL FINDINGS: BC samples and controls, both experimental and publicly available datasets, were analyzed by whole genome microarrays. We grouped the samples according to their histology and defined the DE genes in each sample individually, as well as in each tumor group. A dual analysis strategy was followed. First, experimental samples were analyzed and conclusions were formulated; and second, experimental sets were combined with publicly available microarray datasets and were further analyzed in search of common DE genes. The experimental dataset identified 831 genes that were DE in all tumor samples, simultaneously. Moreover, 33 genes were up-regulated and 85 genes were down-regulated in all 10 BC samples compared to the 5 normal tissues, simultaneously. Hierarchical clustering partitioned tumor groups in accordance to their histology. K-means clustering of all genes and all samples, as well as clustering of tumor groups, presented 49 clusters. K-means clustering of common DE genes in all samples revealed 24 clusters. Genes manifested various differential patterns of expression, based on PCA. YY1 and NFκB were among the most common transcription factors that regulated the expression of the identified DE genes. Chromosome 1 contained 32 DE genes, followed by chromosomes 2 and 11, which contained 25 and 23 DE genes, respectively. Chromosome 21 had the least number of DE genes. GO analysis revealed the prevalence of transport and binding genes in the common down-regulated DE genes; the prevalence of RNA metabolism and processing genes in the up-regulated DE genes; as well as the prevalence of genes responsible for cell communication and signal transduction in the DE genes that were down-regulated in T1-Grade III tumors and up-regulated in T2/T3-Grade III tumors. Combination of samples from all microarray platforms revealed 17 common DE genes, (BMP4, CRYGD, DBH, GJB1, KRT83, MPZ, NHLH1, TACR3, ACTC1, MFAP4, SPARCL1, TAGLN, TPM2, CDC20, LHCGR, TM9SF1 and HCCS) 4 of which participate in numerous pathways. CONCLUSIONS/SIGNIFICANCE: The identification of the common DE genes among BC samples of different histology can provide further insight into the discovery of new putative markers."
15,CDC20,991,82.5664230948943,24573512,2014,RASSF1A promotes apoptosis and suppresses the proliferation of ovarian cancer cells.,International journal of molecular medicine,Fu L; Zhang S,10.3892/ijmm.2014.1671,CDC20,category; general,biomarker; expression,False,False,False,False,False,False,True,CDC20,CDC20A; OOMD14; OZEMA14; bA276H19.3; p55CDC,cell division cycle protein 20 homolog; CDC20 cell division cycle 20 homolog; cell division cycle 20 homolog; fizzy homolog,cell division cycle 20,"As the most lethal gynecological malignancy, ovarian cancer has attracted much attention over the past few decades; however, the early detection of this malignancy has been largely unsuccessful. The aim of this study was to determine the effects of Ras-association domain family 1, isoform A (RASSF1A) on ovarian cancer and to elucidate the molecular mechanisms responsible for these effects. The expression of RASSF1A in different ovarian cancer cells was detected by quantitative reverse transcription-polymerase chain reaction (qRT-PCR). The morphology, structure, apoptosis and proliferation of differently treated SKOV-3 cells were then analyzed using a fluorescence microscope, transmission electron microscope, flow cytometer and by western blot analysis, respectively. Moreover, the GSE14407 affymetrix microarray data were downloaded from the Gene Expression Omnibus database and the expression of RASSF1A was quantified by Spotfire DecisionSite software. A RASSF1A related protein-protein interaction (PPI) network was then constructed using STRING and Cytoscape software. Finally, DAVID was utilized to perform KEGG pathway enrichment analysis of the network. RASSF1A was expressed in the HO8910, HO8910PM cells and the SKOV-3 cells transfected with RASSF1A, whereas it was absent in the other SKOV-3 cells and OVCAR-3 cells. Additionally, compared with the other SKOV-3 cells, the nucleus of SKOV-3 cells transfected with RASSF1A was vacuolated, apoptosis was increased, and the expression of cyclin D1 and survivin was decreased (P<0.05), and that of p27 and caspase-3 was increased (P<0.01). Additionally, 10 genes, including serine/threonine kinase (STK)3, STK4, Harvey rat sarcoma viral oncogene homolog (HRAS) and cell division cycle 20 (CDC20), were found to have close interactions with RASSF1A in the PPI network. Finally, a total of 8 enriched pathways, such as bladder cancer, non-small cell lung cancer and pathways in cancer were identified. To our knowledge, this is the first study to explore the biological functions and the underlying mechanisms of action of RASSF1A in the development of ovarian cancer. Our findings may provide a novel therapeutic target for ovarian cancer."
15,CDC20,991,82.5664230948943,41888149,2026,Genome-wide transcriptional profiling identifies molecular markers associated with early carcinogenesis in high-grade bladder cancer.,Scientific reports,Ergul RB; Kucukgergin C; Cincin ZB; Cakmakoglu B; Erdem S; Tefik T; Sanli MO; Nane I; Ozcan F; Seckin S,10.1038/s41598-026-36530-1,CDC20,category; general,biomarker; expression; urine,False,False,True,False,False,False,True,CDC20,CDC20A; OOMD14; OZEMA14; bA276H19.3; p55CDC,cell division cycle protein 20 homolog; CDC20 cell division cycle 20 homolog; cell division cycle 20 homolog; fizzy homolog,cell division cycle 20,"To determine genome-wide transcriptional coverage of well-characterized genes, gene candidates, and splice variants associated with invasive process on bladder carcinogenesis (BC), we investigated the whole-genome gene expression profile of high-grade Turkish BC patients. We collected high-grade bladder tumours (n = 12) and paired standard tissue samples (n = 12). To find differentially expressed genes related to bladder cancer’s metastatic pattern, we performed the human whole-genome expression profiling through the Illumina Human HT-12 Expression Beadchip system. Ingenuity Pathway Systems (IPA), i-Pathway Guide and Cytoscape software were used to determine statistically significant genes, networks, biological pathways between tumour and control groups. Cyclin A2 (CCNA2), CDC20, CDC45, MMP1, MMP3, MMP9, MMP10, STAT1, STAT2, TNFRSF1A, TNFSF10, and TUBB3 were significantly upregulated in bladder cancer cases. We showed that biological reactions, including the degradation of collagen and extracellular matrix and matrix metalloproteinases activation reactions, were found the most statistically significant pathways in BC. We also determined that inflammation and cytokine signalling could be related to the progression of bladder carcinogenesis. The genes differentially expressed could be molecular indicators for early prediction of bladder carcinogenesis."
15,CDC20,991,82.5664230948943,34527589,2021,The Oncogenic Role of APC/C Activator Protein Cdc20 by an Integrated Pan-Cancer Analysis in Human Tumors.,Frontiers in oncology,Wu F; Sun Y; Chen J; Li H; Yao K; Liu Y; Liu Q; Lu J,10.3389/fonc.2021.721797,CDC20,category; general,expression; prognostic; validation,False,False,False,False,True,True,True,CDC20,CDC20A; OOMD14; OZEMA14; bA276H19.3; p55CDC,cell division cycle protein 20 homolog; CDC20 cell division cycle 20 homolog; cell division cycle 20 homolog; fizzy homolog,cell division cycle 20,"The landscape of <i>CDC20</i> gene expression and its biological impacts across different types of cancers remains largely unknown. Here, a pan-cancer analysis was performed to analyze the role of Cdc20 in various human cancers. Our results indicated that the expression levels of the <i>CDC20</i> gene were significantly elevated in bladder cancer, breast cancer, colon cancer, rectum cancer, stomach cancer, esophageal cancer, head and neck cancer, kidney cancer, liver cancer, lung cancer, prostate cancer, pancreatic cancer, and uterine cancer. In addition, the expression of <i>CDC20</i> was significantly and positively correlated with the increase of clinical stages in multiple cancer types, including breast cancer, kidney cancer, and lung cancer, et al. Among 33 cancer subtypes in the TCGA dataset, the high expression of <i>CDC20</i> was correlated with poor prognosis in 10 cancer types. Furthermore, the abundance of phosphorylated Cdc20 in the primary tumor was elevated and correlated with increased tumor grade. Next, we sought to elucidate the oncogenic role by analyzing its association with immune infiltration. For most cancer types, the <i>CDC20</i> expression was positively correlated with the infiltration of cancer-associated fibroblasts and myeloid-derived suppressor cells. To further understand its functional activity, we explored the classic Cdc20 downstream substrates, which were found to be mutually exclusive with the expression of Cdc20. Moreover, the pan-cancer analysis of the molecular function of Cdc20 indicated that BUB1, CCNA2, CCNB1, CDK1, MAD2L1, and PLK1 might play a critical role in interaction with Cdc20. The abundance of Cdc20 was further validated at transcriptional and translational levels with a publicly available dataset and clinical tumor tissues. The knockdown of Cdc20 dramatically inhibited tumor growth both <i>in vivo</i> and <i>in vitro</i>. Therefore, our studies delineated the oncogenic role of <i>CDC20</i> and its prognostic significance at the pan-cancer level and proved its functional activity in Cdc20 high expression cancer types. Our studies will merits further molecular assays to understand the potential role of Cdc20 in tumorigenesis and provide the rationale for developing novel therapeutic strategies."
15,CDC20,991,82.5664230948943,24349619,2013,Transcriptomic changes induced by mycophenolic acid in gastric cancer cells.,American journal of translational research,Dun B; Sharma A; Xu H; Liu H; Bai S; Zeng L; She JX,,CDC20,category; general,expression,False,False,True,False,False,False,True,CDC20,CDC20A; OOMD14; OZEMA14; bA276H19.3; p55CDC,cell division cycle protein 20 homolog; CDC20 cell division cycle 20 homolog; cell division cycle 20 homolog; fizzy homolog,cell division cycle 20,"BACKGROUND: Inhibition of inosine monophosphate dehydrogenase (IMPDH) by mycophenolic acid (MPA) can inhibit proliferation and induce apoptosis in cancer cells. This study investigated the underlying molecular mechanisms of MPA's anticancer activity. METHODS: A gastric cancer cell line (AGS) was treated with MPA and gene expression at different time points was analyzed using Illumina whole genome microarrays and selected genes were confirmed by real-time RT-PCR. RESULTS: Transcriptomic profiling identified 1070 genes with ≥2 fold changes and 85 genes with >4 fold alterations. The most significantly altered biological processes by MPA treatment include cell cycle, apoptosis, cell proliferation and migration. MPA treatment altered at least ten KEGG pathways, of which eight (p53 signaling, cell cycle, pathways in cancer, PPAR signaling, bladder cancer, protein processing in ER, small cell lung cancer and MAPK signaling) are cancer-related. Among the earliest cellular events induced by MPA is cell cycle arrest which may be caused by six molecular pathways: 1) up-regulation of cyclins (CCND1 and CCNE2) and down-regulation of CCNA2 and CCNB1, 2) down-regulation of cyclin-dependent kinases (CDK4 and CDK5); 3) inhibition of cell division related genes (CDC20, CDC25B and CDC25C) and other cell cycle related genes (MCM2, CENPE and PSRC1), 4) activation of p53, which activates the cyclin-dependent kinase inhibitors (CDKN1A), 5) impaired spindle checkpoint function and chromosome segregation (BUB1, BUB1B, BOP1, AURKA, AURKB, and FOXM1); and 6) reduction of availability of deoxyribonucleotides and therefore DNA synthesis through down-regulation of the RRM1 enzyme. Cell cycle arrest is followed by inhibition of cell proliferation, which is mainly attributable to the inhibition of the PI3K/AKT/mTOR pathway, and caspase-dependent apoptosis due to up-regulation of the p53 and FAS pathways. CONCLUSIONS: These results suggest that MPA has beneficial anticancer activity through diverse molecular pathways and biological processes."
15,CDC20,991,82.5664230948943,27114989,2016,Predicting the Survival Time for Bladder Cancer Using an Additive Hazards Model in Microarray Data.,Iranian journal of public health,Tapak L; Mahjub H; Sadeghifar M; Saidijam M; Poorolajal J,,CDC20,category; general,expression; prognostic; roc_auc,False,False,True,False,True,False,True,CDC20,CDC20A; OOMD14; OZEMA14; bA276H19.3; p55CDC,cell division cycle protein 20 homolog; CDC20 cell division cycle 20 homolog; cell division cycle 20 homolog; fizzy homolog,cell division cycle 20,"BACKGROUND: One substantial part of microarray studies is to predict patients' survival based on their gene expression profile. Variable selection techniques are powerful tools to handle high dimensionality in analysis of microarray data. However, these techniques have not been investigated in competing risks setting. This study aimed to investigate the performance of four sparse variable selection methods in estimating the survival time. METHODS: The data included 1381 gene expression measurements and clinical information from 301 patients with bladder cancer operated in the years 1987 to 2000 in hospitals in Denmark, Sweden, Spain, France, and England. Four methods of the least absolute shrinkage and selection operator, smoothly clipped absolute deviation, the smooth integration of counting and absolute deviation and elastic net were utilized for simultaneous variable selection and estimation under an additive hazards model. The criteria of area under ROC curve, Brier score and c-index were used to compare the methods. RESULTS: The median follow-up time for all patients was 47 months. The elastic net approach was indicated to outperform other methods. The elastic net had the lowest integrated Brier score (0.137±0.07) and the greatest median of the over-time AUC and C-index (0.803±0.06 and 0.779±0.13, respectively). Five out of 19 selected genes by the elastic net were significant (P<0.05) under an additive hazards model. It was indicated that the expression of RTN4, SON, IGF1R and CDC20 decrease the survival time, while the expression of SMARCAD1 increase it. CONCLUSION: The elastic net had higher capability than the other methods for the prediction of survival time in patients with bladder cancer in the presence of competing risks base on additive hazards model."
15,CDC20,991,82.5664230948943,29212506,2017,Chromosome 9p copy number gains involving PD-L1 are associated with a specific proliferation and immune-modulating gene expression program active across major cancer types.,BMC medical genomics,Budczies J; Denkert C; Győrffy B; Schirmacher P; Stenzinger A,10.1186/s12920-017-0308-8,CDC20,category; general,biomarker; expression,True,False,False,False,False,False,True,CDC20,CDC20A; OOMD14; OZEMA14; bA276H19.3; p55CDC,cell division cycle protein 20 homolog; CDC20 cell division cycle 20 homolog; cell division cycle 20 homolog; fizzy homolog,cell division cycle 20,"BACKGROUND: Inhibition of the PD-L1/PD-1 immune checkpoint axis represents one of the most promising approaches of immunotherapy for various cancer types. However, immune checkpoint inhibition is successful only in subpopulations of patients emphasizing the need for powerful biomarkers that adequately reflect the complex interaction between the tumor and the immune system. Recently, recurrent copy number gains (CNG) in chromosome 9p involving PD-L1 were detected in many cancer types including lung cancer, melanoma, bladder cancer, head and neck cancer, cervical cancer, soft tissue sarcoma, prostate cancer, gastric cancer, ovarian cancer, and triple-negative breast cancer. METHODS: Here, we applied functional genomics to analyze global mRNA expression changes associated with chromosome 9p gains. Using the TCGA data set, we identified a list of 75 genes that were strongly up-regulated in tumors with chromosome 9p gains across many cancer types. RESULTS: As expected, the gene set was enriched for chromosome 9p and in particular chromosome 9p24 (36 genes and 23 genes). Furthermore, we found enrichment of two expression programs derived from genes within and beyond 9p: one implicated in cell cycle regulation (22 genes) and the other implicated in modulation of the immune system (16 genes). Among these were specific cytokines and chemokines, e.g. CCL4, CCL8, CXCL10, CXCL11, other immunoregulatory genes such as IFN-G and IDO1 as well as highly expressed proliferation-related kinases and genes including PLK1, TTK, MELK and CDC20 that represent potential drug targets. CONCLUSIONS: Collectively, these data shed light on mechanisms of immune escape and stimulation of proliferation in cancer with PD-L1 CNG and highlight additional vulnerabilities that may be therapeutically exploitable."
15,CDC20,991,82.5664230948943,34589136,2021,Regularized Weighted Nonparametric Likelihood Approach for High-Dimension Sparse Subdistribution Hazards Model for Competing Risk Data.,Computational and mathematical methods in medicine,Tapak L; Kosorok MR; Sadeghifar M; Hamidi O; Afshar S; Doosti H,10.1155/2021/5169052,CDC20,category; general,biomarker; prognostic; urine,False,False,True,False,True,False,False,CDC20,CDC20A; OOMD14; OZEMA14; bA276H19.3; p55CDC,cell division cycle protein 20 homolog; CDC20 cell division cycle 20 homolog; cell division cycle 20 homolog; fizzy homolog,cell division cycle 20,"Variable selection and penalized regression models in high-dimension settings have become an increasingly important topic in many disciplines. For instance, omics data are generated in biomedical researches that may be associated with survival of patients and suggest insights into disease dynamics to identify patients with worse prognosis and to improve the therapy. Analysis of high-dimensional time-to-event data in the presence of competing risks requires special modeling techniques. So far, some attempts have been made to variable selection in low- and high-dimension competing risk setting using partial likelihood-based procedures. In this paper, a weighted likelihood-based penalized approach is extended for direct variable selection under the subdistribution hazards model for high-dimensional competing risk data. The proposed method which considers a larger class of semiparametric regression models for the subdistribution allows for taking into account time-varying effects and is of particular importance, because the proportional hazards assumption may not be valid in general, especially in the high-dimension setting. Also, this model relaxes from the constraint of the ability to simultaneously model multiple cumulative incidence functions using the Fine and Gray approach. The performance/effectiveness of several penalties including minimax concave penalty (MCP); adaptive LASSO and smoothly clipped absolute deviation (SCAD) as well as their L<sub>2</sub> counterparts were investigated through simulation studies in terms of sensitivity/specificity. The results revealed that sensitivity of all penalties were comparable, but the MCP and MCP-L<sub>2</sub> penalties outperformed the other methods in term of selecting less noninformative variables. The practical use of the model was investigated through the analysis of genomic competing risk data obtained from patients with bladder cancer and six genes of CDC20, NCF2, SMARCAD1, RTN4, ETFDH, and SON were identified using all the methods and were significantly correlated with the subdistribution."
15,CDC20,991,82.5664230948943,27664031,2017,C-terminal region of Mad2 plays an important role during mitotic spindle checkpoint in fission yeast Schizosaccharomyces pombe.,Molecular biology reports,Singh GK; Karade SS; Ranjan R; Ahamad N; Ahmed S,10.1007/s11033-016-4083-y,CDC20,general,,False,False,False,False,False,False,False,CDC20,CDC20A; OOMD14; OZEMA14; bA276H19.3; p55CDC,cell division cycle protein 20 homolog; CDC20 cell division cycle 20 homolog; cell division cycle 20 homolog; fizzy homolog,cell division cycle 20,"The mitotic arrest deficiency 2 (Mad2) protein is an essential component of the spindle assembly checkpoint that interacts with Cdc20/Slp1 and inhibit its ability to activate anaphase promoting complex/cyclosome (APC/C). In bladder cancer cell line the C-terminal residue of the mad2 gene has been found to be deleted. In this study we tried to understand the role of the C-terminal region of mad2 on the spindle checkpoint function. To envisage the role of C-terminal region of Mad2, we truncated 25 residues of Mad2 C-terminal region in fission yeast S.pombe and characterized its effect on spindle assembly checkpoint function. The cells containing C-terminal truncation of Mad2 exhibit sensitivity towards microtubule destabilizing agent suggesting perturbation of spindle assembly checkpoint. Further, the C-terminal truncation of Mad2 exhibit reduced viability in the nda3-KM311 mutant background at non-permissive temperature. Truncation in mad2 gene also affects its foci forming ability at unattached kinetochore suggesting that the mad2-∆CT mutant is unable to maintain spindle checkpoint activation. However, in response to the defective microtubule, only brief delay of mitotic progression was observed in Mad2 C-terminal truncation mutant. In addition we have shown that the deletion of two β strands of Mad2 protein abolishes its ability to interact with APC activator protein Slp1/Cdc20. We purpose that the truncation of two β strands (β7 and β8) of Mad2 destabilize the safety belt and affect the Cdc20-Mad2 interaction leading to defects in the spindle checkpoint activation."
16,SOX4,6659,82.3621101809207,35522942,2022,NAT10-mediated mRNA N4-acetylcytidine modification promotes bladder cancer progression.,Clinical and translational medicine,Wang G; Zhang M; Zhang Y; Xie Y; Zou J; Zhong J; Zheng Z; Zhou X; Zheng Y; Chen B; Liu C,10.1002/ctm2.738,SOX4,category; general,expression; prognostic; urine,False,False,True,False,True,False,True,SOX4,CSS10; EVI16; IDDSDF,transcription factor SOX-4; SRY (sex determining region Y)-box 4; SRY-box 4; SRY-related HMG-box gene 4; ecotropic viral integration site 16,SRY-box transcription factor 4,"BACKGROUND: Dysregulation of the epitranscriptome causes abnormal expression of oncogenes in the tumorigenic process. Previous studies have shown that NAT10 can regulate mRNA translation efficiency through RNA acetylation. However, the role of NAT10-mediated acetylation modification in bladder cancer remains elusive. METHODS: The clinical value of NAT10 was estimated according to NAT10 expression pattern based on TCGA data set and the tumor tissue array. Acetylated RNA immunoprecipitation sequencing was utilized to explore the role of NAT10 in mRNA ac4C modification. Translation efficiency and mRNA stability assay were applied to study the effect of NAT10-deletion on target genes. The nude mouse model and genetically engineered mice were conducted to further verify the characteristics of NAT10 in promoting BLCA progression and regulating downstream targets. RESULTS: NAT10 was essential for the proliferation, migration, invasion, survival and the stem-cell-like properties of bladder cancer cell lines. NAT10 was responsible for mRNA ac4C modification in BLCA cells, including BCL9L, SOX4 and AKT1. Deficient NAT10 in both xenograft and transgenic mouse models of bladder cancer reduced the tumor burden. Furthermore, acetylated RNA immunoprecipitation sequencing data and RNA immunoprecipitation qPCR results revealed that NAT10 is responsible for a set of ac4C mRNA modifications in bladder cancer cells. Inhibition of NAT10 led to a loss of ac4C peaks in these transcripts and represses the mRNA's stability and protein expression. Mechanistically, the ac4C reduction modification in specific regions of mRNAs resulting from NAT10 downregulation impaired the translation efficiency of BCL9L, SOX4 and AKT1 as well as the stability of BCL9L, SOX4. CONCLUSIONS: In summary, these findings provide new insights into the dynamic characteristics of mRNA's post-transcriptional modification via NAT10-dependent acetylation and predict a role for NAT10 as a therapeutic target in bladder cancer. HIGHLIGHTS: NAT10 is highly expressed in BLCA patients and its abnormal level predicts bladder cancer progression and low overall survival rate. NAT10 is necessary and sufficient for BLCA tumourigenic properties. NAT10 is responsible for ac4C modification of target transcripts, including BCL9L, SOX4 and AKT1. NAT10 may serve as an effective and novel therapeutic target for BLCA."
16,SOX4,6659,82.3621101809207,31268162,2019,SOX4 regulates invasion of bladder cancer cells via repression of WNT5a.,International journal of oncology,Moran JD; Kim HH; Li Z; Moreno CS,10.3892/ijo.2019.4832,SOX4,category; general,expression; prognostic; urine,False,False,False,False,False,False,True,SOX4,CSS10; EVI16; IDDSDF,transcription factor SOX-4; SRY (sex determining region Y)-box 4; SRY-box 4; SRY-related HMG-box gene 4; ecotropic viral integration site 16,SRY-box transcription factor 4,"Sry‑Related HMG‑BOX‑4 (SOX4) is a developmental transcription factor that is overexpressed in as many as 23% of bladder cancer patients; however, the role of SOX4 in bladder cancer tumorigenesis is not yet well understood. Given the many roles of SOX4 in embryonic development and the context‑dependent regulation of gene expression, in this study, we sought to determine the role of SOX4 in bladder cancer and to identify SOX4‑regulated genes that may contribute to tumorigenesis. For this purpose, we employed a CRISPR interference (CRISPRi) method to transcriptionally repress SOX4 expression in T24 bladder cancer cell lines, 'rescued' these cell lines with the lentiviral‑mediated expression of SOX4, and performed whole genome expression profiling. The cells in which SOX4 was knocked down (T24‑SOX4‑KD) exhibited decreased invasive capabilities, but no changes in migration or proliferation, whereas rescue experiments with SOX4 lentiviral vector restored the invasive phenotype. Gene expression profiling revealed 173 high confidence SOX4‑regulated genes, including WNT5a as a potential target of repression by SOX4. Treatment of the T24‑SOX4‑KD cells with a WNT5a antagonist restored the invasive phenotype observed in the T24‑scramble control cells and the SOX4 lentiviral‑rescued cells. High WNT5a expression was associated with a decreased invasion and WNT5a expression inversely correlated with SOX4 expression, suggesting that SOX4 can negatively regulate WNT5a levels either directly or indirectly and that WNT5a likely plays a protective role against invasion in bladder cancer cells."
16,SOX4,6659,82.3621101809207,26681916,2015,Sox4 Expression Confers Bladder Cancer Stem Cell Properties and Predicts for Poor Patient Outcome.,International journal of biological sciences,Shen H; Blijlevens M; Yang N; Frangou C; Wilson KE; Xu B; Zhang Y; Zhang L; Morrison CD; Shepherd L; Hu Q; Zhu Q; Wang J; Liu S; Zhang J,10.7150/ijbs.13240,SOX4,category; general,biomarker; expression; prognostic; urine; validation,True,False,False,True,True,False,True,SOX4,CSS10; EVI16; IDDSDF,transcription factor SOX-4; SRY (sex determining region Y)-box 4; SRY-box 4; SRY-related HMG-box gene 4; ecotropic viral integration site 16,SRY-box transcription factor 4,"Genetic and epigenetic alterations have been identified as to contribute directly or indirectly to the generation of transitional cell carcinoma of the urinary bladder (TCC-UB). We have previously found that amplification of chromosome 6p22 is significantly associated with the muscle-invasive rather than superficial TCC-UB. Here, we demonstrated that Sox4, one of the candidate oncogenes located within the chromosome 6p22 amplicon, confers bladder cancer stem cell (CSC) properties. Down-regulation of Sox4 led to the inhibition of cell migration, colony formation as well as mesenchymal-to-epithelial transition (MET). Interestingly, knockdown of Sox4 also reduced the sphere formation, enriched cell population with high levels of aldehyde dehydrogenase (ALDH (high)) and tumor formation potential. Using gene expression profiling, we further identified novel Sox4 target genes. Last, immunohistochemistry analysis of human bladder tumor tissue microarrays (TMAs) indicated that high Sox4 expression was correlated with advanced cancer stages and poor survival rate. In summary, our data show that Sox4 is an important regulator of the bladder CSC properties and it may serve as a biomarker of the aggressive phenotype in bladder cancer."
16,SOX4,6659,82.3621101809207,40664147,2025,Exploring novel genomic biomarkers for response and survival after neoadjuvant chemotherapy and radical cystectomy of muscle-invasive bladder cancer.,ESMO open,Holmsten K; De Laere B; Sjödahl G; Lindberg J; Costa Svedman F; Östling P; Eriksson P; Liedberg F; Ullén A,10.1016/j.esmoop.2025.105512,SOX4,category; general,biomarker; prognostic; urine,True,False,False,False,True,False,False,SOX4,CSS10; EVI16; IDDSDF,transcription factor SOX-4; SRY (sex determining region Y)-box 4; SRY-box 4; SRY-related HMG-box gene 4; ecotropic viral integration site 16,SRY-box transcription factor 4,"BACKGROUND: Neoadjuvant cisplatin-based combination chemotherapy (NAC) is standard perioperative treatment of patients with muscle-invasive urothelial bladder cancer (MIBC); however, about half of the patients experience recurrence of the disease. Biomarkers for response and survival represent an unmet medical need. We used tumor specimens from transurethral resections of the bladder to explore genomic alterations and their association with response and survival in MIBC patients treated by NAC and radical cystectomy. PATIENTS AND METHODS: A pan cancer panel with single-nucleotide polymorphism backbone-based sequencing approach with coverage of the most commonly perturbed cancer genes and low-pass whole genome sequencing was applied for genomic characterization of 110 clinical routine patients treated with NAC before radical cystectomy. Pathological response rates, recurrence-free and overall survival were assessed. RESULTS: Amplifications of genes on chromosome 6p22.3, particularly of the E2F3 and SOX4 gene loci, were associated with improved response and survival to NAC. Patients harboring these alterations had a high pathological treatment response rate and all remained recurrence-free during a median follow-up of 5 years. Conversely, patients with FGFR3 mutations demonstrated impaired response and survival, whereas CDKN1A mutations appeared not related to treatment response but may serve as a biomarker for poor prognosis. CONCLUSIONS: We found the panel-based sequencing approach feasible for exploring genomic alterations associated with clinical benefits of NAC and radical cystectomy. Amplifications of genes on chromosome 6p22.3 and FGFR3 and CDKN1A mutations hold promise as biomarkers associated with response and survival to NAC."
16,SOX4,6659,82.3621101809207,30072631,2018,Stem-Like Signature Predicting Disease Progression in Early Stage Bladder Cancer. The Role of E2F3 and SOX4.,Biomedicines,Bellmunt J,10.3390/biomedicines6030085,SOX4,category; general,biomarker; expression; prognostic,True,False,False,False,True,False,True,SOX4,CSS10; EVI16; IDDSDF,transcription factor SOX-4; SRY (sex determining region Y)-box 4; SRY-box 4; SRY-related HMG-box gene 4; ecotropic viral integration site 16,SRY-box transcription factor 4,"The rapid development of the cancer stem cells (CSC) field, together with powerful genome-wide screening techniques, have provided the basis for the development of future alternative and reliable therapies aimed at targeting tumor-initiating cell populations. Urothelial bladder cancer stem cells (BCSCs) that were identified for the first time in 2009 are heterogenous and originate from multiple cell types; including urothelial stem cells and differentiated cell types-basal, intermediate stratum and umbrella cells Some studies hypothesize that BCSCs do not necessarily arise from normal stem cells but might derive from differentiated progenies following mutational insults and acquisition of tumorigenic properties. Conversely, there is data that normal bladder tissues can generate CSCs through mutations. Prognostic risk stratification by identification of predictive markers is of major importance in the management of urothelial cell carcinoma (UCC) patients. Several stem cell markers have been linked to recurrence or progression. The CD44v8-10 to standard CD44-ratio (total ratio of all CD44 alternative splicing isoforms) in urothelial cancer has been shown to be closely associated with tumor progression and aggressiveness. ALDH1, has also been reported to be associated with BCSCs and a worse prognosis in a large number of studies. UCC include low-grade and high-grade non-muscle invasive bladder cancer (NMIBC) and high-grade muscle invasive bladder cancer (MIBC). Important genetic defects characterize the distinct pathways in each one of the stages and probably grades. As an example, amplification of chromosome 6p22 is one of the most frequent changes seen in MIBC and might act as an early event in tumor progression. Interestingly, among NMIBC there is a much higher rate of amplification in high-grade NMIBC compared to low grade NMIBC. <i>CDKAL1</i>, <i>E2F3</i> and <i>SOX4</i> are highly expressed in patients with the chromosomal 6p22 amplification aside from other six well known genes (<i>ID4</i>, <i>MBOAT1</i>, <i>LINC00340</i>, <i>PRL</i>, and <i>HDGFL1</i>). Based on that, <i>SOX4</i>, <i>E2F3</i> or 6q22.3 amplifications might represent potential targets in this tumor type. Focusing more in <i>SOX4</i>, it seems to exert its critical regulatory functions upstream of the Snail, Zeb, and Twist family of transcriptional inducers of EMT (epithelial⁻mesenchymal transition), but without directly affecting their expression as seen in several cell lines of the Cancer Cell Line Encyclopedia (CCLE) project. <i>SOX4</i> gene expression correlates with advanced cancer stages and poor survival rate in bladder cancer, supporting a potential role as a regulator of the bladder CSC properties. <i>SOX4</i> might serve as a biomarker of the aggressive phenotype, also underlying progression from NMIBC to MIBC. The amplicon in chromosome 6 contains <i>SOX4</i> and <i>E2F3</i> and is frequently found amplified in bladder cancer. These genes/amplicons might be a potential target for therapy. As an existing hypothesis is that chromatin deregulation through enhancers or super-enhancers might be the underlying mechanism responsible of this deregulation, a potential way to target these transcription factors could be through epigenetic modifiers."
16,SOX4,6659,82.3621101809207,35545336,2022,"MiR-133b regulates the proliferation, colony formation, and invasion of bladder cancer cells via inhibiting SOX4.",Zhong nan da xue xue bao. Yi xue ban = Journal of Central South University. Medical sciences,Zhong M; Jiang F; Song L; Nie M; Lan G,10.11817/j.issn.1672-7347.2022.210702,SOX4,category; general,expression; urine,False,False,False,False,False,False,True,SOX4,CSS10; EVI16; IDDSDF,transcription factor SOX-4; SRY (sex determining region Y)-box 4; SRY-box 4; SRY-related HMG-box gene 4; ecotropic viral integration site 16,SRY-box transcription factor 4,"OBJECTIVES: Bladder cancer is one of the most common urothelial tumors with high incidence and mortality rates. Although it has been reported that microRNA (miR)-133b can regulate tumorigenesis of bladder cancer, the mechanism remains unclear. Sex-determining region Y-box transcription factor 4 (SOX4) exhibits an important role in tumorigenesis, but it is unclear whether SOX4 and miR-133b are associated with regulation of pathogenesis of bladder cancer. This study aims to determine the expressions of SOX4 and miR-133b in bladder cancer tissues and cells, investigate their effects on the proliferation, colony formation, and invasion of bladder cancer cells, and to explore the association between miR-133b and SOX4 in regulating biological featurss of bladder cancer cells. METHODS: The bladder cancer and adjacent tissue samples of 10 patients who underwent surgical resection in the Second Xiangya Hospital of Central South Universty from Januray to June 2015 were obtained. The levels of miR-133b were tested by real-time PCR, and the protein levels of SOX4 were evaluated using Western blotting in bladder cancer tissues, matched adjacent tissues, and cell lines. The correlation between miR-133b expression and SOX4 expression in bladder cancer tissues was analyzed. Using the online database TargetScan, the relationship between SOX4 and miR-133b was predicted. MiR-133b mimics, miR-133b inhibitor, and short hairpin RNA (shRNA)-SOX4 were transfected into T24 cells by Lipofectamine 2000. The relationship between miR-133b and SOX4 was also verified by a dual-luciferase reporter assay. The proliferation of T24 cells cultured for 0, 12, 48, 72, and 96 h was evaluated by cell counting kit-8 (CCK-8) assay. The colony formation capacity of bladder cancer cells was tested after 14-day culture, and cell invasion capacity was evaluated with Transwell invasion assay. RESULTS: Bladder cancer tissue and bladder cancer cells had low level of miR-133b but high level of SOX4, compared with matched adjacent tissues and normal bladder epithelial cells. A negative correlation between <i>miR-133b</i> mRNA and SOX4 protein levels in bladder cancer tissues was also found (<i>r</i>=-0.84). The results of online database TargetScan showed that miR-133b targets at SOX4, and overexpression of miR-133b significantly attenuated the expression of SOX4 in T24 cells. Both overexpression of miR-133b and knockdown of SOX4 significantly inhibited the proliferation, colony formation, and invasion capacity of bladder cancer cells in vitro. SOX4 down-regulation restored the effects of miR-133b inhibitor on the proliferation, colony formation, and invasion capacity of T24 cells. CONCLUSIONS: The up-regulation of SOX4 contributes to the progression of bladder cancer, and miR-133b can regulate the proliferation, colony formation, and invasion of bladder cancer cells via inhibiting SOX4."
16,SOX4,6659,82.3621101809207,37196048,2023,The expression of stem cells markers and its effects on the propensity for recurrence and metastasis in bladder cancer: A systematic review.,PloS one,Hamid ARAH; Syadza YZ; Yausep OE; Christanto RBI; Muharia BHR; Mochtar CA,10.1371/journal.pone.0269214,SOX4,category; general,biomarker; expression; prognostic; urine,False,False,False,True,True,False,True,SOX4,CSS10; EVI16; IDDSDF,transcription factor SOX-4; SRY (sex determining region Y)-box 4; SRY-box 4; SRY-related HMG-box gene 4; ecotropic viral integration site 16,SRY-box transcription factor 4,"Bladder cancer is one of the most frequent cancers of the urinary tract, associated with high recurrence rates and metastasis. Cancer stem cells (CSCs) are a subpopulation of cancer cells characterized by high self-renewal and differentiation capacities, resulting in increased cancer recurrence, larger tumor size, higher rates of metastasis, higher resistance to treatment, and overall poorer prognosis. This study aimed to evaluate the role of CSCs as a prognostic tool to predict the risks of metastasis and recurrence in bladder cancer. A literature search was conducted across seven databases from January 2000 to February 2022 for clinical studies investigating the use of CSCs to determine the prognosis of bladder cancer. The following keywords were used: (""Bladder Cancer"" OR ""Transitional Cell Carcinoma"" OR ""Urothelial Carcinoma"") AND (""Stem Cell"" OR ""Stem Gene"") AND (""Metastasis"" OR ""Recurrence""). A total of 12 studies were deemed eligible for inclusion. SOX2, IGF1R, SOX4, ALDH1, CD44, Cripto-1, OCT4, ARRB1, ARRB2, p-TFCP2L1, CDK1, DCLK1, and NANOG, which were all identified as CSC markers. Several of these markers have been implicated in the recurrence and metastasis of tumor in bladder cancer, which played a role as prognostic factor of bladder cancer. Given the pluripotent and highly proliferative properties of CSCs. CSCs may play a role in the complex biological behavior of bladder cancer, including, but not limited to, its high rates of recurrence, metastasis, and resistance to treatment. The detection of cancer stem cell markers offers a promising approach in determining the prognosis of bladder cancer. Further studies in this area are thus warranted and may contribute significantly to the overall management of bladder cancer."
16,SOX4,6659,82.3621101809207,16585165,2006,SOX4 expression in bladder carcinoma: clinical aspects and in vitro functional characterization.,Cancer research,Aaboe M; Birkenkamp-Demtroder K; Wiuf C; Sørensen FB; Thykjaer T; Sauter G; Jensen KM; Dyrskjøt L; Ørntoft T,10.1158/0008-5472.CAN-05-3456,SOX4,category; general,diagnostic; expression; prognostic; urine,False,False,False,False,True,False,True,SOX4,CSS10; EVI16; IDDSDF,transcription factor SOX-4; SRY (sex determining region Y)-box 4; SRY-box 4; SRY-related HMG-box gene 4; ecotropic viral integration site 16,SRY-box transcription factor 4,"The human transcription factor SOX4 was 5-fold up-regulated in bladder tumors compared with normal tissue based on whole-genome expression profiling of 166 clinical bladder tumor samples and 27 normal urothelium samples. Using a SOX4-specific antibody, we found that the cancer cells expressed the SOX4 protein and, thus, did an evaluation of SOX4 protein expression in 2,360 bladder tumors using a tissue microarray with clinical annotation. We found a correlation (P < 0.05) between strong SOX4 expression and increased patient survival. When overexpressed in the bladder cell line HU609, SOX4 strongly impaired cell viability and promoted apoptosis. To characterize downstream target genes and SOX4-induced pathways, we used a time-course global expression study of the overexpressed SOX4. Analysis of the microarray data showed 130 novel SOX4-related genes, some involved in signal transduction (MAP2K5), angiogenesis (NRP2), and cell cycle arrest (PIK3R3) and others with unknown functions (CGI-62). Among the genes regulated by SOX4, 25 contained at least one SOX4-binding motif in the promoter sequence, suggesting a direct binding of SOX4. The gene set identified in vitro was analyzed in the clinical bladder material and a small subset of the genes showed a high correlation to SOX4 expression. The present data suggest a role of SOX4 in the bladder cancer disease."
16,SOX4,6659,82.3621101809207,31892841,2020,LncARSR sponges miR-129-5p to promote proliferation and metastasis of bladder cancer cells through increasing SOX4 expression.,International journal of biological sciences,Liao C; Long Z; Zhang X; Cheng J; Qi F; Wu S; Huang T,10.7150/ijbs.39461,SOX4,category; general,biomarker; diagnostic; expression; urine,True,True,True,False,False,False,True,SOX4,CSS10; EVI16; IDDSDF,transcription factor SOX-4; SRY (sex determining region Y)-box 4; SRY-box 4; SRY-related HMG-box gene 4; ecotropic viral integration site 16,SRY-box transcription factor 4,"Emerging evidences have indicated that long non-coding RNAs (lncRNAs) are potential biomarkers, playing important roles in the development of cancer. LncRNA Activated in RCC with Sunitinib Resistance (lncARSR) is a novel lncRNA that functions as a potential biomarker and is involved in the progression of cancers. However, the clinical significance and molecular mechanism of lncARSR in bladder cancer (Bca) remains unknow. In this study, we discovered that lncARSR was significantly up-regulated in bladder cancer. In addition, increased expression of lncARSR was positively correlated with higher histological grade and larger tumor size. Further experiments demonstrated that suppression of lncARSR attenuated the proliferation, migration, invasion and epithelial-mesenchymal transition (EMT) process of Bca cells. Mechanistically, lncARSR was mainly located in the cytoplasm and acted as a miRNA sponge to positively modulate the expression of Sex-determining region Y-related high-mobility-group box transcription factor 4 (SOX4) via sponging miR-129-5p and subsequently promoted the proliferation and metastasis of Bca cells, thus playing an oncogenic role in Bca pathogenesis. In conclusion, our study indicated that lncARSR plays a critical regulatory role in Bca cells and lncARSR may serve as a potential diagnostic biomarker and therapeutic target for bladder cancer."
16,SOX4,6659,82.3621101809207,40473997,2025,Clinicopathological and Prognostic Significance of Cancer Stem Cell Markers in Patients with Bladder Cancer: A Systematic Review and Meta-analysis.,Annals of surgical oncology,Yang L; Hu X; Ye X; Zhang W; Peng X,10.1245/s10434-025-17600-6,SOX4,category; general,biomarker; expression; prognostic; urine,False,False,False,False,True,False,True,SOX4,CSS10; EVI16; IDDSDF,transcription factor SOX-4; SRY (sex determining region Y)-box 4; SRY-box 4; SRY-related HMG-box gene 4; ecotropic viral integration site 16,SRY-box transcription factor 4,"BACKGROUND: Bladder cancer poses a significant global health challenge, with a complex pathogenesis that includes a subpopulation of cancer stem cells (CSCs) contributing to therapy resistance and tumor recurrence. Identifying and understanding the role of CSC markers are crucial for developing targeted therapies and improving prognosis. OBJECTIVE: This systematic review and meta-analysis aimed to assess the clinicopathological significance and prognostic value of CSC markers in patients with bladder cancer. METHODS: A comprehensive literature search was performed according to PRISMA guidelines, identifying studies that evaluated CSC markers in bladder cancer. The methodological quality of included studies was assessed using the Newcastle-Ottawa Scale, and data were extracted for quantitative analysis. RESULTS: In total, 13 studies were included in the final analysis, covering a range of CSC markers including CD44, CD44v9, Nanog, Sox2, ALDH1, ALDH1A1, Sox4, Notch-1, and Oct-4. The expression of CD44, CD44v9, and ALDH1A1 was significantly associated with poor survival outcomes. The combined expression of CD44 and Nanog emerged as an independent prognostic factor for recurrence-free survival. Additionally, Sox2, Sox4, Notch-1, and Oct-4 were found to be correlated with tumor progression and aggressiveness. CONCLUSIONS: Certain CSC markers, notably CD44, CD44v9, and ALDH1A1, are significantly associated with adverse survival outcomes in bladder cancer. These markers could serve as potential prognostic indicators and therapeutic targets. Further research is needed to elucidate the roles of Sox2, Sox4, Notch-1, and Oct-4 in bladder cancer prognosis."
16,SOX4,6659,82.3621101809207,28697535,2018,Cancer stem cells and epithelial-mesenchymal transition in urothelial carcinoma: Possible pathways and potential therapeutic approaches.,International journal of urology : official journal of the Japanese Urological Association,Fang D; Kitamura H,10.1111/iju.13404,SOX4,category; general,biomarker; expression,False,False,False,False,False,False,True,SOX4,CSS10; EVI16; IDDSDF,transcription factor SOX-4; SRY (sex determining region Y)-box 4; SRY-box 4; SRY-related HMG-box gene 4; ecotropic viral integration site 16,SRY-box transcription factor 4,"There is growing evidence of the presence of cancer stem cells in urothelial carcinoma. Cancer stem cells have the ability to self-renew and to differentiate into all cell types of the original heterogeneous tumor. A panel of diverse cancer stem cell markers might be suitable for simulation studies of urothelial cancer stem cells and for the development of optimized treatment protocols. The present review focuses on the advances in recognizing the markers of urothelial cancer stem cells and possible therapeutic targets. The commonly reported markers and pathways that were evaluated include CD44, CD133, ALDH1, SOX2 & SOX4, BMI1, EZH1, PD-L1, MAGE-A3, COX2/PGE2/STAT3, AR, and autophagy. Studies on the epithelial-mesenchymal transition-related pathways (Shh, Wnt/β-catenin, Notch, PI3K/Akt, TGF-β, miRNA) are also reviewed. Most of these markers were recognized through the expression patterns of cancer stem cell-rich side populations. Their regulative role in the development and differentiation of urothelial cancer stem cells was confirmed in vitro by functional analyses (e.g. cell migration, colony formation, sphere formation), and in vivo in xenograft experiments. Although a small number of these pathways are targeted by currently available drugs or drugs that are the currently being tested in clinical trials, a clear treatment approach has not been developed for most pathways. A greater understanding of the mechanisms that control the proliferation and differentiation of cancer stem cells is expected to lead to improvements in targeted therapy."
16,SOX4,6659,82.3621101809207,15876350,2005,Amplification and overexpression of the ID4 gene at 6p22.3 in bladder cancer.,Molecular cancer,Wu Q; Hoffmann MJ; Hartmann FH; Schulz WA,10.1186/1476-4598-4-16,SOX4,category; general,expression; urine,False,False,False,False,False,False,True,SOX4,CSS10; EVI16; IDDSDF,transcription factor SOX-4; SRY (sex determining region Y)-box 4; SRY-box 4; SRY-related HMG-box gene 4; ecotropic viral integration site 16,SRY-box transcription factor 4,"BACKGROUND: Amplifications at 6p22.3 are prevalent in advanced stage bladder cancer (TCC). Previous studies have identified SOX4, CDKAL, and E2F3 as targets of this amplification and therefore potential oncogenes, but the more telomeric DEK gene too has been reported as overexpressed and amplified. We have therefore investigated whether the intermediate region harboring the oncogene candidate ID4 is also part of the amplicon. RESULTS: Expression of E2F3, DEK, and ID4 was investigated by real-time RT-PCR in 28 TCC compared to 6 normal bladder tissues and in 15 TCC cell lines compared to cultured normal urothelial cells. Expression of E2F3 as well as DEK increased on average in tumor vs. normal tissues (3-fold and 2.5-fold, resp.), but only the increase for E2F3 was statistically significant (p = 0.039). ID4 overexpression was observed in selected specimens. Each of the three genes was overexpressed in several cell lines, up to 150-fold (ID4), 30-fold (E2F3), and 9-fold (DEK), but these increases were not correlated to each other. Instead, moderate (DEK) to excellent (ID4) correlations were observed with copy number increases of microsatellites near each gene. Microsatellite copy number increases were highly heterogeneous across the investigated several Mb region revealing at least three subregions of amplification. CONCLUSION: Extending previous reports, our data indicate that the 6p22.3 amplicon in TCC is highly heterogeneous and targets several genes in a variable fashion. Among these, expression of E2F3 and DEK appear to be generally increased in TCC, with additional increases caused by amplifications. In contrast, over-expression of ID4, which is normally predominantly expressed in testes and brain, appears to depend more strictly on gene amplification. Accordingly, the effect of amplifications at 6p22.3 in bladder cancer is expected to be non-uniform, thereby contributing to the highly variable biological and clinical behavior of advanced stage tumors. ID4 is a potential oncogene in a small subset of bladder cancers."
16,SOX4,6659,82.3621101809207,34258391,2021,"Circular RNA VANGL1 knockdown suppressed viability, promoted apoptosis, and increased doxorubicin sensitivity through targeting miR-145-5p to regulate SOX4 in bladder cancer cells.","Open medicine (Warsaw, Poland)",Zhu J; Zhang F,10.1515/med-2021-0299,SOX4,category; general,expression,False,False,False,False,False,False,True,SOX4,CSS10; EVI16; IDDSDF,transcription factor SOX-4; SRY (sex determining region Y)-box 4; SRY-box 4; SRY-related HMG-box gene 4; ecotropic viral integration site 16,SRY-box transcription factor 4,"BACKGROUND: Bladder cancer is a common malignancy in the world. It is reported that circular RNA VANGL1 (circ_VANGL1) was involved in bladder cancer progression. However, the functional role and molecular mechanism of circ_VANGL1 in bladder cancer were still unclear. METHODS: The levels of circ_VANGL1, microRNA-145-5p (miR-145-5p), and Sex-determining region Y-related high-mobility group box 4 (SOX4) in bladder cancer tissues and cells were determined by quantitative real-time polymerase chain (RT-qPCR). The relative protein expression was detected by western blot. Cell counting kit-8 (CCK8) and flow cytometry analysis were used to measure cell viability, IC<sub>50</sub> value, and apoptosis rate. The interaction between miR-145-5p and circ_VANGL1 or SOX4 was predicted by online software starBase v2.0 or Targetscan and verified by the dual-luciferase reporter assay. Besides, xenograft mice model was used to detect the effects of circ_VANGL1 <i>in vivo</i>. RESULTS: The level of circ_VANGL1 and SOX4 was increased, while miR-145-5p was decreased in bladder cancer tissues and cells. Knockdown of circ_VANGL1 suppressed viability, while promoted apoptosis and increased doxorubicin sensitivity in bladder cancer cells. Moreover, circ_VANGL1 acted as a sponge for miR-145-5p. In addition, miR-145-5p partially reversed the effects of miR-145-5p knockdown in T24 and J82 cells. SOX4 was a target of miR-145-5p and negatively regulated by miR-145-5p. Furthermore, miR-145-5p regulated SOX4 to affect cell progression in bladder cancer cells, including viability, apoptosis, and doxorubicin sensitivity. Besides, circ_VANGL1 suppressed tumor growth and enhanced the doxorubicin sensitivity in bladder cancer <i>in vivo</i>. CONCLUSION: circ_VANGL1 mediated cell viability, apoptosis, and doxorubicin sensitivity by regulating miR-145-5p/SOX4 axis in bladder cancer, providing a potential therapeutic target for bladder cancer therapy."
16,SOX4,6659,82.3621101809207,24231253,2013,6p22.3 amplification as a biomarker and potential therapeutic target of advanced stage bladder cancer.,Oncotarget,Shen H; Morrison CD; Zhang J; Underwood W; Yang N; Frangou C; Eng K; Head K; Bollag RJ; Kavuri SK; Rojiani AM; Li Y; Yan L; Hill A; Woloszynska-Read A; Wang J; Liu S; Trump DL; Candace JS,10.18632/oncotarget.1485,SOX4,category; general,biomarker; expression; urine,True,False,False,True,False,False,True,SOX4,CSS10; EVI16; IDDSDF,transcription factor SOX-4; SRY (sex determining region Y)-box 4; SRY-box 4; SRY-related HMG-box gene 4; ecotropic viral integration site 16,SRY-box transcription factor 4,"Genetic and epigenetic alterations have been identified as to contribute directly or indirectly to the generation of transitional cell carcinoma of the urinary bladder (TCC-UB). In a comparative fashion much less is known about copy number alterations in TCC-UB, but it appears that amplification of chromosome 6p22 is one of the most frequent changes. Using fluorescence in situ hybridization (FISH) analyses, we evaluated chromosomal 6p22 amplification in a large cohort of bladder cancer patients with complete surgical staging and outcome data. We have also used shRNA knockdown candidate oncogenes in the cell based study. We found that amplification of chromosome 6p22.3 is significantly associated with the muscle-invasive transitional cell carcinoma of the urinary bladder (TCC-UB) (22%) in contrast to superficial TCC-UB (9%) (p=7.2-04). The rate of 6p22.3 amplification in pN>1 patients (32%) is more than twice that in pN0 (16%) patients (p=0.05). Interestingly, we found that 6p22.3 amplification is as twice as high (p=0.0201) in African American (AA) than European American (EA) TCC-UB patients. Moreover, we showed that the expression of some candidate genes (E2F3, CDKAL1 and Sox4) in the 6p22.3 region is highly correlated with the chromosomal amplification. In particular, knockdown of E2F3 inhibits cell proliferation in a 6p22.3-dependent manner, whereas knockdown of CDKAL1 and Sox4 has no effect on cell proliferation. Using gene expression profiling, we further identified some common as well as distinctive subset targets of the E2F3 family members. In summary, our data indicate that E2F3 is a key regulator of cell proliferation in a subset of bladder cancer and the 6p22.3 amplicon is a biomarker of aggressive phenotype in this tumor type."
16,SOX4,6659,82.3621101809207,21680105,2011,SOX4 expression levels in urothelial bladder carcinoma.,"Pathology, research and practice",Gunes S; Yegin Z; Sullu Y; Buyukalpelli R; Bagci H,10.1016/j.prp.2011.05.005,SOX4,category; general,biomarker; expression; urine,False,False,False,True,False,False,True,SOX4,CSS10; EVI16; IDDSDF,transcription factor SOX-4; SRY (sex determining region Y)-box 4; SRY-box 4; SRY-related HMG-box gene 4; ecotropic viral integration site 16,SRY-box transcription factor 4,"High levels of SOX4 gene expression have been reported in a variety of human cancers. The protein may function in the apoptosis pathway, leading to cell death as well as to tumorigenesis. The aim of this study was to investigate the levels of SOX4 expression in bladder cancer. Urinary bladder tumor samples were obtained from 57 bladder cancer and 13 normal bladder biopsies. The levels of SOX4 expression in bladder cancer were determined by immunohistochemistry and real-time PCR. SOX4 gene expression was increased 2.2 times in bladder tumors as compared with normal tissue. The presence of protein was confirmed by immunostaining. There were significant differences between immunostaining of bladder tumors and normal bladder tissue (P=0.001). The present data suggest that SOX4 gene may have a role in bladder cancer tumorigenesis."
16,SOX4,6659,82.3621101809207,19487295,2009,Genomic profiling of microRNAs in bladder cancer: miR-129 is associated with poor outcome and promotes cell death in vitro.,Cancer research,Dyrskjøt L; Ostenfeld MS; Bramsen JB; Silahtaroglu AN; Lamy P; Ramanathan R; Fristrup N; Jensen JL; Andersen CL; Zieger K; Kauppinen S; Ulhøi BP; Kjems J; Borre M; Orntoft TF,10.1158/0008-5472.CAN-08-4043,SOX4,category; general,biomarker; diagnostic; expression; prognostic; urine; validation,True,False,True,False,True,False,True,SOX4,CSS10; EVI16; IDDSDF,transcription factor SOX-4; SRY (sex determining region Y)-box 4; SRY-box 4; SRY-related HMG-box gene 4; ecotropic viral integration site 16,SRY-box transcription factor 4,"microRNAs (miRNA) are involved in cancer development and progression, acting as tumor suppressors or oncogenes. Here, we profiled the expression of 290 unique human miRNAs in 11 normal and 106 bladder tumor samples using spotted locked nucleic acid-based oligonucleotide microarrays. We identified several differentially expressed miRNAs between normal urothelium and cancer and between the different disease stages. miR-145 was found to be the most down-regulated in cancer compared with normal, and miR-21 was the most up-regulated in cancer. Furthermore, we identified miRNAs that significantly correlated to the presence of concomitant carcinoma in situ. We identified several miRNAs with prognostic potential for predicting disease progression (e.g., miR-129, miR-133b, and miR-518c*). We localized the expression of miR-145, miR-21, and miR-129 to urothelium by in situ hybridization. We then focused on miR-129 that exerted significant growth inhibition and induced cell death upon transfection with a miR-129 precursor in bladder carcinoma cell lines T24 and SW780 cells. Microarray analysis of T24 cells after transfection showed significant miR-129 target down-regulation (P = 0.0002) and pathway analysis indicated that targets were involved in cell death processes. By analyzing gene expression data from clinical tumor samples, we identified significant expression changes of target mRNA molecules related to the miRNA expression. Using luciferase assays, we documented a direct link between miR-129 and the two putative targets GALNT1 and SOX4. The findings reported here indicate that several miRNAs are differentially regulated in bladder cancer and may form a basis for clinical development of new biomarkers for bladder cancer."
16,SOX4,6659,82.3621101809207,32868381,2020,"Genomic Predictors of Good Outcome, Recurrence, or Progression in High-Grade T1 Non-Muscle-Invasive Bladder Cancer.",Cancer research,Bellmunt J; Kim J; Reardon B; Perera-Bel J; Orsola A; Rodriguez-Vida A; Wankowicz SA; Bowden M; Barletta JA; Morote J; de Torres I; Juanpere N; Lloreta-Trull J; Hernandez S; Mouw KW; Taplin ME; Cejas P; Long HW; Van Allen EM; Getz G; Kwiatkowski DJ,10.1158/0008-5472.CAN-20-0977,SOX4,category; general,urine; validation,False,False,False,False,False,True,False,SOX4,CSS10; EVI16; IDDSDF,transcription factor SOX-4; SRY (sex determining region Y)-box 4; SRY-box 4; SRY-related HMG-box gene 4; ecotropic viral integration site 16,SRY-box transcription factor 4,"High-grade T1 (HGT1) bladder cancer is the highest risk subtype of non-muscle-invasive bladder cancer with unpredictable outcome and poorly understood risk factors. Here, we examined the association of somatic mutation profiles with nonrecurrent disease (GO, good outcome), recurrence (R), or progression (PD) in a cohort of HGT1 patients. Exome sequencing was performed on 62 HGT1 and 15 matched normal tissue samples. Both tumor only (TO) and paired analyses were performed, focusing on 95 genes known to be mutated in bladder cancer. Somatic mutations, copy-number alterations, mutation load, and mutation signatures were studied. Thirty-three GO, 10 R, 18 PD, and 1 unknown outcome patients were analyzed. Tumor mutational burden (TMB) was similar to muscle-invasive disease and was highest in GO, intermediate in PD, and lowest in R patients (<i>P</i> = 0.017). DNA damage response gene mutations were associated with higher TMB (<i>P</i> < 0.0001) and GO (<i>P</i> = 0.003). ERCC2 and BRCA2 mutations were associated with GO. TP53, ATM, ARID1A, AHR, and SMARCB1 mutations were more frequent in PD. Focal copy-number gain in CCNE1 and CDKN2A deletion was enriched in PD or R (<i>P</i> = 0.047; <i>P</i> = 0.06). APOBEC (46%) and COSMIC5 (34%) signatures were most frequent. APOBEC-A and ERCC2 mutant tumors (COSMIC5) were associated with GO (<i>P</i> = 0.047; <i>P</i> = 0.0002). pT1b microstaging was associated with a genomic cluster (<i>P</i> = 0.05) with focal amplifications of E2F3/SOX4, PVRL4, CCNE1, and TP53 mutations. Findings were validated using external public datasets. These findings require confirmation but suggest that management of HGT1 bladder cancer may be improved via molecular characterization to predict outcome. SIGNIFICANCE: Detailed genetic analyses of HGT1 bladder tumors identify features that correlate with outcome, e.g., high mutational burden, ERCC2 mutations, and high APOBEC-A/ERCC2 mutation signatures were associated with good outcome."
17,SKA3,221150,80.5076814486971,35546682,2022,SKA3 is a prognostic biomarker and associated with immune infiltration in bladder cancer.,Hereditas,Wang C; Liu S; Zhang X; Wang Y; Guan P; Bu F; Wang H; Wang D; Fan Y; Hou S; Qiu Z,10.1186/s41065-022-00234-z,SKA3,category; general,biomarker; expression; prognostic; urine,True,False,False,False,True,False,True,SKA3,C13orf3; RAMA1,spindle and kinetochore-associated protein 3,spindle and kinetochore associated complex subunit 3,"BACKGROUND: Spindle and kinetochore‑associated complex subunit 3 (SKA3) has recently been considered a key regulator of carcinogenesis. However, the connection between SKA3 and immune cell infiltration remains unknown. METHODS: The current study investigated the expression mode, prognostic effect, and functional role of SKA3 in different tumors, particularly bladder cancer using numerous databases, comprising TIMER, GEPIA, HPA, UALCAN, PrognoScan, and Kaplan-Meier Plotter. Differentially expressed gene and enrichment analyses were implemented on SKA3 using R packages ""edgR"" and ""clusterProfiler"". Immunohistochemistry was further used to validate the expression of SKA3 gene in bladder cancer. Following that, the relevance of SKA3 expression to immune infiltration level in bladder cancer was evaluated using TIMER. RESULTS: Overall, the level of SKA3 expression in tumor tissue significantly increased than in normal tissue. In bladder cancer and other tumors, patients with high SKA3 expression levels had worse overall survival (OS) (p = 0.016), disease-specific survival (DSS) (p = 0.00004), and disease-free survival (DFS) (p = 0.032). Additionally, the major molecular functions for SKA3 included nuclear division, mitotic nuclear division, mitotic sister chromatid segregation, humoral immune response, and cell chemotaxis. Additionally, SKA3 expression was found to be positively associated with enhanced M2 macrophage and T helper (Th) 2 cell infiltration in bladder cancer. CONCLUSIONS: Our study implies that SKA3 contributes to M2 macrophage and Th2 cell polarization by acting as an oncogene in bladder cancer. SKA3 might be a novel biomarker for evaluating prognosis and immune infiltration in bladder cancer."
17,SKA3,221150,80.5076814486971,34572901,2021,Integrative Transcriptome Profiling Reveals <i>SKA3</i> as a Novel Prognostic Marker in Non-Muscle Invasive Bladder Cancer.,Cancers,You C; Piao XM; Kang K; Kim YJ; Kang K,10.3390/cancers13184673,SKA3,category; general,biomarker; diagnostic; expression; prognostic,True,True,False,False,True,False,True,SKA3,C13orf3; RAMA1,spindle and kinetochore-associated protein 3,spindle and kinetochore associated complex subunit 3,"Approximately 80% of all new bladder cancer patients are diagnosed with non-muscle invasive bladder cancer (NMIBC). However, approximately 15% of them progress to muscle-invasive bladder cancer (MIBC), for which prognosis is poor. The current study aimed to improve diagnostic accuracy associated with clinical outcomes in NMIBC patients. Nevertheless, it has been challenging to identify molecular biomarkers that accurately predict MIBC progression because this disease is complex and heterogeneous. Through integrative transcriptome profiling, we showed that high <i>SKA3</i> expression is associated with poor clinical outcomes and MIBC progression. We performed RNA sequencing on human tumor tissues to identify candidate biomarkers in NMIBC. We then selected genes with prognostic significance by analyzing public datasets from multiple cohorts of bladder cancer patients. We found that <i>SKA3</i> was associated with NMIBC pathophysiology and poor survival. We analyzed public single-cell RNA-sequencing (scRNA-seq) data for bladder cancer to dissect transcriptional tumor heterogeneity. <i>SKA3</i> was expressed in an epithelial cell subpopulation expressing genes regulating the cell cycle. Knockdown experiments confirmed that <i>SKA3</i> promotes bladder cancer cell proliferation by accelerating G2/M transition. Hence, <i>SKA3</i> is a new prognostic marker for predicting NMIBC progression. Its inhibition could form part of a novel treatment lowering the probability of bladder cancer progression."
18,UHRF1,29128,80.0162240652754,25272010,2014,Upregulated UHRF1 promotes bladder cancer cell invasion by epigenetic silencing of KiSS1.,PloS one,Zhang Y; Huang Z; Zhu Z; Zheng X; Liu J; Han Z; Ma X; Zhang Y,10.1371/journal.pone.0104252,UHRF1,category; general,expression; urine,False,False,False,False,False,False,True,UHRF1,ICBP90; Np95; RNF106; TDRD22; hNP95; hUHRF1; huNp95,E3 ubiquitin-protein ligase UHRF1; RING finger protein 106; RING-type E3 ubiquitin transferase UHRF1; inverted CCAAT box binding protein 90; inverted CCAAT box-binding protein of 90 kDa; nuclear phosphoprotein 95; nuclear protein 95; nuclear zinc finger protein Np95; transcription factor ICBP90; ubiquitin-like PHD and RING finger domain-containing protein 1,ubiquitin like with PHD and ring finger domains 1,"Ubiquitin-like with PHD and RING finger domains 1 (UHRF1), as an epigenetic regulator, plays important roles in the tumorigenesis and cancer progression. KiSS1 functions as a metastasis suppressor in various cancers, and epigenetic silencing of KiSS1 increases the metastatic potential of cancer cells. We therefore investigated whether UHRF1 promotes bladder cancer cell invasion by inhibiting KiSS1. The expression levels of UHRF1 and KiSS1 were examined by quantitative real-time PCR assay in vitro and in vivo. The role of UHRF1 in regulating bladder cancer metastasis was evaluated in bladder cancer cell. We found that UHRF1 levels are upregulated in most clinical specimens of bladder cancer when compared with paired normal tissues, and UHRF1 expression levels are significantly increased in primary tumors that subsequently metastasized compared with non-metastatic tumors. Forced expression of UHRF1 promotes bladder cancer cell invasion, whereas UHRF1 knockdown decreases cell invasion. Overexpression of UHRF1 increases the methylation of CpG nucleotides and reduces the expression of KiSS1. UHRF1 and KiSS1 expression level is negatively correlated in vivo and in vitro. Knockdown of KiSS1 promotes bladder cancer cell invasion. Importantly, forced expression of KiSS1 partly abrogates UHRF1-induced cell invasion. These data demonstrated that upregulated UHRF1 increases bladder cancer cell invasion by epigenetic silencing of KiSS1."
18,UHRF1,29128,80.0162240652754,39709438,2024,SIRT6 deficiency impairs the deacetylation and ubiquitination of UHRF1 to strengthen glycolysis and lactate secretion in bladder cancer.,Cell & bioscience,Wang X; Zhang P; Yan J; Huang J; Shen Y; He H; Dou H,10.1186/s13578-024-01333-2,UHRF1,category; general,prognostic,False,False,False,False,True,False,True,UHRF1,ICBP90; Np95; RNF106; TDRD22; hNP95; hUHRF1; huNp95,E3 ubiquitin-protein ligase UHRF1; RING finger protein 106; RING-type E3 ubiquitin transferase UHRF1; inverted CCAAT box binding protein 90; inverted CCAAT box-binding protein of 90 kDa; nuclear phosphoprotein 95; nuclear protein 95; nuclear zinc finger protein Np95; transcription factor ICBP90; ubiquitin-like PHD and RING finger domain-containing protein 1,ubiquitin like with PHD and ring finger domains 1,"BACKGROUND: Aberrant interplay between epigenetic reprogramming and metabolic rewiring events contributes to bladder cancer progression and metastasis. How the deacetylase Sirtuin-6 (SIRT6) regulates glycolysis and lactate secretion in bladder cancer remains poorly defined. We thus aimed to study the biological functions of SIRT6 in bladder cancer. METHODS: Bioinformatic analysis was used to study the prognostic significance of SIRT6/UHRF1 in BLCA. Both in vitro and in vivo assays were used to determine the roles of SIRT6/UHRF1 in BLCA. Deacetylation and ubiquitin assays were performed to uncover the regulations of SIRT6-UHRF1. Measurement of extracellular acidification rate (ECAR) and oxygen consumption rate (OCR) was used to assess glycolytic abilities. RESULTS: Here, we show that protein deacetylase SIRT6 was down-regulated in BLCA, and predicts poor overall survival. SIRT6 deficiency notably enhances BLCA cell proliferation, self-renewal, and migration capacities in vitro and in vivo. Mechanistically, SIRT6 interacts with, deacetylates, and promotes UHRF1 degradation mediated by β-TrCP1. Thus, SIRT6 deficiency leads to stabilized UHRF1 and depends on UHRF1 to accelerate BLCA malignant progression. Furthermore, UHRF1 significantly increased aerobic glycolysis via activating MCT4/HK2 expressions. Down-regulated SIRT6 thus depended on UHRF1 to promote glycolysis and lactate secretion in BLCA. Targeting UHRF1 or MCT4 notably impaired the extracellular lactate accumulations in BLCA. Significantly, a specific small-molecule inhibitor (NSC232003) targeting UHRF1 substantially inhibited SIRT6-deficient BLCA progression. CONCLUSION: Together, our study uncovered an epigenetic mechanism of the SIRT6/UHRF1 axis in driving BLCA glycolysis and lactate secretion, creating a novel vulnerability for BLCA treatment."
18,UHRF1,29128,80.0162240652754,19491893,2009,UHRF1 is a novel molecular marker for diagnosis and the prognosis of bladder cancer.,British journal of cancer,Unoki M; Kelly JD; Neal DE; Ponder BA; Nakamura Y; Hamamoto R,10.1038/sj.bjc.6605123,UHRF1,category; general,biomarker; diagnostic; expression; prognostic; urine,False,True,False,True,True,False,True,UHRF1,ICBP90; Np95; RNF106; TDRD22; hNP95; hUHRF1; huNp95,E3 ubiquitin-protein ligase UHRF1; RING finger protein 106; RING-type E3 ubiquitin transferase UHRF1; inverted CCAAT box binding protein 90; inverted CCAAT box-binding protein of 90 kDa; nuclear phosphoprotein 95; nuclear protein 95; nuclear zinc finger protein Np95; transcription factor ICBP90; ubiquitin-like PHD and RING finger domain-containing protein 1,ubiquitin like with PHD and ring finger domains 1,"BACKGROUND: Bladder cancer is the second most common cancer of the urinary system. Early diagnosis of this tumour and estimation of risk of future progression after initial transuretherial resection have a significant impact on prognosis. Although there are several molecular markers for the diagnosis and prognosis for this tumour, their accuracy is not ideal. Previous reports have shown that UHRF1 (ubiquitin-like with PHD and ring-finger domains 1) is essential for cellular proliferation. In this study, we examined whether UHRF1 can be a novel molecular marker of bladder cancer. METHODS: We performed real-time TaqMan quantitative reverse transcription-PCR and immunohistochemistry to examine expression levels of UHRF1 in bladder and kidney cancers. RESULTS: Significant overexpression of UHRF1 was observed in bladder cancer. The overexpression was correlated with the stage and grade of the cancer. Although UHRF1 expression in muscle-invasive cancer was greater than in non-invasive (pTa) or superficially invasive (pT1) cancers, UHRF1 could still be detected by immunohistochemistry in these early-stage cancers. Overexpression of UHRF1 in bladder cancer was associated with increased risk of progression after transurethral resection. High expression of UHRF1 in kidney cancer was also observed. But the increased levels of UHRF1 in kidney cancer were less significant compared with those in bladder cancer. CONCLUSION: Our result indicates that an immunohistochemistry-based UHRF1 detection in urine sediment or surgical specimens can be a sensitive and cancer-specific diagnostic and/or prognosis method, and may greatly improve the current diagnosis based on cytology."
18,UHRF1,29128,80.0162240652754,39532830,2024,Comprehensive analysis of single-cell and bulk RNA sequencing reveals postoperative progression markers for non-muscle invasive bladder cancer and predicts responses to immunotherapy.,Discover oncology,Xiao Z; Liu X; Wang Y; Jiang S; Feng Y,10.1007/s12672-024-01548-2,UHRF1,category; general,biomarker; expression; prognostic; roc_auc,True,False,True,False,True,False,True,UHRF1,ICBP90; Np95; RNF106; TDRD22; hNP95; hUHRF1; huNp95,E3 ubiquitin-protein ligase UHRF1; RING finger protein 106; RING-type E3 ubiquitin transferase UHRF1; inverted CCAAT box binding protein 90; inverted CCAAT box-binding protein of 90 kDa; nuclear phosphoprotein 95; nuclear protein 95; nuclear zinc finger protein Np95; transcription factor ICBP90; ubiquitin-like PHD and RING finger domain-containing protein 1,ubiquitin like with PHD and ring finger domains 1,"BACKGROUND: Non-muscle-invasive bladder cancer (NMIBC) is renowned for its high recurrence, invasiveness, and poor prognosis. Consequently, developing new biomarkers for risk assessment and investigating innovative therapeutic targets postoperative in NMIBC patients are crucial to aid in treatment planning. APPROACHES: Differential gene expression analysis was performed using multiple Gene Expression Omnibus (GEO) datasets to identify differentially expressed genes (DEGs) between NMIBC and normal tissue, as well as between NMIBC and muscle-invasive bladder cancer (MIBC). Functional enrichment analysis was conducted based on the DEGs identified. Subsequently, prognosis-related genes were selected using Kaplan-Meier (KM) analysis and Cox regression analysis. The Boruta algorithm was utilized to further screen for core DEGs related to postoperative progression in NMIBC based on the aforementioned prognosis-related genes. Single-cell and clinical correlation studies were performed to verify their expression across various stages of bladder cancer. To investigate the link between core genes and the immune microenvironment, single-sample gene set enrichment analysis (ssGSEA) was utilized, and Receiver Operating Characteristic (ROC) and KM analyses were performed to confirm predictive power for immune therapy outcomes. Machine learning (ML) models were constructed using the DepMap dataset to predict the efficacy of core gene inhibitors in treating bladder cancers. The prognostic performance of the core genes was evaluated using ROC curve analysis. An online prediction tool was developed based on the core genes to provide prognostic predictions. Finally, RT-qPCR, CCK-8, and Transwell assays were used to verify the pro-tumor effects of the GINS2 in bladder cancer. RESULTS: A total of 70 DEGs were identified, among which 11 prognostic genes were obtained through KM analysis, and an additional 8 prognostic genes were obtained through COX analysis. The Boruta algorithm selected AURKB, GINS2, and UHRF1 as the three core DEGs. Single-cell and clinical variable correlation analyses indicated that the core genes promoted the progression of bladder cancer. The analysis of immune infiltration revealed a strong positive association between the core genes and both activated CD4 T cells and Type 2 helper T cells. Two random forest (RF) models were constructed to effectively predict the treatment effect of bladder cancer after targeted inhibition of AURKB and GINS2. In addition, an online nomogram tool was developed to effectively predict the risk of postoperative progression in NMIBC patients undergoing TURBT. Finally, RT-qPCR, CCK8, and Transwell assays showed that GINS2 promoted the growth and progression of bladder cancer. CONCLUSION: AURKB, GINS2, and UHRF1 have the potential to enhance postoperative management of NMIBC patients undergoing transurethral resection of bladder tumor (TURBT) and can predict immunotherapy response, establishing them as promising therapeutic targets."
18,UHRF1,29128,80.0162240652754,27072587,2016,Regulation of UHRF1 by dual-strand tumor-suppressor microRNA-145 (miR-145-5p and miR-145-3p): Inhibition of bladder cancer cell aggressiveness.,Oncotarget,Matsushita R; Yoshino H; Enokida H; Goto Y; Miyamoto K; Yonemori M; Inoguchi S; Nakagawa M; Seki N,10.18632/oncotarget.8668,UHRF1,category; general,expression; prognostic; urine,False,False,False,False,True,False,True,UHRF1,ICBP90; Np95; RNF106; TDRD22; hNP95; hUHRF1; huNp95,E3 ubiquitin-protein ligase UHRF1; RING finger protein 106; RING-type E3 ubiquitin transferase UHRF1; inverted CCAAT box binding protein 90; inverted CCAAT box-binding protein of 90 kDa; nuclear phosphoprotein 95; nuclear protein 95; nuclear zinc finger protein Np95; transcription factor ICBP90; ubiquitin-like PHD and RING finger domain-containing protein 1,ubiquitin like with PHD and ring finger domains 1,"In microRNA (miRNA) biogenesis, the guide-strand of miRNA integrates into the RNA induced silencing complex (RISC), whereas the passenger-strand is inactivated through degradation. Analysis of our miRNA expression signature of bladder cancer (BC) by deep-sequencing revealed that microRNA (miR)-145-5p (guide-strand) and miR-145-3p (passenger-strand) were significantly downregulated in BC tissues. It is well known that miR-145-5p functions as a tumor suppressor in several types of cancer. However, the impact of miR-145-3p on cancer cells is still ambiguous. The aim of the present study was to investigate the functional significance of miR-145-3p and BC oncogenic pathways and targets regulated by miR-145-5p/miR-145-3p. Ectopic expression of either miR-145-5p or miR-145-3p in BC cells significantly suppressed cancer cell growth, migration and invasion and it also induced apoptosis. The gene encoding ubiquitin-like with PHD and ring finger domains 1 (UHRF1) was a direct target of these miRNAs. Silencing of UHRF1 induced apoptosis and inhibited cancer cell proliferation, migration, and invasion in BC cells. In addition, overexpressed UHRF1 was confirmed in BC clinical specimens, and the high UHRF1 expression group showed a significantly poorer cause specific survival rate in comparison with the low expression group. Taken together, our present data demonstrated that both strands of miR-145 (miR-145-5p: guide-strand and miR-145-3p: passenger-strand) play pivotal roles in BC cells by regulating UHRF1. The identification of the molecular target of a tumor suppressive miRNAs provides novel insights into the potential mechanisms of BC oncogenesis and suggests novel therapeutic strategies."
18,UHRF1,29128,80.0162240652754,26310391,2015,"MiR-124 exerts tumor suppressive functions on the cell proliferation, motility and angiogenesis of bladder cancer by fine-tuning UHRF1.",The FEBS journal,Wang X; Wu Q; Xu B; Wang P; Fan W; Cai Y; Gu X; Meng F,10.1111/febs.13502,UHRF1,category; general,expression; urine,False,False,True,False,False,False,True,UHRF1,ICBP90; Np95; RNF106; TDRD22; hNP95; hUHRF1; huNp95,E3 ubiquitin-protein ligase UHRF1; RING finger protein 106; RING-type E3 ubiquitin transferase UHRF1; inverted CCAAT box binding protein 90; inverted CCAAT box-binding protein of 90 kDa; nuclear phosphoprotein 95; nuclear protein 95; nuclear zinc finger protein Np95; transcription factor ICBP90; ubiquitin-like PHD and RING finger domain-containing protein 1,ubiquitin like with PHD and ring finger domains 1,"UHRF1, an epigenetic factor, is implicated in various cellular processes of tumorigenesis. However, the modulation of UHRF1 expression in human bladder cancer at post-transcriptional levels remains unclear. Here, we report that miR-124 suppresses expression of UHRF1 to affect the progression of human bladder cancer through competitive binding of the same region of its 3'-UTR. We show that compared with corresponding normal tissues, UHRF1 is upregulated and miR-124 is downregulated in bladder cancer tissues, demonstrating an inverse correlation of miR-124 and UHRF1. Quantitative PCR and western blot assay demonstrated that over-expression of miR-124 resulted in the suppression of UHRF1. Furthermore, luciferase assay revealed that miR-124 could control the fate of target gene UHRF1 mRNA by binding 3'-UTR. The rescue experiment confirmed that miR-124 exerted its biological functions by targeting UHRF1. miR-124 over-expression significantly attenuated cellular proliferation, migration, invasion and vasculogenic mimicry in vitro, and tumor growth in vivo. UHRF1 siRNA showed significant inhibitory effects on bladder cancer cells. Collectively, our study demonstrates that miR-124 can impair the proliferation or metastasis of human bladder cancer cells by down-regulation of UHRF1."
18,UHRF1,29128,80.0162240652754,21611839,2012,UHRF1 is associated with tumor recurrence in non-muscle-invasive bladder cancer.,"Medical oncology (Northwood, London, England)",Yang GL; Zhang LH; Bo JJ; Chen HG; Cao M; Liu DM; Huang YR,10.1007/s12032-011-9983-z,UHRF1,category; general,biomarker; expression; prognostic; urine,False,False,False,False,True,False,True,UHRF1,ICBP90; Np95; RNF106; TDRD22; hNP95; hUHRF1; huNp95,E3 ubiquitin-protein ligase UHRF1; RING finger protein 106; RING-type E3 ubiquitin transferase UHRF1; inverted CCAAT box binding protein 90; inverted CCAAT box-binding protein of 90 kDa; nuclear phosphoprotein 95; nuclear protein 95; nuclear zinc finger protein Np95; transcription factor ICBP90; ubiquitin-like PHD and RING finger domain-containing protein 1,ubiquitin like with PHD and ring finger domains 1,"Ubiquitin-like with PHD and ring finger domains 1 (UHRF1) is a novel anti-apoptotic gene, and overexpression of UHRF1 is involved in tumorigenicity. Here, immunohistochemistry was used to detect UHRF1 expression in non-muscle-invasive bladder cancer (NMIBC), and these data were examined for correlation with clinicopathological parameters and prognosis. The UHRF1 expression rate was 49.2% in a total of 118 bladder cancer tissues, which was significantly higher than in normal tissues, and UHRF1 expression has a significantly positive correlation with tumor grade (P = 0.027) and recurrence (P = 0.013). Survival analysis showed that UHRF1 high expression patients' mean survival time (42.59 months) was significantly shorter than that (71.36 months) of UHRF1 low expression patients (P = 0.0002). Multivariate analysis showed that UHRF1 overexpression was an independent prognostic factor for tumor recurrence (P < 0.0001). So UHRF1 may be a molecular marker to predict the recurrence of NMIBC."
18,UHRF1,29128,80.0162240652754,28128913,2017,Overexpression of UHRF1 gene correlates with the major clinicopathological parameters in urinary bladder cancer.,International braz j urol : official journal of the Brazilian Society of Urology,Saidi S; Popov Z; Janevska V; Panov S,10.1590/S1677-5538.IBJU.2016.0126,UHRF1,category; general,expression; urine,False,False,False,True,False,False,True,UHRF1,ICBP90; Np95; RNF106; TDRD22; hNP95; hUHRF1; huNp95,E3 ubiquitin-protein ligase UHRF1; RING finger protein 106; RING-type E3 ubiquitin transferase UHRF1; inverted CCAAT box binding protein 90; inverted CCAAT box-binding protein of 90 kDa; nuclear phosphoprotein 95; nuclear protein 95; nuclear zinc finger protein Np95; transcription factor ICBP90; ubiquitin-like PHD and RING finger domain-containing protein 1,ubiquitin like with PHD and ring finger domains 1,"INTRODUCTION: Recently, expression of the UHRF1 gene was found to be up-regulated in numerous neoplasms, including the urinary bladder transitional cell carcinoma (TCC). OBJECTIVE: The aim of our study was to determine if the expression levels of UHRF1 gene correlates with the major pathological characteristics of the tumor and patients' clinical outcome. MATERIALS AND METHODS: In our study, we have analyzed the tissue samples derived from group of 70 patients with histologically confirmed TCC of the urinary bladder, while normal urinary bladder mucosa obtained from 40 patients with nonmalignant diseases was used as a negative control group. Expression of UHRF1 gene in each patient sample was determined using reverse transcriptase-polymerase chain reaction. RESULTS: UHRF1 gene expression was found to be app. 2.5 times higher in samples from patients with TCC in comparison with normal epithelium derived from control group patients. Analysis show that gene expression correlates with the malignancy of the tumor. A highly significant differences were found between the expression values of samples from low and high grade TCC, as well as between the high grade and control group. UHRF1 expression was higher in patients with non-muscle invasive disease than in those with muscle invasive disease. CONCLUSIONS: The result of this study indicates that UHRF1 gene expression levels correlates with the major pathological characteristics of TCC samples and with the clinical outcome of those patients. Determination of UHRF1 gene expression could have a potential to be used as a sensitive molecular marker in patients with urinary bladder cancer."
18,UHRF1,29128,80.0162240652754,35116851,2019,Overexpression of UHRF1 and its potential role in the development of invasive ductal breast cancer validated by integrative bioinformatics and immunohistochemistry analyses.,Translational cancer research,Yang Y; Liu G; Qin L; Ye L; Zhu F; Ying Y,10.21037/tcr.2019.06.19,UHRF1; ubiquitin-like PHD and RING finger domain-containing protein 1,category; general,biomarker; expression; prognostic; validation,True,False,False,False,True,True,True,UHRF1,ICBP90; Np95; RNF106; TDRD22; hNP95; hUHRF1; huNp95,E3 ubiquitin-protein ligase UHRF1; RING finger protein 106; RING-type E3 ubiquitin transferase UHRF1; inverted CCAAT box binding protein 90; inverted CCAAT box-binding protein of 90 kDa; nuclear phosphoprotein 95; nuclear protein 95; nuclear zinc finger protein Np95; transcription factor ICBP90; ubiquitin-like PHD and RING finger domain-containing protein 1,ubiquitin like with PHD and ring finger domains 1,"BACKGROUND: Increasing evidence has highlighted the role of ubiquitin-like PHD and RING finger domain-containing protein 1 (UHRF1) in the development of cancers, including hepatocellular carcinoma, pancreatic cancer, and bladder cancer. However, the correlation between UHRF1 and breast cancer remains unclear. The present study aimed to analyze the expression of UHRF1 and its role in the development of invasive ductal breast cancer (IDC) by integrating multilevel expression data and immunohistochemistry analysis. METHODS: The Gene Expression Omnibus (GEO) and The Cancer Genome Atlas (TCGA) databases were used to gather UHRF1 expression data on IDC. Additionally, immunohistochemistry analysis was used to investigate the correlations between UHRF1 expression and the clinical characteristics of IDC. RESULTS: The GEO and TCGA databases indicated that UHRF1 was up-regulated in IDC. Consistently, the immunohistochemical specimens showed that the significant overexpression of UHRF1 in IDC, and its expression level showed an increasing trend from ductal carcinomas <i>in situ</i> to IDC. Notably, the increased levels of UHRF1 were closely correlated with estrogen receptor expression, pathological grade, and the prognosis of the disease. In addition, patients with a high UHRF1 expression had a poorer prognosis. CONCLUSIONS: In conclusion, our findings suggested that UHRF1 plays a promoting role in breast tumorigenesis, and the over-expression of UHRF1 could serve as a biomarker for the prognosis in invasive ductal carcinomas in breast cancer."
18,UHRF1,29128,80.0162240652754,25323766,2015,Epigenetic repression of regulator of G-protein signaling 2 by ubiquitin-like with PHD and ring-finger domain 1 promotes bladder cancer progression.,The FEBS journal,Ying L; Lin J; Qiu F; Cao M; Chen H; Liu Z; Huang Y,10.1111/febs.13116,UHRF1,category; general,expression; prognostic; urine,False,False,False,False,True,False,True,UHRF1,ICBP90; Np95; RNF106; TDRD22; hNP95; hUHRF1; huNp95,E3 ubiquitin-protein ligase UHRF1; RING finger protein 106; RING-type E3 ubiquitin transferase UHRF1; inverted CCAAT box binding protein 90; inverted CCAAT box-binding protein of 90 kDa; nuclear phosphoprotein 95; nuclear protein 95; nuclear zinc finger protein Np95; transcription factor ICBP90; ubiquitin-like PHD and RING finger domain-containing protein 1,ubiquitin like with PHD and ring finger domains 1,"Ubiquitin-like with PHD and ring-finger domain 1 (UHRF1) binds to methylated promoters of tumor-suppressor genes and suppresses gene expression by forming complexes with DNA methyltransferases. Recent studies have shown that repression of regulator of G-protein signaling (RGS) 2 increases cancer cell growth. However, little is known about whether UHRF1 promotes bladder cancer progression by epigenetic silencing of RGS2. Here, we show that UHRF1 expression is increased in bladder cancer cell lines and in most bladder cancer tissues as compared with normal controls. UHRF1 overexpression increases bladder cancer cell proliferation, whereas inhibition of UHRF1 suppresses cell proliferation. In bladder cancer cells, UHRF1 inhibits RGS2 expression by increasing the methylation of CpG nucleotides of the RGS2 promoter. DNA methylation analysis showed tumor-specific TGS2 promoter methylation in 73% (38/52) of bladder tumors. High UHRF1 expression of correlated with aberrant TGS2 promoter methylation in bladder tumors, which results in the loss of TGS2 expression, as confirmed by demethylation analysis in cell lines. Functionally, re-expression of RGS2 partly abrogates UHRF1-induced bladder cell proliferation. Furthermore, Kaplan-Meier analysis showed that low TGS2 expression is significantly correlated with reduced overall survival in patients with bladder cancer. These results demonstrate that epigenetic repression of RGS2 by UHRF1 contributes to bladder cancer progression."
18,UHRF1,29128,80.0162240652754,27628846,2016,Re: Regulation of UHRF1 by Dual-Strand Tumor-Suppressor MicroRNA-145 (miR-145-5p and miR-145-3p): Inhibition of Bladder Cancer Cell Aggressiveness.,The Journal of urology,Atala A,10.1016/j.juro.2016.07.048,UHRF1,category; general,expression; urine,False,False,False,False,False,False,False,UHRF1,ICBP90; Np95; RNF106; TDRD22; hNP95; hUHRF1; huNp95,E3 ubiquitin-protein ligase UHRF1; RING finger protein 106; RING-type E3 ubiquitin transferase UHRF1; inverted CCAAT box binding protein 90; inverted CCAAT box-binding protein of 90 kDa; nuclear phosphoprotein 95; nuclear protein 95; nuclear zinc finger protein Np95; transcription factor ICBP90; ubiquitin-like PHD and RING finger domain-containing protein 1,ubiquitin like with PHD and ring finger domains 1,
18,UHRF1,29128,80.0162240652754,25349215,2015,Does Wnt/β-catenin pathway contribute to the stability of DNMT1 expression in urological cancer cell lines?,"Experimental biology and medicine (Maywood, N.J.)",Varol N; Konac E; Bilen CY,10.1177/1535370214556951,UHRF1,category; general,expression; urine,False,False,False,False,False,False,True,UHRF1,ICBP90; Np95; RNF106; TDRD22; hNP95; hUHRF1; huNp95,E3 ubiquitin-protein ligase UHRF1; RING finger protein 106; RING-type E3 ubiquitin transferase UHRF1; inverted CCAAT box binding protein 90; inverted CCAAT box-binding protein of 90 kDa; nuclear phosphoprotein 95; nuclear protein 95; nuclear zinc finger protein Np95; transcription factor ICBP90; ubiquitin-like PHD and RING finger domain-containing protein 1,ubiquitin like with PHD and ring finger domains 1,"DNA methylation is considered as one of the most important epigenetic mechanisms and it is catalyzed by DNA methyltransferases (DNMTs). DNMT1 abundance has been frequently seen in urogenital system tumors but the reasons for this abundance are not well understood. We aimed to look into the effects of Wnt/β-catenin signaling pathway on overexpression of DNMT1 and aberrant expression of UHRF1 and HAUSP which are responsible for stability of DNMT1 at transcriptional and protein levels in urogenital cancers. In this context, firstly, Wnt/β-catenin signaling pathway was activated by using SB216763 which is a glycogen synthase kinase-3 (GSK3) β inhibitor. Cell proliferation levels in bladder cancer cells, renal cell carcinoma, and prostate cancer cells treated with GSK3β inhibitor (SB216763) were detected by WST-1 reagent. WIF-1 gene methylation profile was determined by methylation-specific PCR (MSP); expression levels of target genes β-catenin and WIF-1 by real-time PCR; and protein levels of β-catenin, DNMT1, pGSK3β(Ser9), HAUSP, and UHRF1 by Western Blot. Our results indicated that treatment with SB216763 caused an increased cell proliferation at low dose. mRNA levels of β-catenin increased after treatment with SB216273 and protein levels of pGSK3β(Ser9), β-catenin, and DNMT1 increased in comparison to control. HAUSP and UHRF1 were either up-regulated or down-regulated at the same doses depending on the type of cancer. Also, we showed that protein levels of DNMT1, β-catenin, HAUSP, and UHRF1 decreased after re-expression of WIF-1 following treatment with DAC. In Caki-2 cells, β-catenin pathway might have accounted for the stability of DNMT1 expression, whereas such relation is not valid for T24 and PC3 cells. Our findings may offer a new approach for determination of molecular effects of Wnt/β-catenin signal pathway on DNMT1. This may allow us to identify new molecular targets for the treatment of urogenital cancers."
18,UHRF1,29128,80.0162240652754,40667845,2025,The novel ferroptosis-inducing molecule can inhibit the progression of BC by regulating the ubiquitination of UHRF1.,Epigenomics,Fang P; Yu Y; Ma Y; Yan Y; Wu G; Liu S; Wang C; Li W; Yu T; Fang X; Wang Z,10.1080/17501911.2025.2530923,UHRF1,category; general,expression; urine,False,False,False,False,False,False,True,UHRF1,ICBP90; Np95; RNF106; TDRD22; hNP95; hUHRF1; huNp95,E3 ubiquitin-protein ligase UHRF1; RING finger protein 106; RING-type E3 ubiquitin transferase UHRF1; inverted CCAAT box binding protein 90; inverted CCAAT box-binding protein of 90 kDa; nuclear phosphoprotein 95; nuclear protein 95; nuclear zinc finger protein Np95; transcription factor ICBP90; ubiquitin-like PHD and RING finger domain-containing protein 1,ubiquitin like with PHD and ring finger domains 1,"BACKGROUND: Bladder cancer remains a prevalent malignancy with limited targeted therapies. Circular RNAs have emerged as critical regulators in cancer biology, though their role in ferroptosis remains largely unexplored. RESEARCH DESIGN AND METHODS: The expression of circPPP6R1 was examined in BC tissues and cell lines. Functional assays, including Transwell migration, invasion, colony formation, and multiple ferroptosis-related assays, were conducted in vitro and in vivo. Mechanistic studies involved RNA pull-down, RIP, FISH, and mass spectrometry to identify circPPP6R1-interacting proteins. RESULTS: circPPP6R1 was significantly downregulated in BC and its overexpression inhibited BC cell proliferation, migration, and invasion. Notably, circPPP6R1 enhanced ferroptosis in BC cells. Mechanistically, circPPP6R1 directly bound to UHRF1 and facilitated its ubiquitin-mediated degradation. UHRF1 was found to be highly expressed in BC tissues and correlated with adverse clinicopathological features. Rescue experiments confirmed that the tumor-suppressive effect of circPPP6R1 was mediated through UHRF1-dependent ferroptosis induction. CONCLUSIONS: Our study identifies circPPP6R1 as a novel ferroptosis-promoting circRNA that suppresses BC progression by targeting UHRF1. These findings highlight the circPPP6R1/UHRF1 axis as a potential therapeutic target in bladder cancer."
19,AURKB,9212,79.749916972454,36529823,2022,Six potential biomarkers for bladder cancer: key proteins in cell-cycle division and apoptosis pathways.,Journal of the Egyptian National Cancer Institute,Inal Gültekin G; Timirci Kahraman Ö; Işbilen M; Durmuş S; Çakir T; Yaylim İ; Isbir T,10.1186/s43046-022-00153-0,AURKB,category; general,biomarker; diagnostic; expression; urine,True,True,False,False,False,False,True,AURKB,AIK2; AIM-1; AIM1; ARK-2; ARK2; AurB; IPL1; PPP1R48; STK-1; STK12; STK5; aurkb-sv1; aurkb-sv2,"aurora kinase B; aurora kinase B-Sv1; aurora kinase B-Sv2; aurora- and Ipl1-like midbody-associated protein 1; aurora- and Ipl1-like midbody-associated protein 1 homolog; aurora-1; aurora-B; aurora-related kinase 2; aurora/IPL1-related kinase 2; protein phosphatase 1, regulatory subunit 48; serine/threonine kinase 12; serine/threonine-protein kinase 12; serine/threonine-protein kinase 5; serine/threonine-protein kinase aurora-B",aurora kinase B,"BACKGROUND: The bladder cancer (BC) pathology is caused by both exogenous environmental and endogenous molecular factors. Several genes have been implicated, but the molecular pathogenesis of BC and its subtypes remains debatable. The bioinformatic analysis evaluates high numbers of proteins in a single study, increasing the opportunity to identify possible biomarkers for disorders. METHODS: The aim of this study is to identify biomarkers for the identification of BC using several bioinformatic analytical tools and methods. BC and normal samples were compared for each probeset with T test in GSE13507 and GSE37817 datasets, and statistical probesets were verified with GSE52519 and E-MTAB-1940 datasets. Differential gene expression, hierarchical clustering, gene ontology enrichment analysis, and heuristic online phenotype prediction algorithm methods were utilized. Statistically significant proteins were assessed in the Human Protein Atlas database. GSE13507 (6271 probesets) and GSE37817 (3267 probesets) data were significant after the extraction of probesets without gene annotation information. Common probesets in both datasets (2888) were further narrowed by analyzing the first 100 upregulated and downregulated probesets in BC samples. RESULTS: Among the total 400 probesets, 68 were significant for both datasets with similar fold-change values (Pearson r: 0.995). Protein-protein interaction networks demonstrated strong interactions between CCNB1, BUB1B, and AURKB. The HPA database revealed similar protein expression levels for CKAP2L, AURKB, APIP, and LGALS3 both for BC and control samples. CONCLUSION: This study disclosed six candidate biomarkers for the early diagnosis of BC. It is suggested that these candidate proteins be investigated in a wet lab to identify their functions in BC pathology and possible treatment approaches."
19,AURKB,9212,79.749916972454,38515112,2024,AURKB promotes bladder cancer progression by deregulating the p53 DNA damage response pathway via MAD2L2.,Journal of translational medicine,Li L; Jiang P; Hu W; Zou F; Li M; Rao T; Ruan Y; Yu W; Ning J; Cheng F,10.1186/s12967-024-05099-6,AURKB; aurora kinase B,category; general,expression; prognostic; urine,False,False,False,True,True,False,True,AURKB,AIK2; AIM-1; AIM1; ARK-2; ARK2; AurB; IPL1; PPP1R48; STK-1; STK12; STK5; aurkb-sv1; aurkb-sv2,"aurora kinase B; aurora kinase B-Sv1; aurora kinase B-Sv2; aurora- and Ipl1-like midbody-associated protein 1; aurora- and Ipl1-like midbody-associated protein 1 homolog; aurora-1; aurora-B; aurora-related kinase 2; aurora/IPL1-related kinase 2; protein phosphatase 1, regulatory subunit 48; serine/threonine kinase 12; serine/threonine-protein kinase 12; serine/threonine-protein kinase 5; serine/threonine-protein kinase aurora-B",aurora kinase B,"BACKGROUND: Bladder cancer (BC) is the most common urinary tract malignancy. Aurora kinase B (AURKB), a component of the chromosomal passenger protein complex, affects chromosomal segregation during cell division. Mitotic arrest-deficient 2-like protein 2 (MAD2L2) interacts with various proteins and contributes to genomic integrity. Both AURKB and MAD2L2 are overexpressed in various human cancers and have synergistic oncogenic effects; therefore, they are regarded as emerging therapeutic targets for cancer. However, the relationship between these factors and the mechanisms underlying their oncogenic activity in BC remains largely unknown. The present study aimed to explore the interactions between AURKB and MAD2L2 and how they affect BC progression via the DNA damage response (DDR) pathway. METHODS: Bioinformatics was used to analyze the expression, prognostic value, and pro-tumoral function of AURKB in patients with BC. CCK-8 assay, colony-forming assay, flow cytometry, SA-β-gal staining, wound healing assay, and transwell chamber experiments were performed to test the viability, cell cycle progression, senescence, and migration and invasion abilities of BC cells in vitro. A nude mouse xenograft assay was performed to test the tumorigenesis ability of BC cells in vivo. The expression and interaction of proteins and the occurrence of the senescence-associated secretory phenotype were detected using western blot analysis, co-immunoprecipitation assay, and RT-qPCR. RESULTS: AURKB was highly expressed and associated with prognosis in patients with BC. AURKB expression was positively correlated with MAD2L2 expression. We confirmed that AURKB interacts with, and modulates the expression of, MAD2L2 in BC cells. AURKB knockdown suppressed the proliferation, migration, and invasion abilities of, and cell cycle progression in, BC cells, inducing senescence in these cells. The effects of AURKB knockdown were rescued by MAD2L2 overexpression in vitro and in vivo. The effects of MAD2L2 knockdown were similar to those of AURKB knockdown. Furthermore, p53 ablation rescued the MAD2L2 knockdown-induced suppression of BC cell proliferation and cell cycle arrest and senescence in BC cells. CONCLUSIONS: AURKB activates MAD2L2 expression to downregulate the p53 DDR pathway, thereby promoting BC progression. Thus, AURKB may serve as a potential molecular marker and a novel anticancer therapeutic target for BC."
19,AURKB,9212,79.749916972454,39456780,2024,"Molecular Landscape of Bladder Cancer: Key Genes, Transcription Factors, and Drug Interactions.",International journal of molecular sciences,Danishuddin; Haque MA; Khan S; Kim JJ; Ahmad K,10.3390/ijms252010997,AURKB,category; general,biomarker; diagnostic; expression; prognostic; roc_auc; urine; validation,True,True,True,True,True,True,False,AURKB,AIK2; AIM-1; AIM1; ARK-2; ARK2; AurB; IPL1; PPP1R48; STK-1; STK12; STK5; aurkb-sv1; aurkb-sv2,"aurora kinase B; aurora kinase B-Sv1; aurora kinase B-Sv2; aurora- and Ipl1-like midbody-associated protein 1; aurora- and Ipl1-like midbody-associated protein 1 homolog; aurora-1; aurora-B; aurora-related kinase 2; aurora/IPL1-related kinase 2; protein phosphatase 1, regulatory subunit 48; serine/threonine kinase 12; serine/threonine-protein kinase 12; serine/threonine-protein kinase 5; serine/threonine-protein kinase aurora-B",aurora kinase B,"Bladder cancer is among the most prevalent tumors in the urinary system and is known for its high malignancy. Although traditional diagnostic and treatment methods are established, recent research has focused on understanding the molecular mechanisms underlying bladder cancer. The primary objective of this study is to identify novel diagnostic markers and discover more effective targeted therapies for bladder cancer. This study identified differentially expressed genes (DEGs) between bladder cancer tissues and adjacent normal tissues using data from The Cancer Genome Atlas (TCGA). Gene Ontology (GO) and Kyoto Encyclopedia of Genes and Genomes (KEGG) enrichment analyses were conducted to explore the functional roles of these genes. A protein-protein interaction (PPI) network was also constructed to identify and analyze hub genes within this network. Gene set variation analysis (GSVA) was conducted to investigate the involvement of these genes in various biological processes and pathways. Ten key genes were found to be significantly associated with bladder cancer: <i>IL6</i>, <i>CCNA2</i>, <i>CCNB1</i>, <i>CDK1</i>, <i>PLK1</i>, <i>TOP2A</i>, <i>AURKA</i>, <i>AURKB</i>, <i>FOXM1</i>, and <i>CALML5</i>. GSVA analyses revealed that these genes are involved in a variety of biological processes and signaling pathways, including coagulation, UV-response-down, apoptosis, Notch signaling, and Wnt/beta-catenin signaling. The diagnostic relevance of these genes was validated through ROC curve analysis. Additionally, potential therapeutic drug interactions with these key genes were identified. This study provides valuable insights into key genes and their roles in bladder cancer. The identified genes and their interactions with therapeutic drugs could serve as potential biomarkers, presenting new opportunities for enhancing the diagnosis and prognosis of bladder cancer."
19,AURKB,9212,79.749916972454,35213076,2022,LncRNA PVT1 contributes to invasion and doxorubicin resistance of bladder cancer cells through promoting MDM2 expression and AURKB-mediated p53 ubiquitination.,Environmental toxicology,Jiang X; Li H; Fang Y; Xu C,10.1002/tox.23501,AURKB; aurora kinase B,category; general,expression; urine,False,False,False,False,False,False,True,AURKB,AIK2; AIM-1; AIM1; ARK-2; ARK2; AurB; IPL1; PPP1R48; STK-1; STK12; STK5; aurkb-sv1; aurkb-sv2,"aurora kinase B; aurora kinase B-Sv1; aurora kinase B-Sv2; aurora- and Ipl1-like midbody-associated protein 1; aurora- and Ipl1-like midbody-associated protein 1 homolog; aurora-1; aurora-B; aurora-related kinase 2; aurora/IPL1-related kinase 2; protein phosphatase 1, regulatory subunit 48; serine/threonine kinase 12; serine/threonine-protein kinase 12; serine/threonine-protein kinase 5; serine/threonine-protein kinase aurora-B",aurora kinase B,"In most bladder cancer (BC) patients, cancer cells will eventually develop chemical resistance causing increased mortality. This study aimed to explore the mechanism of lncRNA plasmacytoma variant translocation 1 (PVT1) in regulating doxorubicin (ADM) resistance of BC cells. We observed that PVT1 expression was upregulated in ADM-resistant BC cells compared with ADM-sensitive BC cells. Downregulation of PVT1 suppressed ADM-resistant BC cell proliferation and invasion, promoted apoptosis, and increased sensitivity to ADM, while PVT1 overexpression promoted ADM-sensitive BC cell growth and their resistance to ADM. Further study uncovered that PVT1 could interact with and promote mouse double minute 2 (MDM2) expression, and upregulated MDM2-mediated Aurora kinase B (AURKB). Furthermore, Nutlin-3, an inhibitor of MDM2, could counteract the promotive effects of PVT1 overexpression on ADM resistance of ADM-sensitive BC cell, the expression of multidrug-resistance-related proteins, and the inhibition of p53-mediated tumor suppressor genes. And, overexpression of MDM2 or AURKB reversed the promotive effects of PVT1 silence on the ADM sensitivity of ADM-resistant BC cell, and the inhibitory effect on expression multidrug resistance proteins. Mechanically, AURKB increased MDM2-mediated p53 ubiquitination. Taken together, PVT1 promoted BC cell proliferation and drug resistance via elevating MDM2 expression and AURKB-mediated p53 ubiquitination."
19,AURKB,9212,79.749916972454,37866481,2023,"Proteomics, Transcriptomics, and Phosphoproteomics Reveal the Mechanism of Talaroconvolutin-A Suppressing Bladder Cancer via Blocking Cell Cycle and Triggering Ferroptosis.",Molecular & cellular proteomics : MCP,Xia Y; Xiang L; Yao M; Ai Z; Yang W; Guo J; Fan S; Liu N; Yang X,10.1016/j.mcpro.2023.100672,AURKB,category; general,expression; urine,False,False,True,False,False,False,False,AURKB,AIK2; AIM-1; AIM1; ARK-2; ARK2; AurB; IPL1; PPP1R48; STK-1; STK12; STK5; aurkb-sv1; aurkb-sv2,"aurora kinase B; aurora kinase B-Sv1; aurora kinase B-Sv2; aurora- and Ipl1-like midbody-associated protein 1; aurora- and Ipl1-like midbody-associated protein 1 homolog; aurora-1; aurora-B; aurora-related kinase 2; aurora/IPL1-related kinase 2; protein phosphatase 1, regulatory subunit 48; serine/threonine kinase 12; serine/threonine-protein kinase 12; serine/threonine-protein kinase 5; serine/threonine-protein kinase aurora-B",aurora kinase B,"Talaroconvolutin-A (TalaA) is a compound from the endophytic fungus T. convolutispora of the Chinese herbal medicine Panax notoginseng. Whether TalaA exerts anticancer activity in bladder cancer remains unknown. Using CCK8 assay, EdU staining, crystal violet staining, flow cytometry, living/dead cell staining, and Western blotting, we studied the anticancer activity of TalaA in vitro. Moreover, we performed xenograft tumor implantation. The antitumor effects were evaluated through H&E and immunohistochemistry staining. Proteomics was conducted to detect changes in the protein profile; transcriptomics was performed to detect changes in mRNA abundance; phosphoproteomics was used to detect changes in protein phosphorylation. TalaA inhibited tumor cell proliferation, DNA replication, and colony formation in a dose-dependent manner in bladder cancer cells. The IC<sub>50</sub> values of TalaA on SW780 and UM-UC-3 cells were 5.7 and 8.2 μM, respectively. TalaA (6.0 mg/kg) significantly repressed the growth of xenografted tumors and did not affect the body weight nor cause obvious hepatorenal toxicity. TalaA arrested the cell cycle by downregulating cyclinA2, cyclinB1, and AURKB and upregulating p21/CIP. TalaA also elevated intracellular reactive oxygen species and upregulated transferrin and heme oxygenase 1 to induce ferroptosis. Moreover, TalaA was able to bind to MAPKs (MAPK1, MAPK8, and MAPK14) to inhibit the phosphorylation of ∗SP∗ motif of transcription regulators. This study revealed that TalaA inhibited bladder cancer by arresting cell cycle to suppress proliferation and triggering ferroptosis to cause cell death. Conclusively, TalaA would be a potential candidate for treating bladder cancer by targeting MAPKs, suppressing the cell cycle, and inducing ferroptosis."
19,AURKB,9212,79.749916972454,39532830,2024,Comprehensive analysis of single-cell and bulk RNA sequencing reveals postoperative progression markers for non-muscle invasive bladder cancer and predicts responses to immunotherapy.,Discover oncology,Xiao Z; Liu X; Wang Y; Jiang S; Feng Y,10.1007/s12672-024-01548-2,AURKB,category; general,biomarker; expression; prognostic; roc_auc,True,False,True,False,True,False,True,AURKB,AIK2; AIM-1; AIM1; ARK-2; ARK2; AurB; IPL1; PPP1R48; STK-1; STK12; STK5; aurkb-sv1; aurkb-sv2,"aurora kinase B; aurora kinase B-Sv1; aurora kinase B-Sv2; aurora- and Ipl1-like midbody-associated protein 1; aurora- and Ipl1-like midbody-associated protein 1 homolog; aurora-1; aurora-B; aurora-related kinase 2; aurora/IPL1-related kinase 2; protein phosphatase 1, regulatory subunit 48; serine/threonine kinase 12; serine/threonine-protein kinase 12; serine/threonine-protein kinase 5; serine/threonine-protein kinase aurora-B",aurora kinase B,"BACKGROUND: Non-muscle-invasive bladder cancer (NMIBC) is renowned for its high recurrence, invasiveness, and poor prognosis. Consequently, developing new biomarkers for risk assessment and investigating innovative therapeutic targets postoperative in NMIBC patients are crucial to aid in treatment planning. APPROACHES: Differential gene expression analysis was performed using multiple Gene Expression Omnibus (GEO) datasets to identify differentially expressed genes (DEGs) between NMIBC and normal tissue, as well as between NMIBC and muscle-invasive bladder cancer (MIBC). Functional enrichment analysis was conducted based on the DEGs identified. Subsequently, prognosis-related genes were selected using Kaplan-Meier (KM) analysis and Cox regression analysis. The Boruta algorithm was utilized to further screen for core DEGs related to postoperative progression in NMIBC based on the aforementioned prognosis-related genes. Single-cell and clinical correlation studies were performed to verify their expression across various stages of bladder cancer. To investigate the link between core genes and the immune microenvironment, single-sample gene set enrichment analysis (ssGSEA) was utilized, and Receiver Operating Characteristic (ROC) and KM analyses were performed to confirm predictive power for immune therapy outcomes. Machine learning (ML) models were constructed using the DepMap dataset to predict the efficacy of core gene inhibitors in treating bladder cancers. The prognostic performance of the core genes was evaluated using ROC curve analysis. An online prediction tool was developed based on the core genes to provide prognostic predictions. Finally, RT-qPCR, CCK-8, and Transwell assays were used to verify the pro-tumor effects of the GINS2 in bladder cancer. RESULTS: A total of 70 DEGs were identified, among which 11 prognostic genes were obtained through KM analysis, and an additional 8 prognostic genes were obtained through COX analysis. The Boruta algorithm selected AURKB, GINS2, and UHRF1 as the three core DEGs. Single-cell and clinical variable correlation analyses indicated that the core genes promoted the progression of bladder cancer. The analysis of immune infiltration revealed a strong positive association between the core genes and both activated CD4 T cells and Type 2 helper T cells. Two random forest (RF) models were constructed to effectively predict the treatment effect of bladder cancer after targeted inhibition of AURKB and GINS2. In addition, an online nomogram tool was developed to effectively predict the risk of postoperative progression in NMIBC patients undergoing TURBT. Finally, RT-qPCR, CCK8, and Transwell assays showed that GINS2 promoted the growth and progression of bladder cancer. CONCLUSION: AURKB, GINS2, and UHRF1 have the potential to enhance postoperative management of NMIBC patients undergoing transurethral resection of bladder tumor (TURBT) and can predict immunotherapy response, establishing them as promising therapeutic targets."
19,AURKB,9212,79.749916972454,37740761,2023,Identifying possible hub genes and biological mechanisms shared between bladder cancer and inflammatory bowel disease using machine learning and integrated bioinformatics.,Journal of cancer research and clinical oncology,Liu J; Wu P; Lai S; Wang J; Wang J; Zhang Y,10.1007/s00432-023-05266-0,AURKB,category; general,expression; prognostic; urine,False,False,False,False,True,False,True,AURKB,AIK2; AIM-1; AIM1; ARK-2; ARK2; AurB; IPL1; PPP1R48; STK-1; STK12; STK5; aurkb-sv1; aurkb-sv2,"aurora kinase B; aurora kinase B-Sv1; aurora kinase B-Sv2; aurora- and Ipl1-like midbody-associated protein 1; aurora- and Ipl1-like midbody-associated protein 1 homolog; aurora-1; aurora-B; aurora-related kinase 2; aurora/IPL1-related kinase 2; protein phosphatase 1, regulatory subunit 48; serine/threonine kinase 12; serine/threonine-protein kinase 12; serine/threonine-protein kinase 5; serine/threonine-protein kinase aurora-B",aurora kinase B,"BACKGROUND: Recent studies have shown that inflammatory bowel disease (IBD) is associated with bladder cancer (BC) incidence. But there is still a lack of understanding regarding its pathogenesis. Thus, this study aimed to identify potential hub genes and their important pathways and pathological mechanisms of interactions between IBD and BC using bioinformatics methods. METHODS: The data from Gene Expression Omnibus (GEO) and the cancer genome atlas (TCGA) were analyzed to screen common differentially expressed genes (DEGs) between IBD and BC. The ""clusterProfiler"" package was used to analyze GO term and Kyoto Encyclopedia of Genes and Genomes (KEGG) pathway enrichment in DEGs. After that, we conducted a weighted gene co-expression network analysis (WGCNA) on these DEGs to determine the vital modules and genes significantly related to BC. Protein-protein interaction (PPI) networks was used to identify hub genes. Further, the hub genes were used to develop a prognostic signature by Cox analysis. The validity of the ten hub DEGs was tested using three classification algorithms. Finally, we analyzed the microRNAs (miRNA)-mRNA, transcription factors (TFs)-mRNA regulatory network. RESULTS: Positive regulation of organelle fission, chromosomal region, tubulin binding, and cell cycle signaling pathway were the major enriched pathways for the common DEGs. PPI networks identified three hub proteins (AURKB, CDK1, and CCNA2) with high connectivity. Three machine-learning classification algorithms based on ten hub genes performed well for IBD and BC (accuracy > 0.80). The robust predictive model based on the ten hub genes could accurately classify BC cases with various clinical outcomes. Based on the gene-TFs and gene-miRNAs network construction, 9 TFs and 6 miRNAs were identified as potential critical TFs and miRNAs. There are 13 drugs that interact with the hub gene based on gene-drug interaction analysis. CONCLUSIONS: This study explored common gene signatures and the potential pathogenesis of IBD and BC. We revealed that an unbalanced immune response, cell cycle pathway, and neutrophil infiltration might be the common pathogenesis of IBD and BC. Molecular mechanisms for the treatment of IBD and CC still require further investigation."
19,AURKB,9212,79.749916972454,35463214,2022,Clinical outcomes associated with expression of aurora kinase and p53 family members in muscle-invasive bladder cancer.,Molecular and clinical oncology,Burgess EF; Livasy C; Trufan S; Zhu J; O'Connor HF; Hartman A; Clark PE; Grigg C; Raghavan D,10.3892/mco.2022.2535,AURKB; aurora kinase B,category; general,biomarker; expression; prognostic,True,False,False,False,True,False,True,AURKB,AIK2; AIM-1; AIM1; ARK-2; ARK2; AurB; IPL1; PPP1R48; STK-1; STK12; STK5; aurkb-sv1; aurkb-sv2,"aurora kinase B; aurora kinase B-Sv1; aurora kinase B-Sv2; aurora- and Ipl1-like midbody-associated protein 1; aurora- and Ipl1-like midbody-associated protein 1 homolog; aurora-1; aurora-B; aurora-related kinase 2; aurora/IPL1-related kinase 2; protein phosphatase 1, regulatory subunit 48; serine/threonine kinase 12; serine/threonine-protein kinase 12; serine/threonine-protein kinase 5; serine/threonine-protein kinase aurora-B",aurora kinase B,"Biomarkers are needed in muscle-invasive bladder cancer (MIBC). We previously reported that high tumor aurora kinase (AURK) A expression identifies patients with MIBC with poor prognosis. Aberrant p53 expression has also been associated with poor outcomes in MIBC, though to the best of our knowledge, co-expression rates of p53 and aurora kinases have not been previously described in MIBC. As aurora kinase and p53 family members may co-regulate each other, the present study investigated whether tumor p53 or p63 protein expression influenced the prognostic value of AURKA in a pilot study of 50 patients with MIBC treated with curative intent. Immunohistochemistry for AURKA, AURKB, p53 and p63 were performed on archival pre-treatment tumor specimens and correlated with clinical outcomes in patients with MIBC who received neoadjuvant chemotherapy (NAC) prior to cystectomy. Baseline p53 [hazard ratio (HR) 1.46; 95% confidence interval (CI)=0.55-3.9; P=0.448) and p63 (HR 2.02; 95% CI=0.51-8.1; P=0.313) protein expression did not predict for overall survival (OS). Low p53 protein expression did not correlate with high AURKA (φ=0.190) or AURKB (φ=0.075) expression. However, in tumors with low p53 expression (n=17), the presence of either high AURKA or AURKB expression levels predicted an increased risk for relapse (HR 27.1; 95% CI=2.7-270.1; P=0.005) and mortality (HR 14.9; 95% CI=2.3-95.6; P=0.004) compared to tumors with both low AURKA and AURKB levels. The relationship between p63 and AURKA/B expression levels was not tested due to the prevalence (80%) of high p63 expression in the present cohort. In tumors with low AURKA expression, p53 status did not predict for OS (HR 0.62; 95% CI 0.2-3.2; P=0.572). In multivariable analysis, only high baseline AURKA expression predicted for inferior OS (HR 4.9; 95% CI 1.7-14.1; P=0.003). To the best of our knowledge, the present study was the first to report co-expression of p53 and aurora kinase family members in MIBC, and although wild-type p53 may regulate the aurora kinases in preclinical models, the adverse prognostic value of tumor AURKA overexpression was independent from baseline tumor p53 protein expression in the present cohort. AURKA remains an important prognostic biomarker in patients with MIBC and warrants further evaluation in prospective studies to validate whether baseline AURKA can identify patients that are unlikely to benefit from standard of care with NAC."
19,AURKB,9212,79.749916972454,41751506,2026,"Molecular Characterization of Muscle-Invasive Bladder Cancer: Key MicroRNAs, Transcription Factors, and Differentially Expressed Genes.",Genes,Can VG,10.3390/genes17020122,AURKB,category; general,biomarker; diagnostic; expression; prognostic; urine,True,True,True,False,True,False,True,AURKB,AIK2; AIM-1; AIM1; ARK-2; ARK2; AurB; IPL1; PPP1R48; STK-1; STK12; STK5; aurkb-sv1; aurkb-sv2,"aurora kinase B; aurora kinase B-Sv1; aurora kinase B-Sv2; aurora- and Ipl1-like midbody-associated protein 1; aurora- and Ipl1-like midbody-associated protein 1 homolog; aurora-1; aurora-B; aurora-related kinase 2; aurora/IPL1-related kinase 2; protein phosphatase 1, regulatory subunit 48; serine/threonine kinase 12; serine/threonine-protein kinase 12; serine/threonine-protein kinase 5; serine/threonine-protein kinase aurora-B",aurora kinase B,"<b>Background:</b> The present study set out to identify key miRNAs, TFs and signaling pathways associated with bladder cancer, with a view to elucidating the networks of miRNA-TF-gene interactions that may serve as potential molecular biomarkers for disease diagnosis. <b>Methods:</b> An integrative analysis was conducted using the publicly available microarray dataset GSE130598. Expression profanalyzede analyzed from 42 muscle-invasive bladder cancer (MIBC) tissues and 42 matched adjacent normal bladder tissues. After data preprocessing and normalization, differentially expressed genes (DEGs) were identified. To identify the associated biological processes and signaling pathways, functional enrichment analyses were conducted using the Gene Ontology (GO) and Kyoto Encyclopedia of Genes and Genomes (KEGG) databases. Protein-protein interaction (PPI) network analysis was then employed to identify hub genes and key molecular interaction modules associated with bladder cancer. <b>Results:</b> MYC, TP53, SP1, E2F1, E2F3, NFKB1, and TWIST1 were identified as central transcriptional regulators, indicating their roles in controlling genes involved in cell cycle regulation, DNA damage response, and tumor progression. Several miRNA families, including miR-200, miR-17, miR-29, miR-141, and miR-548, have been identified as key post-transcriptional regulators, suggesting their involvement in oncogenic signaling and cellular differentiation. PPI network analysis revealed MAPK3, AKT1, CHEK1, CDK1, AURKA, and AURKB as hub genes associated with cell proliferation, mitotic control, and intracellular signaling. <b>Conclusions:</b> Fundamental molecular processes underlying bladder cancer pathogenesis include cell cycle control, signal transduction, and genomic stability. These findings provide insight into the molecular regulatory landscape of MIBC and highlight potential targets for diagnostic and prognostic applications."
19,AURKB,9212,79.749916972454,42168757,2026,Integrating machine learning and structural analysis to decipher benzo[a]pyrene-induced bladder cancer networks.,Discover oncology,Zhao X; Qin R; Shen C; Hu D; Li C; Liu C; Ge H; Wang Y,10.1007/s12672-026-05207-6,AURKB,category; general,expression,False,False,True,False,False,False,True,AURKB,AIK2; AIM-1; AIM1; ARK-2; ARK2; AurB; IPL1; PPP1R48; STK-1; STK12; STK5; aurkb-sv1; aurkb-sv2,"aurora kinase B; aurora kinase B-Sv1; aurora kinase B-Sv2; aurora- and Ipl1-like midbody-associated protein 1; aurora- and Ipl1-like midbody-associated protein 1 homolog; aurora-1; aurora-B; aurora-related kinase 2; aurora/IPL1-related kinase 2; protein phosphatase 1, regulatory subunit 48; serine/threonine kinase 12; serine/threonine-protein kinase 12; serine/threonine-protein kinase 5; serine/threonine-protein kinase aurora-B",aurora kinase B,"Benzo[a]pyrene (BaP), a polycyclic aromatic hydrocarbon from tobacco smoke, exhaust, and pollutants, is linked to bladder cancer (BLCA). We systematically analyzed GEO datasets to identify BaP-related differentially expressed genes (DEBRGs). By integrating network toxicology, machine learning, molecular docking, molecular dynamics, and single-cell transcriptomics, we identified 19 significant genes, among which 7 key DEBRGs were prioritized (GSK3B, SKP2, AURKB, EPHB4, KIT, NR3C2, and CA2) in BaP-mediated BLCA. SHAP analysis highlighted GSK3B and SKP2 as important genes contributing to the predictive model. Single-cell data revealed their cell-type specific expression in the tumor microenvironment. Molecular simulations detailed interactions between BaP and target proteins. This study identified critical genes in BaP-induced bladder carcinogenesis, offering insights into underlying molecular mechanisms and potential therapeutic targets."
19,AURKB,9212,79.749916972454,34988018,2021,Identification and Validation of Hub Genes Associated with Bladder Cancer by Integrated Bioinformatics and Experimental Assays.,Frontiers in oncology,Chen K; Xing J; Yu W; Xia Y; Zhang Y; Cheng F; Rao T,10.3389/fonc.2021.782981,AURKB,category; general,diagnostic; expression; prognostic; urine; validation,False,True,False,True,True,True,True,AURKB,AIK2; AIM-1; AIM1; ARK-2; ARK2; AurB; IPL1; PPP1R48; STK-1; STK12; STK5; aurkb-sv1; aurkb-sv2,"aurora kinase B; aurora kinase B-Sv1; aurora kinase B-Sv2; aurora- and Ipl1-like midbody-associated protein 1; aurora- and Ipl1-like midbody-associated protein 1 homolog; aurora-1; aurora-B; aurora-related kinase 2; aurora/IPL1-related kinase 2; protein phosphatase 1, regulatory subunit 48; serine/threonine kinase 12; serine/threonine-protein kinase 12; serine/threonine-protein kinase 5; serine/threonine-protein kinase aurora-B",aurora kinase B,"Bladder cancer (BC) is the most common malignant tumor of the urinary system and is associated with high morbidity and mortality; however, the molecular mechanism underlying its occurrence is not clear. In this study, the gene expression profile and related clinical information of GSE13507 were downloaded from the Gene Expression Omnibus (GEO) database. RNA sequencing (RNA-seq) expression data and related clinical information were retrieved from The Cancer Genome Atlas (TCGA) database. Overlapping genes were identified by differential gene expression analysis and weighted gene co-expression network analysis (WGCNA). Then, we carried out functional enrichment analysis to understand the potential biological functions of these co-expressed genes. Finally, we performed a protein-protein interaction (PPI) analysis combined with survival analysis. Using the CytoHubba plug-in of Cytoscape, <i>TROAP</i>, <i>CENPF</i>, <i>PRC1</i>, <i>AURKB</i>, <i>CCNB2</i>, <i>CDC20</i>, <i>TTK</i>, <i>CEP55</i>, <i>ASPM</i>, and <i>CDCA8</i> were identified as candidate central genes. According to the survival analysis, the high expression of <i>TTK</i> was related to the poor overall survival (OS) of patients with BC. <i>TTK</i> may also affect the bladder tumor microenvironment (TME) by affecting the number of immune cells. The expression level of <i>TTK</i> was verified by immunohistochemistry (IHC) and real-time quantitative polymerase chain reaction (RT-qPCR), and the tumor-promoting effect of <i>TTK</i> in BC cells was confirmed <i>in vitro</i>. Our results also identified the MSC-AS1/hsa-miR-664b-3p/TTK regulatory axis, which may also play an important role in the progression of BC, but further research is needed to verify this result. In summary, our results provide a new idea for accurate early diagnosis, clinical treatment, and prognosis of BC."
19,AURKB,9212,79.749916972454,41372596,2025,Combining machine learning and molecular docking to unravel the molecular network of bladder cancer induced by 2-naphthylamine.,Discover oncology,Qin R; Li C; Liu C; Shen C; Hu D; Zhao X; Ge H; Zhu J; Wang Y,10.1007/s12672-025-04260-x,AURKB,category; general,expression; urine,False,False,True,True,False,False,True,AURKB,AIK2; AIM-1; AIM1; ARK-2; ARK2; AurB; IPL1; PPP1R48; STK-1; STK12; STK5; aurkb-sv1; aurkb-sv2,"aurora kinase B; aurora kinase B-Sv1; aurora kinase B-Sv2; aurora- and Ipl1-like midbody-associated protein 1; aurora- and Ipl1-like midbody-associated protein 1 homolog; aurora-1; aurora-B; aurora-related kinase 2; aurora/IPL1-related kinase 2; protein phosphatase 1, regulatory subunit 48; serine/threonine kinase 12; serine/threonine-protein kinase 12; serine/threonine-protein kinase 5; serine/threonine-protein kinase aurora-B",aurora kinase B,"OBJECTIVE: Bladder cancer (BLCA) is among the most common malignant tumors found in the urinary tract. However, the carcinogenic mechanism of 2-Naphthylamine (2-NA), a class I carcinogen with a well-established association with BLCA, remains inadequately elucidated. The objective of research is to elucidate the molecular mechanisms underlying 2-NA-induced BLCA. METHODS: Analysis of differential expression was performed on various datasets to pinpoint target genes linked to BLCA. We used a comprehensive process integrating machine learning, network toxicology, molecular docking and molecular dynamics simulations to study the binding interactions between 2-NA and target proteins. RESULTS: Our research identified 29 potential targets implicated in 2-NA-induced BLCA. Subsequent analyses utilizing machine learning techniques prioritized 14 core genes (SKP2, SCN11A, DHCR7, AURKB, PFKFB4, EBP, CA2, NUDT1, DUSP2, KIF20A, BLM, IGFBP2, EZH2, TPX2) as pivotal regulators. SKP2 and EBP were identified as the most impactful predictors, showing notable effects in advancing bladder cancer. Furthermore, molecular docking simulations and molecular dynamics simulations indicated strong binding specificity between 2-NA and the target proteins SKP2 and EBP. CONCLUSION: The findings of our study indicate 2-NA potentially facilitates BLCA pathogenesis by influencing specific genes and signaling pathways. Utilizing machine learning techniques, 14 key genes were identified. Subsequent molecular docking analyses and molecular dynamics simulations verified the strong binding affinity of 2-NA to the critical targets SKP2 and EBP. These results provide valuable insights for further mechanistic investigations into 2-NA-induced bladder carcinogenesis."
19,AURKB,9212,79.749916972454,41374402,2025,Overexpression of <i>CDC20</i> Confer a Poorer Prognosis in Bladder Cancer Identified by Gene Co-Expression Network Analysis.,"Diagnostics (Basel, Switzerland)",Yang X; Guo Y; Wang L; Miao Z; Lu X; Ruan J; Tian W,10.3390/diagnostics15233016,AURKB,category; general,biomarker; diagnostic; expression; prognostic; validation,True,True,False,False,True,True,True,AURKB,AIK2; AIM-1; AIM1; ARK-2; ARK2; AurB; IPL1; PPP1R48; STK-1; STK12; STK5; aurkb-sv1; aurkb-sv2,"aurora kinase B; aurora kinase B-Sv1; aurora kinase B-Sv2; aurora- and Ipl1-like midbody-associated protein 1; aurora- and Ipl1-like midbody-associated protein 1 homolog; aurora-1; aurora-B; aurora-related kinase 2; aurora/IPL1-related kinase 2; protein phosphatase 1, regulatory subunit 48; serine/threonine kinase 12; serine/threonine-protein kinase 12; serine/threonine-protein kinase 5; serine/threonine-protein kinase aurora-B",aurora kinase B,"<b>Background/Objectives</b>: Bladder cancer (BCa) ranks as the tenth most prevalent malignancy worldwide, characterized by high morbidity and mortality rates. Despite advancements in understanding its pathogenesis, the identification of robust prognostic biomarkers remains critical for improving clinical outcomes. This study aims to identify and validate novel prognostic markers for BCa through integrated bioinformatics and experimental approaches. <b>Methods</b>: Gene expression data and clinical information were obtained from the GEO (GSE13507) and TCGA databases. Differential gene expression analysis and weighted gene co-expression network analysis (WGCNA) were employed to identify overlapping genes. Functional enrichment analysis was performed to explore biological functions, followed by protein-protein interaction (PPI) network construction and survival analysis. Key candidate genes were screened using the CytoHubba plugin in Cytoscape. <i>CDC20</i> expression was validated through RT-qPCR, and its functional role in BCa cells was assessed in vitro. <b>Results</b>: Eight candidate hub genes (<i>TROAP</i>, <i>TPX2</i>, <i>TOP2A</i>, <i>KIF2C</i>, <i>AURKA</i>, <i>CDC20</i>, <i>PRC1</i>, and <i>AURKB</i>) were identified. Survival analysis revealed that high <i>CDC20</i> expression was significantly associated with decreased overall survival in BCa patients. Mechanistic investigations demonstrated that <i>CDC20</i> promotes tumor invasion and growth by modulating mitosis and cell cycle progression, while also influencing the tumor microenvironment through immune cell regulation. Experimental validation confirmed the tumor-promoting role of <i>CDC20</i> in BCa cells. <b>Conclusions</b>: This study identifies <i>CDC20</i> as a key prognostic biomarker for bladder cancer, providing novel insights for early diagnosis, clinical treatment, and prognosis assessment. The findings highlight the potential of <i>CDC20</i> as a therapeutic target and underscore the value of integrated bioinformatics and experimental validation in biomarker discovery."
19,AURKB,9212,79.749916972454,40567070,2025,Knockdown of PLK1 suppresses malignant phenotypes and tumor growth in bladder cancer via activating Hippo pathway.,General physiology and biophysics,Yang Y; Wang Y; Zheng Z; Zhang H; Hu H,10.4149/gpb_2025015,AURKB,category; general,biomarker; expression; urine; validation,True,False,False,False,False,True,True,AURKB,AIK2; AIM-1; AIM1; ARK-2; ARK2; AurB; IPL1; PPP1R48; STK-1; STK12; STK5; aurkb-sv1; aurkb-sv2,"aurora kinase B; aurora kinase B-Sv1; aurora kinase B-Sv2; aurora- and Ipl1-like midbody-associated protein 1; aurora- and Ipl1-like midbody-associated protein 1 homolog; aurora-1; aurora-B; aurora-related kinase 2; aurora/IPL1-related kinase 2; protein phosphatase 1, regulatory subunit 48; serine/threonine kinase 12; serine/threonine-protein kinase 12; serine/threonine-protein kinase 5; serine/threonine-protein kinase aurora-B",aurora kinase B,"Bladder cancer (BLCA) is a prevalent urological malignancy. We aim to identify novel biomarkers for BLCA and elucidate the specific regulatory mechanisms of polo-like kinase 1 (PLK1). Using differentially expressed genes (DEGs) screened from GSE38264 and GSE130598 datasets, we constructed protein-protein interaction networks to identify hub genes, whose expression was validated using reverse transcription-quantitative polymerase chain reaction. The malignant phenotype of BLCA cells was assessed by Cell Counting Kit-8, 5-ethynyl-2'-deoxyuridine, Transwell, and wound-healing assays. Hematoxylin-eosin and immunohistochemical staining were employed to evaluate BLCA development in mouse xenograft models. The protein expression was detected by Western blot. PLK1, AURKA, AURKB, CDK1, ERBB2, ERBB3, FGFR1, FYN, ABL1, and PRKDC were hub genes with predictive value for BLCA. Among them, PLK1 was selected as a key target of BLCA. PLK1 knockdown inhibited the viability, proliferation, migration, and invasion of BLCA cells. In vivo, PLK1 knockdown inhibited tumor growth. Silencing PLK1 activated the Hippo pathway in BLCA cells and tumor tissues. The Hippo pathway inhibitor reversed the inhibitory effects of PLK1 silencing on malignant phenotype of BLCA cells. PLK1 knockdown exerts an inhibitory effect on BLCA via activating the Hippo pathway, which presents promising therapeutic strategies for BLCA."
19,AURKB,9212,79.749916972454,36181054,2022,PLK1 as one novel target for the poor prognosis of bladder cancer: An observational study.,Medicine,Liu B; Meng LB; Su JZ; Fan B; Zhao SB; Wang HY; Li T; Wang TY; Zhang AL; Ni XC,10.1097/MD.0000000000030723,AURKB,category; general,biomarker; expression; prognostic; urine,True,False,False,False,True,False,True,AURKB,AIK2; AIM-1; AIM1; ARK-2; ARK2; AurB; IPL1; PPP1R48; STK-1; STK12; STK5; aurkb-sv1; aurkb-sv2,"aurora kinase B; aurora kinase B-Sv1; aurora kinase B-Sv2; aurora- and Ipl1-like midbody-associated protein 1; aurora- and Ipl1-like midbody-associated protein 1 homolog; aurora-1; aurora-B; aurora-related kinase 2; aurora/IPL1-related kinase 2; protein phosphatase 1, regulatory subunit 48; serine/threonine kinase 12; serine/threonine-protein kinase 12; serine/threonine-protein kinase 5; serine/threonine-protein kinase aurora-B",aurora kinase B,"Bladder cancer (BC) is one of the most common male malignant tumors and the most common urological tumor. However, the molecular mechanism and role of PLK1 on bladder cancer were unclear. Therefore, the study aims to explore the potential part of the overall survival of bladder cancer through bioinformatics analysis. GSE121711 and GSE130598, from the Gene Expression Omnibus database. The GEO2R screened differently expressed genes, and DAVID and Metascape were used for functional annotation. The cytoHubba made hub genes identification and expression. A total of 50 BC participants were recruited. After surgery, 50 BC tumor samples from BC patients and 50 adjacent standard bladder tissue samples were obtained. The RT-qPCR assay was performed to verify the expression of hub genes. The Kaplan-Meier Plotter analyzed the effect of hub gene expression for overall survival of BC. The compulsory module of Molecular Complex Detection tool analysis was shown, which included CDK1, TTK, AURKB, MELK, PLK1, and BUB1. And the six hub genes were up-regulated in the BC compared with the normal tissues. The relative expression levels of CDK1, TTK, AURKB, MELK, PLK1, and BUB1 were significantly higher in BC samples compared with the regular kidney tissue groups. The result demonstrated that CDK1, TTK, AURKB, MELK, PLK1, and BUB1 might be considered biomarkers for BC. Overall survival analysis showed that BC patients with high expression level of PLK1 had poorer overall survival times than those with low expression level (P < .05). The expression levels of CDK1, TTK, AURKB, MELK, and BUB1 was not related to the overall survival of BC patients (P > .05). The PLK1 gene might provide new ideas and evidence for bladder cancer research."
19,AURKB,9212,79.749916972454,31334127,2019,Identification of Biomarkers for Controlling Cancer Stem Cell Characteristics in Bladder Cancer by Network Analysis of Transcriptome Data Stemness Indices.,Frontiers in oncology,Pan S; Zhan Y; Chen X; Wu B; Liu B,10.3389/fonc.2019.00613,AURKB,category; general,biomarker; expression; prognostic; validation,True,False,False,False,True,True,True,AURKB,AIK2; AIM-1; AIM1; ARK-2; ARK2; AurB; IPL1; PPP1R48; STK-1; STK12; STK5; aurkb-sv1; aurkb-sv2,"aurora kinase B; aurora kinase B-Sv1; aurora kinase B-Sv2; aurora- and Ipl1-like midbody-associated protein 1; aurora- and Ipl1-like midbody-associated protein 1 homolog; aurora-1; aurora-B; aurora-related kinase 2; aurora/IPL1-related kinase 2; protein phosphatase 1, regulatory subunit 48; serine/threonine kinase 12; serine/threonine-protein kinase 12; serine/threonine-protein kinase 5; serine/threonine-protein kinase aurora-B",aurora kinase B,"<b>Background:</b> Stem cells characterized by self-renewal and therapeutic resistance play crucial roles in bladder cancer (BLCA). However, the genes modulating the maintenance and proliferation of BLCA stem cells are still unclear. In this study, we aimed to characterize the expression of stem cell-related genes in BLCA. <b>Methods:</b> The mRNA expression-based stemness index (mRNAsi) of The Cancer Genome Atlas (TCGA) was evaluated and corrected by tumor purity. Corrected mRNAsi were further analyzed with regard to muscle-invasive bladder cancer molecular subtypes, survival analysis, pathological staging characteristics, and outcomes after primary treatment. Next, weighted gene co-expression network analysis was used to find modules of interest and key genes. Functional enrichment analysis was performed to functionally annotate the modules and key genes. The expression levels of key genes in all cancers were validated using Oncomine and Gene Expression Omnibus (GEO) database containing molecular subtypes in BLCA. Protein interaction networks were used to identify upstream genes, and the relationships between genes were analyzed at the protein and transcription levels. <b>Findings:</b> mRNAsi was significantly upregulated in cancer tissues. Corrected mRNAsi in BLCA increased as tumor stage increased, with T3 having the highest stem cell characteristics. Lower corrected mRNAsi scores had better overall survival and treatment outcome. The modules of interest and key genes were determined based on topological overlap measurement clustering results and the inclusion criteria. For 13 key genes (<i>AURKA, BUB1B, CDCA5, CDCA8, KIF11, KIF18B, KIF2C, KIFC1, KPNA2, NCAPG, NEK2, NUSAP1</i>, and <i>RACGAP1</i>), enriched gene ontology terms related to cell proliferation (e.g., mitotic nuclear division, spindle, and microtubule binding) were determined. Their expression did not differ according to the pathological stages of BLCA, and these genes were clearly overexpressed in many types of cancers. In GEO database, the expression levels of 13 key genes were higher in basal subtype with the highest stem cell characteristics than in luminal and its subtypes. <i>AURKB</i> and <i>PLK1</i> may be regulated upstream of other key genes, and the key genes were found to be strongly correlated with each other and with upstream genes. <b>Interpretation:</b> The 13 key genes identified in this study were found to play important roles in the maintenance of BLCA stem cells. Controlling the upstream genes <i>AURKB</i> and <i>PLK1</i> may have applications in the treatment of BLCA. These genes may act as therapeutic targets for inhibiting the stemness characteristics of BLCA."
19,AURKB,9212,79.749916972454,31597600,2019,High aurora kinase expression identifies patients with muscle-invasive bladder cancer who have poor survival after neoadjuvant chemotherapy.,Urologic oncology,Burgess EF; Livasy C; Trufan S; Hartman A; Guerreri R; Naso C; Clark PE; Grigg C; Symanowski J; Raghavan D,10.1016/j.urolonc.2019.09.009,AURKB; aurora kinase B,category; general,biomarker; diagnostic; expression; prognostic; roc_auc; urine,False,True,True,False,True,False,True,AURKB,AIK2; AIM-1; AIM1; ARK-2; ARK2; AurB; IPL1; PPP1R48; STK-1; STK12; STK5; aurkb-sv1; aurkb-sv2,"aurora kinase B; aurora kinase B-Sv1; aurora kinase B-Sv2; aurora- and Ipl1-like midbody-associated protein 1; aurora- and Ipl1-like midbody-associated protein 1 homolog; aurora-1; aurora-B; aurora-related kinase 2; aurora/IPL1-related kinase 2; protein phosphatase 1, regulatory subunit 48; serine/threonine kinase 12; serine/threonine-protein kinase 12; serine/threonine-protein kinase 5; serine/threonine-protein kinase aurora-B",aurora kinase B,"OBJECTIVES: Overexpression of aurora kinase A (AURKA) confers a poor prognosis in patients with urothelial carcinoma of the bladder. The prognostic value of high aurora kinase B (AURKB) expression in local bladder cancer is not well defined, and whether the prognostic value of either AURKA or AURKB is affected by the use of chemotherapy is unknown. We sought to characterize the impact of high AURKA and AURKB expression on clinical outcome in patients with muscle-invasive bladder cancer (MIBC) who received neoadjuvant chemotherapy (NAC). MATERIALS AND METHODS: Immunohistochemistry for AURKA and AURKB was performed on pretreatment diagnostic transurethral resection of bladder tumor (TURBT) and matched cystectomy specimens in 50 subjects with MIBC who received NAC. Receiver operator characteristic curves (ROC) were calculated to assess the impact of AURKA and AURKB expression on pathologic response rate. Kaplan-Meier techniques and Cox proportional hazards models were used to assess the association with relapse-free survival (RFS) and overall survival (OS). RESULTS: Twenty-two of 50 [44%] patients had residual muscle-invasive (ypT2-4) urothelial carcinoma after NAC. Neither baseline tumor expression of AURKA (ROC = 0.57, P = 0.46) nor AURKB (ROC = 0.56, P = 0.87) predicted for ypT2-4 status. However, baseline expression of AURKA above the 75th percentile for this cohort was associated with an inferior RFS, (HR = 3.88, P = 0.008) and OS, (HR = 6.10, P < 0.001). Similar trends for worse survival outcomes were also observed for high AURKB levels (RFS, [HR = 2.2, P = 0.13] and OS, (HR = 2.25, P = 0.09). CONCLUSIONS: High baseline tumor AURKA and AURKB expression identified MIBC patients with inferior RFS and OS despite the use of NAC and may identify patients who should be prioritized for clinical trial enrollment rather than standard cisplatin-based chemotherapy."
19,AURKB,9212,79.749916972454,24349619,2013,Transcriptomic changes induced by mycophenolic acid in gastric cancer cells.,American journal of translational research,Dun B; Sharma A; Xu H; Liu H; Bai S; Zeng L; She JX,,AURKB,category; general,expression,False,False,True,False,False,False,True,AURKB,AIK2; AIM-1; AIM1; ARK-2; ARK2; AurB; IPL1; PPP1R48; STK-1; STK12; STK5; aurkb-sv1; aurkb-sv2,"aurora kinase B; aurora kinase B-Sv1; aurora kinase B-Sv2; aurora- and Ipl1-like midbody-associated protein 1; aurora- and Ipl1-like midbody-associated protein 1 homolog; aurora-1; aurora-B; aurora-related kinase 2; aurora/IPL1-related kinase 2; protein phosphatase 1, regulatory subunit 48; serine/threonine kinase 12; serine/threonine-protein kinase 12; serine/threonine-protein kinase 5; serine/threonine-protein kinase aurora-B",aurora kinase B,"BACKGROUND: Inhibition of inosine monophosphate dehydrogenase (IMPDH) by mycophenolic acid (MPA) can inhibit proliferation and induce apoptosis in cancer cells. This study investigated the underlying molecular mechanisms of MPA's anticancer activity. METHODS: A gastric cancer cell line (AGS) was treated with MPA and gene expression at different time points was analyzed using Illumina whole genome microarrays and selected genes were confirmed by real-time RT-PCR. RESULTS: Transcriptomic profiling identified 1070 genes with ≥2 fold changes and 85 genes with >4 fold alterations. The most significantly altered biological processes by MPA treatment include cell cycle, apoptosis, cell proliferation and migration. MPA treatment altered at least ten KEGG pathways, of which eight (p53 signaling, cell cycle, pathways in cancer, PPAR signaling, bladder cancer, protein processing in ER, small cell lung cancer and MAPK signaling) are cancer-related. Among the earliest cellular events induced by MPA is cell cycle arrest which may be caused by six molecular pathways: 1) up-regulation of cyclins (CCND1 and CCNE2) and down-regulation of CCNA2 and CCNB1, 2) down-regulation of cyclin-dependent kinases (CDK4 and CDK5); 3) inhibition of cell division related genes (CDC20, CDC25B and CDC25C) and other cell cycle related genes (MCM2, CENPE and PSRC1), 4) activation of p53, which activates the cyclin-dependent kinase inhibitors (CDKN1A), 5) impaired spindle checkpoint function and chromosome segregation (BUB1, BUB1B, BOP1, AURKA, AURKB, and FOXM1); and 6) reduction of availability of deoxyribonucleotides and therefore DNA synthesis through down-regulation of the RRM1 enzyme. Cell cycle arrest is followed by inhibition of cell proliferation, which is mainly attributable to the inhibition of the PI3K/AKT/mTOR pathway, and caspase-dependent apoptosis due to up-regulation of the p53 and FAS pathways. CONCLUSIONS: These results suggest that MPA has beneficial anticancer activity through diverse molecular pathways and biological processes."
19,AURKB,9212,79.749916972454,26460953,2015,PRMT1 promotes mitosis of cancer cells through arginine methylation of INCENP.,Oncotarget,Deng X; Von Keudell G; Suzuki T; Dohmae N; Nakakido M; Piao L; Yoshioka Y; Nakamura Y; Hamamoto R,10.18632/oncotarget.6050,AURKB; aurora kinase B,general,,False,False,False,False,False,False,True,AURKB,AIK2; AIM-1; AIM1; ARK-2; ARK2; AurB; IPL1; PPP1R48; STK-1; STK12; STK5; aurkb-sv1; aurkb-sv2,"aurora kinase B; aurora kinase B-Sv1; aurora kinase B-Sv2; aurora- and Ipl1-like midbody-associated protein 1; aurora- and Ipl1-like midbody-associated protein 1 homolog; aurora-1; aurora-B; aurora-related kinase 2; aurora/IPL1-related kinase 2; protein phosphatase 1, regulatory subunit 48; serine/threonine kinase 12; serine/threonine-protein kinase 12; serine/threonine-protein kinase 5; serine/threonine-protein kinase aurora-B",aurora kinase B,"Inner centromere protein (INCENP) is a part of a protein complex known as the chromosomal passenger complex (CPC) that is essential for correcting non-bipolar chromosome attachments and for cytokinesis. We here demonstrate that a protein arginine methyltransferase PRMT1, which are overexpressed in various types of cancer including lung and bladder cancer, methylates arginine 887 in an Aurora Kinase B (AURKB)-binding region of INCENP both in vitro and in vivo. R887-substituted INCENP revealed lower binding-affinity to AURKB than wild-type INCENP in the presence of PRMT1. Knockdown of PRMT1 as well as overexpression of methylation-inactive INCENP attenuated the AURKB activity in cancer cells, and resulted in abnormal chromosomal alignment and segregation. Furthermore, introduction of methylation-inactive INCENP into cancer cells reduced the growth rate, compared with those introduced wild-type INCENP or Mock. Our data unveils a novel mechanism of PRMT1-mediated CPC regulation through methylation of INCENP."
19,AURKB,9212,79.749916972454,25026175,2014,Copy number analysis of 24 oncogenes: MDM4 identified as a putative marker for low recurrence risk in non muscle invasive bladder cancer.,International journal of molecular sciences,Salvi S; Calistri D; Gurioli G; Carretta E; Serra L; Gunelli R; Zoli W; Casadio V,10.3390/ijms150712458,AURKB,category; general,biomarker; diagnostic; prognostic; urine,False,False,False,False,True,False,False,AURKB,AIK2; AIM-1; AIM1; ARK-2; ARK2; AurB; IPL1; PPP1R48; STK-1; STK12; STK5; aurkb-sv1; aurkb-sv2,"aurora kinase B; aurora kinase B-Sv1; aurora kinase B-Sv2; aurora- and Ipl1-like midbody-associated protein 1; aurora- and Ipl1-like midbody-associated protein 1 homolog; aurora-1; aurora-B; aurora-related kinase 2; aurora/IPL1-related kinase 2; protein phosphatase 1, regulatory subunit 48; serine/threonine kinase 12; serine/threonine-protein kinase 12; serine/threonine-protein kinase 5; serine/threonine-protein kinase aurora-B",aurora kinase B,"Patients with non-muscle invasive bladder cancer (NMIBC) generally have a high risk of relapsing locally after primary tumor resection. The search for new predictive markers of local recurrence thus represents an important goal for the management of this disease. We studied the copy number variations (CNVs) of 24 oncogenes (MDM4, MYCN, ALK, PDGFRA, KIT, KDR, DHFR, EGFR, MET, SMO, FGFR1, MYC, ABL1, RET, CCND1, CCND2, CDK4, MDM2, AURKB, ERBB2, TOP2A, AURKA, AR and BRAF) using multiplex ligation probe amplification technique to verify their role as predictive markers of recurrence. Formalin-fixed paraffin-embedded tissue samples from 43 patients who underwent transurethral resection of the bladder (TURB) were used; 23 patients had relapsed and 20 were disease-free after 5 years. Amplification frequencies were analyzed for all genes and MDM4 was the only gene that showed significantly higher amplification in non recurrent patients than in recurrent ones (0.65 vs. 0.3; Fisher's test p=0.023). Recurrence-free survival analysis confirmed the predictive role of MDM4 (log-rank test p=0.041). Our preliminary results indicate a putative role for the MDM4 gene in predicting local recurrence of bladder cancer. Confirmation of this hypothesis is needed in a larger cohort of NMIBC patients."
19,AURKB,9212,79.749916972454,30953370,2019,Prognostic value of differentially methylated gene profiles in bladder cancer.,Journal of cellular physiology,Yang Z; Liu A; Xiong Q; Xue Y; Liu F; Zeng S; Zhang Z; Li Y; Sun Y; Xu C,10.1002/jcp.28515,AIM1,general,,True,False,False,False,True,False,True,AURKB,AIK2; AIM-1; AIM1; ARK-2; ARK2; AurB; IPL1; PPP1R48; STK-1; STK12; STK5; aurkb-sv1; aurkb-sv2,"aurora kinase B; aurora kinase B-Sv1; aurora kinase B-Sv2; aurora- and Ipl1-like midbody-associated protein 1; aurora- and Ipl1-like midbody-associated protein 1 homolog; aurora-1; aurora-B; aurora-related kinase 2; aurora/IPL1-related kinase 2; protein phosphatase 1, regulatory subunit 48; serine/threonine kinase 12; serine/threonine-protein kinase 12; serine/threonine-protein kinase 5; serine/threonine-protein kinase aurora-B",aurora kinase B,"DNA methylation can regulate gene expression and is pivotal in the occurrence and development of bladder cancer. In this study, we analyzed whole-genome DNA methylation on the basis of data from The Cancer Genome Atlas to select epigenetic biomarkers predictive of survival and further understand the molecular mechanisms underlying methylation patterns in bladder cancer. We identified 540 differentially methylated genes between tumor and normal tissues, including a number of independent prognostic factors based on univariate analysis. Genes (MIR6732, SOWAHC, SERPINI1, OR10W1, OR7G3, AIM1, and ZFAND5) were integrated to establish a risk model for prognostic assessment based on multivariate Cox analysis. The methylation of SOWAHC was negatively correlated with its messenger RNA expression, and together these were significantly correlated with prognosis. This study took advantage of high-throughput data mining to provide new bioinformatics evidence and ideas for further study into the pathogenesis and prognosis of bladder cancer."
19,AURKB,9212,79.749916972454,18843024,2008,Aberrant promoter methylation of multiple genes during pathogenesis of bladder cancer.,"Cancer epidemiology, biomarkers & prevention : a publication of the American Association for Cancer Research, cosponsored by the American Society of Preventive Oncology",Brait M; Begum S; Carvalho AL; Dasgupta S; Vettore AL; Czerniak B; Caballero OL; Westra WH; Sidransky D; Hoque MO,10.1158/1055-9965.EPI-08-0192,AIM1,general,,False,False,False,False,True,False,False,AURKB,AIK2; AIM-1; AIM1; ARK-2; ARK2; AurB; IPL1; PPP1R48; STK-1; STK12; STK5; aurkb-sv1; aurkb-sv2,"aurora kinase B; aurora kinase B-Sv1; aurora kinase B-Sv2; aurora- and Ipl1-like midbody-associated protein 1; aurora- and Ipl1-like midbody-associated protein 1 homolog; aurora-1; aurora-B; aurora-related kinase 2; aurora/IPL1-related kinase 2; protein phosphatase 1, regulatory subunit 48; serine/threonine kinase 12; serine/threonine-protein kinase 12; serine/threonine-protein kinase 5; serine/threonine-protein kinase aurora-B",aurora kinase B,"PURPOSE: The aims of our study were to elucidate the role of methylation of a large panel of genes during multistage pathogenesis of bladder cancer and to correlate our findings with patient age and other clinicopathologic features. EXPERIMENTAL DESIGN: We studied the methylation status of 21 genes by quantitative methylation-specific PCR in an evaluation set of 25 tumor and 5 normal samples. Based on methylation frequency in tumors and normals in gene evaluation set, we selected 7 candidate genes and tested an independent set of 93 tumors and 26 normals. The presence or absence of methylation was evaluated for an association with cancer using cross-tabulations and chi(2) or Fisher's exact tests as appropriate. All statistical tests were two-sided. RESULTS: Most primary tumors (89 of 93, 96%) had methylation of one or more genes of independent set; 53 (57%) CCNA1, 29 (31%) MINT1, 36 (39%) CRBP, 53 (57%) CCND2, 66 (71%) PGP9.5, 60 (65%) CALCA, and 78 (84%) AIM1. Normal uroepithelium samples from 26 controls revealed no methylation of the CCNA1 and MINT1 genes, whereas methylation of CRBP, CCND2, PGP9.5, and CALCA was detected at low levels. All the 7 genes in independent set were tightly correlated with each other and 3 of these genes showed increased methylation frequencies in bladder cancer with increasing age. PGP9.5 and AIM1 methylation correlated with primary tumor invasion. CONCLUSION: Our results indicate that the methylation profile of novel genes in bladder cancers correlates with clinicopathologic features of poor prognosis and is an age-related phenomenon."
19,AURKB,9212,79.749916972454,33386469,2021,CircRNA-100284 activates aurora kinase B by inducing methylation of HSP70 via microRNA-217 to promote proliferation of bladder cancer cells.,Journal of cancer research and clinical oncology,Huang ZM; Wang H; Ji ZG,10.1007/s00432-020-03468-4,aurora kinase B; aurora-B,general,,False,False,False,False,False,False,True,AURKB,AIK2; AIM-1; AIM1; ARK-2; ARK2; AurB; IPL1; PPP1R48; STK-1; STK12; STK5; aurkb-sv1; aurkb-sv2,"aurora kinase B; aurora kinase B-Sv1; aurora kinase B-Sv2; aurora- and Ipl1-like midbody-associated protein 1; aurora- and Ipl1-like midbody-associated protein 1 homolog; aurora-1; aurora-B; aurora-related kinase 2; aurora/IPL1-related kinase 2; protein phosphatase 1, regulatory subunit 48; serine/threonine kinase 12; serine/threonine-protein kinase 12; serine/threonine-protein kinase 5; serine/threonine-protein kinase aurora-B",aurora kinase B,"OBJECTIVE: The malignant transformation of normal bladder cells (SV-HUC-1) was induced by arsenite to explore the possible mechanism of circRNA-100284 influencing bladder cancer cell proliferation. METHODS: Normal bladder SV-HUC-1 cells were cultured with 2 μM arsenite to induce malignant transformation. After 0, 3, 6, 12, and 24 h of culture, the expression level of circRNA-100284 in cells was detected by quantitative real-time PCR. Western blotting assays were used to detect the expression levels of EZH2 and cyclin-D1 proteins in cells treated with different media. Cell cycle was analyzed by flow cytometry. In addition, through cell transfection and CCK-8 experiments, the effect and mechanism of circRNA-100284 targeting microRNA-217 on proliferation was determined. The interaction between HSP70 methylation and Aurora-B was determined by Western blotting and immunoprecipitation experiments. RESULTS: With prolonged contact time with arsenite, the expression level of circRNA-100284 in cells increased continuously (P < 0.05). Western blotting assays showed that the expression levels of EZH2 and cyclin-D1 proteins in arsenite-transformed cells increased. Flow cytometry and CCK-8 showed that circRNA-100284 accelerated cell cycle transition and cell proliferation through miR-217. Finally, after culturing human bladder cancer T24 cells, combined with immunoprecipitation and in vitro kinase experiments, it was found that K561- dimethyl HSP70 activated Aurora-B, thus promoting the proliferation of bladder cancer cells. CONCLUSION: CircRNA-100284 activates aurora kinase B by inducing methylation of HSP70 via microRNA-217 to promote the proliferation of bladder cancer cells."
19,AURKB,9212,79.749916972454,18341621,2008,Aurora kinase B is an independent protective factor in superficial bladder tumours with a dysfunctional G1 checkpoint.,BJU international,Bruyere F; Corcoran NM; Berdjis N; Namdarian B; Pedersen J; Ockrim J; Voelzke BB; Costello AJ; Hovens CM,10.1111/j.1464-410X.2008.07572.x,aurora kinase B; aurora-B,general,,False,False,False,False,False,False,True,AURKB,AIK2; AIM-1; AIM1; ARK-2; ARK2; AurB; IPL1; PPP1R48; STK-1; STK12; STK5; aurkb-sv1; aurkb-sv2,"aurora kinase B; aurora kinase B-Sv1; aurora kinase B-Sv2; aurora- and Ipl1-like midbody-associated protein 1; aurora- and Ipl1-like midbody-associated protein 1 homolog; aurora-1; aurora-B; aurora-related kinase 2; aurora/IPL1-related kinase 2; protein phosphatase 1, regulatory subunit 48; serine/threonine kinase 12; serine/threonine-protein kinase 12; serine/threonine-protein kinase 5; serine/threonine-protein kinase aurora-B",aurora kinase B,"OBJECTIVES: To investigate the clinical role of Aurora kinases (essential for regulating mitosis) in human bladder pathogenesis, by quantifying Aurora kinase A and B, phospho-Aurora A, and phospho-Rb and p53 in bladder tumours, analysing the correlations between expression and clinicopathological features. PATIENTS AND METHODS: We evaluated levels of Aurora A, B, phospho-Aurora A, phospho-Rb and p53 in 73 superficial bladder tumours using tissue microarrays and immunohistochemistry, and correlated expression with pathological variables and clinical outcome. RESULTS: None of the Aurora proteins, when analysed alone, significantly predicted either tumour recurrence or progression. In tumours with an aberrant G1 checkpoint, assessed by phospho-Rb and p53 status, expression of neither Aurora A nor its phosphorylated form predicted either tumour recurrence or progression. Surprisingly, high expression of Aurora B in tumours with an aberrant G1 checkpoint significantly protected from tumour recurrence. On multivariate analysis, Aurora B was the only significant factor that predicted tumour recurrence in the presence of either phospho-Rb or mutated p53. This difference was not evident in tumours with an intact G1 checkpoint. CONCLUSIONS: High expression of Aurora B in superficial bladder tumours with an aberrant G1 checkpoint significantly protects patients from tumour recurrence. The potential application of nonspecific Aurora kinase inhibitors in non-muscle-invasive bladder cancer might be detrimental."
19,AURKB,9212,79.749916972454,30533316,2018,Identification of key candidate genes and biological pathways in bladder cancer.,PeerJ,Gao X; Chen Y; Chen M; Wang S; Wen X; Zhang S,10.7717/peerj.6036,aurora kinase B,general,,True,False,False,True,True,False,True,AURKB,AIK2; AIM-1; AIM1; ARK-2; ARK2; AurB; IPL1; PPP1R48; STK-1; STK12; STK5; aurkb-sv1; aurkb-sv2,"aurora kinase B; aurora kinase B-Sv1; aurora kinase B-Sv2; aurora- and Ipl1-like midbody-associated protein 1; aurora- and Ipl1-like midbody-associated protein 1 homolog; aurora-1; aurora-B; aurora-related kinase 2; aurora/IPL1-related kinase 2; protein phosphatase 1, regulatory subunit 48; serine/threonine kinase 12; serine/threonine-protein kinase 12; serine/threonine-protein kinase 5; serine/threonine-protein kinase aurora-B",aurora kinase B,"BACKGROUND: Bladder cancer is a malignant tumor in the urinary system with high mortality and recurrence rates. However, the causes and recurrence mechanism of bladder cancer are not fully understood. In this study, we used integrated bioinformatics to screen for key genes associated with the development of bladder cancer and reveal their potential molecular mechanisms. METHODS: The GSE7476, GSE13507, GSE37815 and GSE65635 expression profiles were downloaded from the Gene Expression Omnibus database, and these datasets contain 304 tissue samples, including 81 normal bladder tissue samples and 223 bladder cancer samples. The RobustRankAggreg (RRA) method was utilized to integrate and analyze the four datasets to obtain integrated differentially expressed genes (DEGs), and the gene ontology (GO) functional annotation and Kyoto encyclopedia of genes and genomes (KEGG) pathway analysis were performed. Protein-protein interaction (PPI) network and module analyses were performed using Cytoscape software. The OncoLnc online tool was utilized to analyze the relationship between the expression of hub genes and the prognosis of bladder cancer. RESULTS: In total, 343 DEGs, including 111 upregulated and 232 downregulated genes, were identified from the four datasets. GO analysis showed that the upregulated genes were mainly involved in mitotic nuclear division, the spindle and protein binding. The downregulated genes were mainly involved in cell adhesion, extracellular exosomes and calcium ion binding. The top five enriched pathways obtained in the KEGG pathway analysis were focal adhesion (FA), PI3K-Akt signaling pathway, proteoglycans in cancer, extracellular matrix (ECM)-receptor interaction and vascular smooth muscle contraction. The top 10 hub genes identified from the PPI network were vascular endothelial growth factor A (VEGFA), TOP2A, CCNB1, Cell division cycle 20 (CDC20), aurora kinase B, ACTA2, Aurora kinase A, UBE2C, CEP55 and CCNB2. Survival analysis revealed that the expression levels of ACTA2, CCNB1, CDC20 and VEGFA were related to the prognosis of patients with bladder cancer. In addition, a KEGG pathway analysis of the top 2 modules identified from the PPI network revealed that Module 1 mainly involved the cell cycle and oocyte meiosis, while the analysis in Module 2 mainly involved the complement and coagulation cascades, vascular smooth muscle contraction and FA. CONCLUSIONS: This study identified key genes and pathways in bladder cancer, which will improve our understanding of the molecular mechanisms underlying the development and progression of bladder cancer. These key genes might be potential therapeutic targets and biomarkers for the treatment of bladder cancer."
19,AURKB,9212,79.749916972454,30428726,2019,Induction of Mitotic Catastrophe via Inhibition of Aurora B by Ionizing Radiation With Additive of Mulberry Water Extract in Human Bladder Cancer Cells.,Integrative cancer therapies,Su CC; Chen NC; Chyau CC; Tseng HC; Chou FP,10.1177/1534735418808586,aurora-B,general,,False,False,False,False,False,False,False,AURKB,AIK2; AIM-1; AIM1; ARK-2; ARK2; AurB; IPL1; PPP1R48; STK-1; STK12; STK5; aurkb-sv1; aurkb-sv2,"aurora kinase B; aurora kinase B-Sv1; aurora kinase B-Sv2; aurora- and Ipl1-like midbody-associated protein 1; aurora- and Ipl1-like midbody-associated protein 1 homolog; aurora-1; aurora-B; aurora-related kinase 2; aurora/IPL1-related kinase 2; protein phosphatase 1, regulatory subunit 48; serine/threonine kinase 12; serine/threonine-protein kinase 12; serine/threonine-protein kinase 5; serine/threonine-protein kinase aurora-B",aurora kinase B,"Mulberry fruit water extract (MWE) has been reported to synergistically enhance the cytotoxic effect of paclitaxel by promoting mitotic catastrophe to induce apoptosis in bladder cancer cells in our previous work. The aim of this study was to evaluate and to mechanistically explore the effects of MWE on bladder cancer responses to ionizing radiation (IR) by treating TSGH 8301 bladder carcinoma cells with MWE after exposing to IR. The results of MTT assay showed a synergistic cytotoxicity of IR with the co-treatment of MWE (IR/MWE) by inducing G2/M phase arrest as demonstrated by flow cytometry analysis in TSGH 8301, HT1367 and HT1197 bladder carcinoma cells lines. The IR/MWE-treated cells expressed increased levels of the G2/M phase arrest-related proteins cdc2/cyclin B1 and displayed giant multinucleated morphology, a typical characteristic of mitotic catastrophe. Immunofluorescent confocal microscopy revealed that the combined strategy inhibited Aurora B phosphorylation through Ras/Raf/MEK/ERK signaling cascade as demonstrated by Western blotting analysis. IR/MWE also caused an inhibitory effect on Plk1 and the subsequent downstream regulator RhoA repression and Cep55 induction, which would influence cell cycle progression in the early steps of cytokinesis. A profound tumor growth suppression and inactivation of Aurora B activity in the tumor tissues by IR/MWE treatment were confirmed in the TSGH 8301 xenograft model in vivo. These data demonstrated that MWE could be an effective auxiliary to synergize with radiation on the anticancer efficacy by promoting mitotic catastrophe through inhibition of Aurora B, providing a novel and effective therapeutic option for bladder cancer management."
19,AURKB,9212,79.749916972454,41548893,2026,"TAK-901 Targeted Inhibition of EGFR Activates Transcription Factor FOXO, Causing Cell-cycle Arrest and Apoptosis in Bladder Cancer.",Molecular cancer therapeutics,Lu L; Cheng H; Liu S; Tao Y; Fu S; Lu J; Gong Y; Ding H; Tian J; Li L; Wang Z,10.1158/1535-7163.MCT-25-0507,aurora-B,general,,False,False,False,True,True,False,True,AURKB,AIK2; AIM-1; AIM1; ARK-2; ARK2; AurB; IPL1; PPP1R48; STK-1; STK12; STK5; aurkb-sv1; aurkb-sv2,"aurora kinase B; aurora kinase B-Sv1; aurora kinase B-Sv2; aurora- and Ipl1-like midbody-associated protein 1; aurora- and Ipl1-like midbody-associated protein 1 homolog; aurora-1; aurora-B; aurora-related kinase 2; aurora/IPL1-related kinase 2; protein phosphatase 1, regulatory subunit 48; serine/threonine kinase 12; serine/threonine-protein kinase 12; serine/threonine-protein kinase 5; serine/threonine-protein kinase aurora-B",aurora kinase B,"Bladder cancer is the most prevalent malignancy of the urinary tract, characterized by an unfavorable prognosis, elevated rates of recurrence, and a lack of targeted therapeutic approaches. In this research, we evaluated the efficacy of TAK-901, a specific inhibitor targeting Aurora kinase, and elucidated the anticancer mechanisms in bladder cancer. TAK-901 exhibited a dose-dependent inhibition of proliferation, colony formation, and migration, as well as the induction of apoptosis in T24 and UMUC-3 cells. Additionally, bladder cancer cells underwent cell-cycle arrest at the G2-M-phase when exposed to TAK-901. Mechanistic studies revealed that the targeted inhibition of epidermal growth factor receptor (EGFR) by TAK-901 affected AKT and forkhead box class O3a (FOXO3a) phosphorylation, leading to the activation of FOXO-dependent transcriptional activity, which subsequently triggered apoptotic pathways by inducing BIM expression. Furthermore, our study demonstrated that TAK-901 attenuated tumor growth in the UMUC-3-luciferase xenograft model and significantly reduced Ki-67 expression in tumor tissues. Finally, we propose a novel treatment strategy involving the synergistic inhibition of bladder cancer cell growth by combining TAK-901 with afatinib. Our research strongly suggests that Aurora A and Aurora B are promising epigenetic therapeutic targets in bladder cancer. Furthermore, TAK-901 can function as a targeted kinase inhibitor and EGFR inhibitor for the treatment of bladder cancer by activating the FOXO signaling pathway, which induces apoptosis in bladder cancer cells."
19,AURKB,9212,79.749916972454,20865660,2010,Expression of mitotic kinases phospho-aurora A and aurora B correlates with clinical and pathological parameters in bladder neoplasms.,Histology and histopathology,Bufo P; Sanguedolce F; Tortorella S; Cormio L; Carrieri G; Pannone G,10.14670/HH-25.1371,aurora-B,general,,False,False,False,False,True,False,True,AURKB,AIK2; AIM-1; AIM1; ARK-2; ARK2; AurB; IPL1; PPP1R48; STK-1; STK12; STK5; aurkb-sv1; aurkb-sv2,"aurora kinase B; aurora kinase B-Sv1; aurora kinase B-Sv2; aurora- and Ipl1-like midbody-associated protein 1; aurora- and Ipl1-like midbody-associated protein 1 homolog; aurora-1; aurora-B; aurora-related kinase 2; aurora/IPL1-related kinase 2; protein phosphatase 1, regulatory subunit 48; serine/threonine kinase 12; serine/threonine-protein kinase 12; serine/threonine-protein kinase 5; serine/threonine-protein kinase aurora-B",aurora kinase B,"Aurora A and Aurora B are serine-threonine kinase proteins which have both been implicated in human carcinogenesis through development of aneuploidy and chromosomal instability. The aim of the study is to assess the correlation of both markers with clinical and pathological parameters in patients with bladder cancer of different grade and stage. A bladder cancer cell line was assessed for Aurora A and Aurora B expression by Western blotting. Furthermore, 85 consecutive cases of bladder neoplasms obtained by transurethral resection were quantitatively and qualitatively analysed by immunohistochemistry for Phospho-Aurora A and Aurora B expression. All cases were stratified in 4 groups according to intracellular localization (nuclear, cytoplasmic) of both markers. The association between each group and clinical and pathological parameters was assessed by statistical analysis. Higher expression of cytoplasmic Phospho-Aurora A correlated significantly with poor histological differentiation (G3 vs. G1) and advanced stage (p<0.05); there was also high significant correlation between nuclear Aurora B and both grading (both G3 and G2 vs. G1) and mitotic index (p<0.05). No statistically significant association was found between protein levels detected in tumour and sex or age (p>0.05). To our knowledge, the present study is the first to highlight the existence of a statistical association between such markers and traditional prognostic factors in bladder cancer. These findings indicate that Aurora A and B could be involved in the tumorigenesis of bladder cancer, thus providing a basis for a target therapy approach by using specific anti-mitotic agents."
19,AURKB,9212,79.749916972454,21496390,2011,Aurora B expression as a prognostic indicator and possible therapeutic target in oral squamous cell carcinoma.,International journal of immunopathology and pharmacology,Pannone G; Hindi SA; Santoro A; Sanguedolce F; Rubini C; Cincione RI; De Maria S; Tortorella S; Rocchetti R; Cagiano S; Pedicillo C; Serpico R; Lo Muzio L; Bufo P,10.1177/039463201102400110,aurora-B,general,,False,False,False,False,True,False,True,AURKB,AIK2; AIM-1; AIM1; ARK-2; ARK2; AurB; IPL1; PPP1R48; STK-1; STK12; STK5; aurkb-sv1; aurkb-sv2,"aurora kinase B; aurora kinase B-Sv1; aurora kinase B-Sv2; aurora- and Ipl1-like midbody-associated protein 1; aurora- and Ipl1-like midbody-associated protein 1 homolog; aurora-1; aurora-B; aurora-related kinase 2; aurora/IPL1-related kinase 2; protein phosphatase 1, regulatory subunit 48; serine/threonine kinase 12; serine/threonine-protein kinase 12; serine/threonine-protein kinase 5; serine/threonine-protein kinase aurora-B",aurora kinase B,"The aim of this study is to investigate the expression of the chromosomal passenger protein Aurora B and its activated (phosphorylated) form in a large series of human oral squamous cell cancers (OSCC) and to evaluate its clinical and prognostic significance. Western blotting analysis revealed overexpression of both Aurora B and Thr-232 Phopsho-Aurora B in OSCC lines as compared to normal keratinocytes and bladder cancer cells. Furthermore, protein expression was analysed by immunohistochemistry in 101 OSCC of different site, stage and histological grade and in normal peritumoural areas. The intracellular localization of Aurora B in tumour cells was mainly nuclear, especially in proliferative areas, and significant overexpression was found in tumours in comparison to normal peritumoural areas (P=0.012). Staining results were correlated with clinicopathological parameters and long-term follow-up, and a significant association was found between protein expression and tumour stage (stage II, III and IV vs stage I, P=0.030) and size (<2cm vs >2cm, P=0.010). Cox regression analysis confirmed a poorer disease-free survival in cases with high expression of Aurora B protein. Kaplan-Meier curves showed shorter time to progression in patients with high levels of Aurora B expression (p<0.05). Moreover, the tumoral group with nuclear Aurora B immunolocalization had the worst prognosis (P=0.0364 in disease free survival). Our results suggest that assessing Aurora B expression might help in patients risk stratification and serve as a novel therapeutic target in advanced OSCCs."
20,TOP2A,7153,79.5788605680261,39456780,2024,"Molecular Landscape of Bladder Cancer: Key Genes, Transcription Factors, and Drug Interactions.",International journal of molecular sciences,Danishuddin; Haque MA; Khan S; Kim JJ; Ahmad K,10.3390/ijms252010997,TOP2A,category; general,biomarker; diagnostic; expression; prognostic; roc_auc; urine; validation,True,True,True,True,True,True,False,TOP2A,TOP2; TOP2alpha; TOPIIA; TP2A,"DNA topoisomerase 2-alpha; DNA gyrase; DNA topoisomerase (ATP-hydrolyzing); DNA topoisomerase II, 170 kD; DNA topoisomerase II, alpha isozyme; topoisomerase (DNA) II alpha 170kDa",DNA topoisomerase II alpha,"Bladder cancer is among the most prevalent tumors in the urinary system and is known for its high malignancy. Although traditional diagnostic and treatment methods are established, recent research has focused on understanding the molecular mechanisms underlying bladder cancer. The primary objective of this study is to identify novel diagnostic markers and discover more effective targeted therapies for bladder cancer. This study identified differentially expressed genes (DEGs) between bladder cancer tissues and adjacent normal tissues using data from The Cancer Genome Atlas (TCGA). Gene Ontology (GO) and Kyoto Encyclopedia of Genes and Genomes (KEGG) enrichment analyses were conducted to explore the functional roles of these genes. A protein-protein interaction (PPI) network was also constructed to identify and analyze hub genes within this network. Gene set variation analysis (GSVA) was conducted to investigate the involvement of these genes in various biological processes and pathways. Ten key genes were found to be significantly associated with bladder cancer: <i>IL6</i>, <i>CCNA2</i>, <i>CCNB1</i>, <i>CDK1</i>, <i>PLK1</i>, <i>TOP2A</i>, <i>AURKA</i>, <i>AURKB</i>, <i>FOXM1</i>, and <i>CALML5</i>. GSVA analyses revealed that these genes are involved in a variety of biological processes and signaling pathways, including coagulation, UV-response-down, apoptosis, Notch signaling, and Wnt/beta-catenin signaling. The diagnostic relevance of these genes was validated through ROC curve analysis. Additionally, potential therapeutic drug interactions with these key genes were identified. This study provides valuable insights into key genes and their roles in bladder cancer. The identified genes and their interactions with therapeutic drugs could serve as potential biomarkers, presenting new opportunities for enhancing the diagnosis and prognosis of bladder cancer."
20,TOP2A,7153,79.5788605680261,14566826,2003,HER-2 and TOP2A coamplification in urinary bladder cancer.,International journal of cancer,Simon R; Atefy R; Wagner U; Forster T; Fijan A; Bruderer J; Wilber K; Mihatsch MJ; Gasser T; Sauter G,10.1002/ijc.11477,TOP2A,category; general,expression; prognostic; urine,False,False,False,True,True,False,True,TOP2A,TOP2; TOP2alpha; TOPIIA; TP2A,"DNA topoisomerase 2-alpha; DNA gyrase; DNA topoisomerase (ATP-hydrolyzing); DNA topoisomerase II, 170 kD; DNA topoisomerase II, alpha isozyme; topoisomerase (DNA) II alpha 170kDa",DNA topoisomerase II alpha,"HER-2/NEU is one of the most frequently amplified oncogenes and a potential therapeutic target in bladder cancer. In breast cancer, the adjacent TOP2A gene, the molecular target for several anticancer drugs, is frequently coamplified together with HER-2. To study the amplification and expression of TOP2A and HER-2 and associations with tumor phenotype and clinical outcome in bladder cancer, a tissue microarray containing 2,317 bladder tumor samples was analyzed by FISH and immunohistochemistry. Overall amplification frequencies were 6.3% for HER-2 and 1.5% for TOP2A. Amplifications were most frequently seen in advanced-stage (pT2-4) tumors (HER-2 13.8%, TOP2A 3.4%). Of HER-2-amplified tumors, 56% also had alterations of TOP2A, including 14.7% coamplifications, 33.3% gains and 8% deletions. Only 17.6% of TOP2A amplifications occurred independently of HER-2 alterations. Both HER-2 and TOP2A amplifications were significantly associated with advanced tumor stage (HER-2 p < 0.0001, TOP2A p = 0.0218), high grade (p < 0.0001 for both) and protein overexpression (p < 0.0001 for both). TOP2A amplification and overexpression were linked to shortened survival in muscle-invasive tumors (p = 0.0042 and 0.0077, respectively). In summary, our data suggest that HER-2 amplifications are frequently linked to alterations of the TOP2A gene in bladder cancer. The anatomy of the 17q12-q21 amplicon may be important for response to therapies targeting HER-2 or TOP2A."
20,TOP2A,7153,79.5788605680261,34284141,2021,MiR-599 targeting TOP2A inhibits the malignancy of bladder cancer cells.,Biochemical and biophysical research communications,Zhang F; Wu H,10.1016/j.bbrc.2021.06.069,TOP2A,category; general,expression; urine,False,False,False,False,False,False,True,TOP2A,TOP2; TOP2alpha; TOPIIA; TP2A,"DNA topoisomerase 2-alpha; DNA gyrase; DNA topoisomerase (ATP-hydrolyzing); DNA topoisomerase II, 170 kD; DNA topoisomerase II, alpha isozyme; topoisomerase (DNA) II alpha 170kDa",DNA topoisomerase II alpha,"BACKGROUND: Recent research suggests that many miRNAs influence the development of bladder cancer (BC). However, the function of the miR-599/TOP2A axis in BC cells is still unclear. Our aim was to verify the effect of the miR-599/TOP2A axis on BC progression. METHODS: The expression of TOP2A and miR-599 in BC tissues and cells was detected using RT-qPCR. Luciferase assays, RIP assays, and RNA pull-down assays were performed to determine the interaction between miR-599 and TOP2A. CCK-8, flow cytometry-based apoptosis, wound healing, and Transwell assays were utilized to determine the proliferation, migration, invasion and apoptosis of BC cells. RESULTS: MiR-599 was significantly downregulated in the BC, and miR-599 overexpression impeded the malignancy of BC cells by regulating proliferation, migration, invasion and apoptosis. TOP2A proved to a downstream target of miR-599 could enhance the tumorigenesis phenotype of BC cells. The experimental results also indicated that miR-599 reversed the oncogenic effects induced by TOP2A. CONCLUSION: Our study revealed that miR-599 represses BC tumorigenesis by inhibiting TOP2A."
20,TOP2A,7153,79.5788605680261,38570422,2024,Frequency and Nature of Genomic Alterations in ERBB2-Altered Urothelial Bladder Cancer.,Targeted oncology,Leary JB; Enright T; Bakaloudi DR; Basnet A; Bratslavsky G; Jacob J; Spiess PE; Li R; Necchi A; Kamat AM; Pavlick DC; Danziger N; Huang RSP; Lin DI; Cheng L; Ross J; Talukder R; Grivas P,10.1007/s11523-024-01056-x,TOP2A,category; general,expression; urine,False,False,False,False,False,False,True,TOP2A,TOP2; TOP2alpha; TOPIIA; TP2A,"DNA topoisomerase 2-alpha; DNA gyrase; DNA topoisomerase (ATP-hydrolyzing); DNA topoisomerase II, 170 kD; DNA topoisomerase II, alpha isozyme; topoisomerase (DNA) II alpha 170kDa",DNA topoisomerase II alpha,"BACKGROUND: Human epidermal growth factor-2 (HER2) overexpression is an oncogenic driver in many solid tumors, including urothelial bladder cancer (UBC). In addition, activating mutations in the ERBB2 gene have been shown to play an oncogenic role similar to ERBB2 amplification. OBJECTIVE: To describe and compare the frequency and nature of genomic alterations (GA) of ERBB2-altered (mutations, amplification) and ERBB2 wild-type UBC. PATIENTS AND METHODS: Using a hybrid capture-based comprehensive profiling assay, 9518 UBC cases were grouped by ERBB2 alteration and evaluated for all classes of genomic alterations (GA), tumor mutational burden (TMB), microsatellite instability (MSI), genome-wide loss of heterozygosity (gLOH), and genomic mutational signature. PD-L1 expression was measured by immunohistochemistry (Dako 22C3). Categorical statistical comparisons were performed using Fisher's exact tests. RESULTS: A total of 602 (6.3%) UBC cases featured ERBB2 extracellular domain short variant (SV) GA (ECDmut+), 253 (2.7%) cases featured ERBB2 kinase domain SV GA (KDmut+), 866 (9.1%) cases had ERBB2 amplification (amp+), and 7797 (81.9%) cases were ERBB2 wild-type (wt). European genetic ancestry of ECDmut+ was higher than ERBB2wt. Numerous significant associations were observed when comparing GA by group. Notably among these, CDKN2A/MTAP loss were more frequent in ERBB2wt versus ECDmut+ and amp+. ERBB3 GA were more frequent in ECDmut+ and KDmut+ than ERBB2wt. TERT GA were more frequent in ECDmut+, KDmut+, and amp+ versus ERBB2wt. TOP2A amplification was significantly more common in ECDmut+ and amp+ versus ERBB2wt, and TP53 SV GA were significantly higher in ERBB2 amp+ versus ERBB2wt. Mean TMB levels were significantly higher in ECDmut+, KDmut+, and amp+ than in ERBB2wt. Apolipoprotein B mRNA-editing enzyme, catalytic polypeptides (APOBEC) signature was more frequent in ECDmut+, KDmut+, and amp+ versus ERBB2wt. No significant differences were observed in PD-L1 status between groups, while gLOH-high status was more common in amp+ versus ERBB2wt. MSI-high status was more frequent in KDmut+ versus ERBB2wt, and in ERBB2wt than in amp+. CONCLUSIONS: We noted important differences in co-occurring GA in ERBB2-altered (ECDmut+, KDmut+, amp+) versus ERBB2wt UBC, as well as higher mean TMB and higher APOBEC mutational signature in the ERBB2-altered groups. Our results can help refine future clinical trial designs and elucidate possible response and resistance mechanisms for ERBB2-altered UBC."
20,TOP2A,7153,79.5788605680261,42531453,2026,Prognostic significance of TOP2A expression in bladder cancer: Systematic review and meta-analysis.,Canadian Urological Association journal = Journal de l'Association des urologues du Canada,Hendri AZ; Robert R; Febriyanto T; Liliana B; Pratama ADM; Oey O,10.5489/cuaj.9572,TOP2A,category; general,biomarker; expression; prognostic,True,False,False,False,True,False,True,TOP2A,TOP2; TOP2alpha; TOPIIA; TP2A,"DNA topoisomerase 2-alpha; DNA gyrase; DNA topoisomerase (ATP-hydrolyzing); DNA topoisomerase II, 170 kD; DNA topoisomerase II, alpha isozyme; topoisomerase (DNA) II alpha 170kDa",DNA topoisomerase II alpha,"INTRODUCTION: Elevated topoisomerase IIA (TOP2A) expression is consistently linked to poor prognosis, driving cancer progression through its role in DNA unlinking. Although TOP2A is well-established in other cancers, its prognostic value in bladder cancer remains unclear. This study was conducted to assess the prognostic significance of TOP2A for patients with bladder cancer. METHODS: PubMed, EMBASE (Ovid), and the Cochrane Library were systematically searched to identify studies published up to August 8, 2024. Published studies reporting the prognosis of patients with bladder cancer stratified by TOP2A expression were included. A random-effect model was used to pool the standardized mean difference (SMD) with 95% confidence interval (CI) for tumor stage and grade and hazard ratio (HR) with 95% CI for cancer-specific survival (CSS). The Newcastle-Ottawa Quality (NOS) was used to assess the risk of bias in the included studies. RESULTS: Nine studies with 1764 eligible patients with bladder cancer were identified. TOP2A expression was found in 32% patients with bladder cancer. High TOP2A expression was significantly correlated with higher tumor grade (SMD 1.61, 95% CI -0.02-3.23, p=0.05), higher tumor stage (SMD 1.09, 95% CI 0.01-2.17, p=0.05), and worse CSS (HR 1.19, 95% CI 1.05-1.36, p=0.008) in patients with bladder cancer. CONCLUSIONS: TOP2A expression shows potential as a prognostic biomarker in bladder cancer; however, significant heterogeneity in study design, measurement methods, and analytical approaches limits the strength of the current evidence. Further prospective studies with standardized biomarker assessment are warranted to validate its clinical utility."
20,TOP2A,7153,79.5788605680261,33846791,2021,"Propofol modulates the proliferation, invasion and migration of bladder cancer cells through the miR‑145‑5p/TOP2A axis.",Molecular medicine reports,Du Y; Zhang X; Zhang H; Chen Y; Zhu S; Shu J; Pan H,10.3892/mmr.2021.12078,TOP2A,category; general,expression; urine,False,False,False,False,False,False,True,TOP2A,TOP2; TOP2alpha; TOPIIA; TP2A,"DNA topoisomerase 2-alpha; DNA gyrase; DNA topoisomerase (ATP-hydrolyzing); DNA topoisomerase II, 170 kD; DNA topoisomerase II, alpha isozyme; topoisomerase (DNA) II alpha 170kDa",DNA topoisomerase II alpha,"Propofol‑based anesthesia has been reported to reduce the recurrence and metastasis of a number of cancer types following surgical resection. However, the effects of propofol in bladder cancer (BC) are yet to be fully elucidated. The aim of the present study was to investigate the functions of propofol in BC and their underlying mechanisms. In the study, the expression of microRNA (miR)‑145‑5p in BC tissues and cell lines was evaluated using reverse transcription‑quantitative PCR, and the effects of propofol on BC cells were determined using cell viability, wound healing and Transwell cell invasion assays, bioinformatics analysis, western blotting, immunohistochemistry and <i>in vivo</i> tumor xenograft models. It was found that propofol significantly suppressed the proliferation, migration and invasion of BC cells <i>in vitro</i>. In addition, propofol induced miR‑145‑5p expression in a time‑dependent manner, and miR‑145‑5p knockdown attenuated the inhibitory effects of propofol on the proliferation, migration and invasion of BC cells. Topoisomerase II α (TOP2A) was a direct target of miR‑145‑5p, and silencing TOP2A reversed the effects of miR‑145‑5p knockdown in propofol‑treated cells. Furthermore, propofol suppressed tumor xenograft growth, which was partially attenuated by miR‑145‑5p knockdown. The present study provided novel insight into the advantages of surgical intervention with propofol anesthesia in patients with BC."
20,TOP2A,7153,79.5788605680261,30533316,2018,Identification of key candidate genes and biological pathways in bladder cancer.,PeerJ,Gao X; Chen Y; Chen M; Wang S; Wen X; Zhang S,10.7717/peerj.6036,TOP2A,category; general,biomarker; expression; prognostic; urine,True,False,False,True,True,False,True,TOP2A,TOP2; TOP2alpha; TOPIIA; TP2A,"DNA topoisomerase 2-alpha; DNA gyrase; DNA topoisomerase (ATP-hydrolyzing); DNA topoisomerase II, 170 kD; DNA topoisomerase II, alpha isozyme; topoisomerase (DNA) II alpha 170kDa",DNA topoisomerase II alpha,"BACKGROUND: Bladder cancer is a malignant tumor in the urinary system with high mortality and recurrence rates. However, the causes and recurrence mechanism of bladder cancer are not fully understood. In this study, we used integrated bioinformatics to screen for key genes associated with the development of bladder cancer and reveal their potential molecular mechanisms. METHODS: The GSE7476, GSE13507, GSE37815 and GSE65635 expression profiles were downloaded from the Gene Expression Omnibus database, and these datasets contain 304 tissue samples, including 81 normal bladder tissue samples and 223 bladder cancer samples. The RobustRankAggreg (RRA) method was utilized to integrate and analyze the four datasets to obtain integrated differentially expressed genes (DEGs), and the gene ontology (GO) functional annotation and Kyoto encyclopedia of genes and genomes (KEGG) pathway analysis were performed. Protein-protein interaction (PPI) network and module analyses were performed using Cytoscape software. The OncoLnc online tool was utilized to analyze the relationship between the expression of hub genes and the prognosis of bladder cancer. RESULTS: In total, 343 DEGs, including 111 upregulated and 232 downregulated genes, were identified from the four datasets. GO analysis showed that the upregulated genes were mainly involved in mitotic nuclear division, the spindle and protein binding. The downregulated genes were mainly involved in cell adhesion, extracellular exosomes and calcium ion binding. The top five enriched pathways obtained in the KEGG pathway analysis were focal adhesion (FA), PI3K-Akt signaling pathway, proteoglycans in cancer, extracellular matrix (ECM)-receptor interaction and vascular smooth muscle contraction. The top 10 hub genes identified from the PPI network were vascular endothelial growth factor A (VEGFA), TOP2A, CCNB1, Cell division cycle 20 (CDC20), aurora kinase B, ACTA2, Aurora kinase A, UBE2C, CEP55 and CCNB2. Survival analysis revealed that the expression levels of ACTA2, CCNB1, CDC20 and VEGFA were related to the prognosis of patients with bladder cancer. In addition, a KEGG pathway analysis of the top 2 modules identified from the PPI network revealed that Module 1 mainly involved the cell cycle and oocyte meiosis, while the analysis in Module 2 mainly involved the complement and coagulation cascades, vascular smooth muscle contraction and FA. CONCLUSIONS: This study identified key genes and pathways in bladder cancer, which will improve our understanding of the molecular mechanisms underlying the development and progression of bladder cancer. These key genes might be potential therapeutic targets and biomarkers for the treatment of bladder cancer."
20,TOP2A,7153,79.5788605680261,35711974,2022,"Association between TOP2A, RRM1, HER2, ERCC1 expression and response to chemotherapy in patients with non-muscle invasive bladder cancer.",Heliyon,Liu Z; Xing L; Zhu Y; Shi P; Deng G,10.1016/j.heliyon.2022.e09643,TOP2A,category; general,expression,False,False,False,False,False,False,True,TOP2A,TOP2; TOP2alpha; TOPIIA; TP2A,"DNA topoisomerase 2-alpha; DNA gyrase; DNA topoisomerase (ATP-hydrolyzing); DNA topoisomerase II, 170 kD; DNA topoisomerase II, alpha isozyme; topoisomerase (DNA) II alpha 170kDa",DNA topoisomerase II alpha,"PURPOSE: This study aimed to detect the expression levels of topoisomerase IIα (TOP2A), ribonucleotide reductase catalytic subunit M1 (RRM1),c-erbB-2 (HER2) and excision repair cross complementing group 1 (ERCC1) in non-muscular invasive bladder cancer (NMIBC) and explore the correlation between the expression of these genes and NMBIC sensitivity to pirarubicin or gemcitabine treatment. MATERIALS AND METHODS: NMIBC patient tissues and the bladder cancer cell lines BIU-87 and KK47 were selected for the exploration of drug sensitivity in vitro. Immunohistochemistry was used to examine protein expression in tissues. Reverse transcription-polymerase chain reaction (RT-qPCR) and a Western blot assay were used to detect the mRNA and protein levels in cells. The cell IC50 value was evaluated by an MTT assay. Flow cytometry was used to sort the cell subpopulations. RESULTS: In the pirarubicin-treated group, the patients with high TOP2A expression experienced lower recurrence rates than those with low TOP2A expression, whereas TOP2A and HER2 co-expression resulted in higher recurrence rates. The patients with low RRM1 expression, especially those with low ERCC1 expression, experienced lower recurrence rates than the patients with high RRM1 expression in the gemcitabine-treated group. Tumour cells with high TOP2A expression were highly sensitive to pirarubicin, and TOP2A<sup>+</sup> HER2<sup>-</sup> cells were more sensitive to pirarubicin than TOP2A<sup>+</sup> HER2<sup>+</sup> cells. Cells with low RRM1 expression levels were sensitive to gemcitabine, and RRM1<sup>-</sup>ERCC1<sup>-</sup> cells were more sensitive to gemcitabine than RRM1<sup>-</sup>ERCC1<sup>+</sup> cells. CONCLUSION: High TOP2A expression or low RRM1 expression could predict the sensitivity of NMIBC to pirarubicin or gemcitabine treatment. HER2 and ERCC1 expression may affect the effect of TOP2A and RRM1, thus affecting the efficacy of chemotherapeutic drugs."
20,TOP2A,7153,79.5788605680261,29532898,2018,Identification of differentially expressed genes and biological pathways in bladder cancer.,Molecular medicine reports,Tang F; He Z; Lei H; Chen Y; Lu Z; Zeng G; Wang H,10.3892/mmr.2018.8711,TOP2A,category; general,biomarker; diagnostic; expression; urine,True,True,False,False,False,False,True,TOP2A,TOP2; TOP2alpha; TOPIIA; TP2A,"DNA topoisomerase 2-alpha; DNA gyrase; DNA topoisomerase (ATP-hydrolyzing); DNA topoisomerase II, 170 kD; DNA topoisomerase II, alpha isozyme; topoisomerase (DNA) II alpha 170kDa",DNA topoisomerase II alpha,"The purpose of the present study was to identify key genes and investigate the related molecular mechanisms of bladder cancer (BC) progression. From the Gene Expression Omnibus database, the gene expression dataset GSE7476 was downloaded, which contained 43 BC samples and 12 normal bladder tissues. GSE7476 was analyzed to screen the differentially expressed genes (DEGs). Gene Ontology (GO) and Kyoto Encyclopedia of Genes and Genomes (KEGG) pathway analyses were performed for the DEGs using the DAVID database, and a protein‑protein interaction (PPI) network was then constructed using Cytoscape software. The results of the GO analysis showed that the upregulated DEGs were significantly enriched in cell division, nucleoplasm and protein binding, while the downregulated DEGs were significantly enriched in 'extracellular matrix organization', 'proteinaceous extracellular matrix' and 'heparin binding'. The results of the KEGG pathway analysis showed that the upregulated DEGs were significantly enriched in the 'cell cycle', whereas the downregulated DEGs were significantly enriched in 'complement and coagulation cascades'. JUN, cyclin‑dependent kinase 1, FOS, PCNA, TOP2A, CCND1 and CDH1 were found to be hub genes in the PPI network. Sub‑networks revealed that these gene were enriched in significant pathways, including the 'cell cycle' signaling pathway and 'PI3K‑Akt signaling pathway'. In summary, the present study identified DEGs and key target genes in the progression of BC, providing potential molecular targets and diagnostic biomarkers for the treatment of BC."
20,TOP2A,7153,79.5788605680261,37175843,2023,MDR1 Inhibition Reverses Doxorubicin-Resistance in Six Doxorubicin-Resistant Canine Prostate and Bladder Cancer Cell Lines.,International journal of molecular sciences,Packeiser EM; Engels L; Nolte I; Goericke-Pesch S; Murua Escobar H,10.3390/ijms24098136,TOP2A,category; general,expression; urine,False,False,False,False,False,False,True,TOP2A,TOP2; TOP2alpha; TOPIIA; TP2A,"DNA topoisomerase 2-alpha; DNA gyrase; DNA topoisomerase (ATP-hydrolyzing); DNA topoisomerase II, 170 kD; DNA topoisomerase II, alpha isozyme; topoisomerase (DNA) II alpha 170kDa",DNA topoisomerase II alpha,"Acquired chemoresistance during chemotherapy, often accompanied by cross- and multi-resistance, limits therapeutic outcomes and leads to recurrence. In order to create in vitro model systems to understand acquired doxorubicin-resistance, we generated doxorubicin-resistant sublines of canine prostate adenocarcinoma and urothelial cell carcinoma cell lines. Chemoresistance to doxorubicin, cross-resistance to carboplatin, and the reversibility of the acquired resistance by the specific MDR1-inhibitor tariquidar were quantified in metabolic assays. Resistance mechanisms were characterized by expression of the efflux transporters MDR1 and RALBP1, as well as the molecular target of doxorubicin, TOP2A, with qPCR and Western blotting. Six out of nine cell lines established stable resistance to 2 µM doxorubicin. Drug efflux via massive MDR1 overexpression was identified as common, driving resistance mechanism in all sublines. MDR1 inhibition with tariquidar extensively reduced or reversed the acquired, and also partly the parental resistance. Three cell lines developed additional, non-MDR1-dependent resistance. RALBP1 was upregulated in one resistant subline at the protein level, while TOP2A expression was not altered. Combination therapies aiming to inhibit MDR1 activity can now be screened for synergistic effects using our resistant sublines. Nevertheless, detailed resistance mechanisms and maintained molecular target expression in the resistant sublines are still to be examined."
20,TOP2A,7153,79.5788605680261,35088375,2022,Downregulation of topoisomerase 1 and 2 with acriflavine sensitizes bladder cancer cells to cisplatin-based chemotherapy.,Molecular biology reports,Zargar P; Koochakkhani S; Hassanzadeh M; Ashouri Taziani Y; Nasrollahi H; Eftekhar E,10.1007/s11033-021-07087-1,TOP2A,category; general,expression; urine,False,False,False,False,False,False,True,TOP2A,TOP2; TOP2alpha; TOPIIA; TP2A,"DNA topoisomerase 2-alpha; DNA gyrase; DNA topoisomerase (ATP-hydrolyzing); DNA topoisomerase II, 170 kD; DNA topoisomerase II, alpha isozyme; topoisomerase (DNA) II alpha 170kDa",DNA topoisomerase II alpha,"BACKGROUND: Resistance to cisplatin is a major obstacle to effective treatment of bladder cancer (BC). The present study aimed to determine whether a combination of acriflavine (ACF) with cisplatin could potentiate the antitumor property of cisplatin against the BC cells. Furthermore, the molecular mechanism behind the anticancer action of ACF was considered. METHODS AND RESULTS: Two human BC cells (5637 and EJ138) contain mutated form of p53 was culture in standard condition. Cotreatment protocol (simultaneous combination of IC<sub>30</sub> value of ACF + various dose of cisplatin for 72 h) and pretreatment protocol (pretreatment with IC<sub>15</sub> value of ACF for 24 h + various dose of cisplatin for 48 h) was used to determine the effect of ACF on the cells' sensitivity to main drug cisplatin. To assess the mechanism of action of ACF, real-time PCR was used to evaluate mRNA levels of hypoxia-inducible factor-1α (HIF-1α), Bax, Bcl-2, topoisomerase1 (TOP1) and topoisomerase 2 (TOP2A). Combination of ACF with cisplatin either as cotreatment or opretreatment protocol could significantly reduce the IC<sub>50</sub> values of cisplatin as compared to the IC<sub>50</sub> of cisplatin when use as a single drug. In addition, ACF could markedly decrease mRNA expression of TOP1 and TOP2A without changing the expression of HIF-1ɑ, Bax and Bcl-2. CONCLUSIONS: Our findings indicate that combination of cisplatin with ACF was able to significantly enhance the sensitivity of BC cells to cisplatin. The antitumor activity of ACF is exerted through the downregulation of TOP1 and TOP2A genes expression. ACF may serve as an adjuvant to boost cisplatin-based chemotherapy."
20,TOP2A,7153,79.5788605680261,30588253,2018,"OIP5 Promotes Growth, Metastasis and Chemoresistance to Cisplatin in Bladder Cancer Cells.",Journal of Cancer,Wang D; Chen Z; Lin F; Wang Z; Gao Q; Xie H; Xiao H; Zhou Y; Zhang F; Ma Y; Mei H; Cai Z; Liu Y; Huang W,10.7150/jca.27381,TOP2A,category; general,biomarker; expression; prognostic,True,False,False,False,True,False,True,TOP2A,TOP2; TOP2alpha; TOPIIA; TP2A,"DNA topoisomerase 2-alpha; DNA gyrase; DNA topoisomerase (ATP-hydrolyzing); DNA topoisomerase II, 170 kD; DNA topoisomerase II, alpha isozyme; topoisomerase (DNA) II alpha 170kDa",DNA topoisomerase II alpha,"Opa interacting protein 5 (OIP5) has previously been identified as a tumorigenesis gene. The purpose of this study is to explore the role of OIP5 in the progression of bladder cancer (BC). The OIP5 expression and clinical behaviors in bladder cancer were collected from lager database. Our study showed that OIP5 was highly expressed in bladder cancer tissues and cells. Overexpression of OIP5 in tumor patients predicted worse overall survival (OS) and higher histological grade. Vitro and vivo experiments demonstrated that knockdown of OIP5 significantly inhibited cell growth of BC. Scratch assay and transwell assay suggested that migration capacity of BC cells was decreased after knockdown of OIP5. Cisplatin sensitivity assay indicated that depletion of OIP5 increased the sensitivity of BC cells to cisplatin. Finally, we identified 38 overlapping differentially expressed genes (DEGs) between RNA-seq and TCGA analyses which were closely linked to OIP5. Bioinformatics analysis showed that these DEGs enriched in oocyte meiosis, fanconi anemia pathway, cell cycle, and microRNAs regulation. TOP2A, SPAG5, SKA1, EXO1, TK1 were confirmed to associated with bladder cancer development. Our study suggests that OIP5 may be a potential biomarker for growth, metastasis and drug-resistance in bladder cancer."
20,TOP2A,7153,79.5788605680261,37939859,2023,Quantitative transcriptomic and proteomic analysis reveals corosolic acid inhibiting bladder cancer via suppressing cell cycle and inducing mitophagy in vitro and in vivo.,Toxicology and applied pharmacology,Cui A; Li X; Ma X; Song Z; Wang X; Wang C; Xia Y,10.1016/j.taap.2023.116749,TOP2A,category; general,urine,False,False,False,False,False,False,False,TOP2A,TOP2; TOP2alpha; TOPIIA; TP2A,"DNA topoisomerase 2-alpha; DNA gyrase; DNA topoisomerase (ATP-hydrolyzing); DNA topoisomerase II, 170 kD; DNA topoisomerase II, alpha isozyme; topoisomerase (DNA) II alpha 170kDa",DNA topoisomerase II alpha,"Corosolic acid (CA) is a plant-derived terpenoid compound with many health benefits. However, the anti-tumor effects of CA in bladder cancer remain unexplored. Here, we found that CA inhibited bladder tumor both in vitro and in vivo, and had no significant toxicity in mice. With the aid of transcriptomics and proteomics, we elucidated the regulatory network mechanism of CA inhibiting bladder cancer. Through cell viability detection, cell fluorescence staining and flow cytometry, we discovered that CA inhibited bladder cancer mainly through blocking cell cycle. Interestingly, CA played anticancer roles by distinct mechanisms at different concentrations: low concentrations (<7.0 μg/ml) of CA mainly inhibited DNA synthesis by downregulating TOP2A and LIG1, and diminished mitosis by downregulating CCNA2, CCNB1, CDC20, and RRM2; high concentrations (≥7.0 μg/ml) of CA induced cell death through triggering mitophagy via upregulating NBR1, TAXBP1, SQSTM1/P62, and UBB. CA, as a natural molecule of homology of medicine and food, is of great significance for the prevention and treatment of cancer patients following clarifying its anti-cancer mechanism. This study provides a comprehensive understanding of the pharmacological mechanism of CA inhibition in bladder cancer, which is helpful for the development of new anti-tumor drugs based on CA."
20,TOP2A,7153,79.5788605680261,28025079,2017,βIII-tubulin overexpression is linked to aggressive tumor features and genetic instability in urinary bladder cancer.,Human pathology,Hinsch A; Chaker A; Burdelski C; Koop C; Tsourlakis MC; Steurer S; Rink M; Eichenauer TS; Wilczak W; Wittmer C; Fisch M; Simon R; Sauter G; Büschek F; Clauditz T; Minner S; Jacobsen F,10.1016/j.humpath.2016.11.005,TOP2A,category; general,biomarker; expression; prognostic; urine,False,False,False,True,False,False,True,TOP2A,TOP2; TOP2alpha; TOPIIA; TP2A,"DNA topoisomerase 2-alpha; DNA gyrase; DNA topoisomerase (ATP-hydrolyzing); DNA topoisomerase II, 170 kD; DNA topoisomerase II, alpha isozyme; topoisomerase (DNA) II alpha 170kDa",DNA topoisomerase II alpha,"Development of genetic instability is a hallmark of tumor progression. Type III β-tubulin (TUBB3) is a component of microtubules involved in chromosome segregation. Its overexpression has been linked to adverse features of urinary bladder cancer. To investigate the role of TUBB3 for development of genetic instability, we compared TUBB3 expression with histopathological features and surrogate markers of genetic instability and tumor aggressiveness; copy number changes of HER2, TOP2A, CCND1, RAF1, and FGFR1; nuclear accumulation of p53, and cell proliferation in a tissue microarray (TMA) with more than 700 bladder cancers. TUBB3 expression was linked to high-grade and advanced-stage cancers (P<.0001), rapid cell proliferation (P<.0001), presence of multiple gene copy number alterations (P=.0008), and nuclear accumulation of p53 (P=.0008). Strong TUBB3 staining was found in 43% of urothelial cancers harboring copy number alterations as compared with 28% of genetically stable cancers, and in 50% of p53-positive cancers as compared with 30% of p53-negative tumors. The fraction of tumors with concomitant TUBB3 and p53 positivity increased with tumor stage and grade: 2% in pTaG1-2, 11% in pTaG3, 17% in pT1G2, 23% in pT1G3, and 32% in pT2-4 cancers (P<.0001). Importantly, strong TUBB3 overexpression was detectable in about 20% of low-grade, noninvasive cancers. In summary, our study demonstrates that TUBB3 overexpression is linked to an aggressive subtype of urinary bladder cancers, which is characterized by increased genetic instability, p53 alterations, and rapid cell proliferation. Detection of TUBB3 overexpression in genetically stable, low-grade, and noninvasive bladder cancers may be clinically useful to identify patients requiring particular close monitoring."
20,TOP2A,7153,79.5788605680261,38606517,2024,"[Retracted] Propofol modulates the proliferation, invasion and migration of bladder cancer cells through the miR‑145‑5p/TOP2A axis.",Molecular medicine reports,Du Y; Zhang X; Zhang H; Chen Y; Zhu S; Shu J; Pan H,10.3892/mmr.2024.13218,TOP2A,general,,False,False,False,False,False,False,False,TOP2A,TOP2; TOP2alpha; TOPIIA; TP2A,"DNA topoisomerase 2-alpha; DNA gyrase; DNA topoisomerase (ATP-hydrolyzing); DNA topoisomerase II, 170 kD; DNA topoisomerase II, alpha isozyme; topoisomerase (DNA) II alpha 170kDa",DNA topoisomerase II alpha,"Following the publication of this paper, it was drawn to the Editor's attention by a concerned reader that the tumour images shown in Fig. 6B on p. 8 were strikingly similar to data appearing in different form in other articles written by different authors at different research institutes, which had either already been published or were under consideration for publication at around the same time. Owing to the fact that the contentious data in the above article were already under consideration for publication prior to its submission to <i>Molecular Medicine Reports</i>, the Editor has decided that this paper should be retracted from the Journal. The authors were asked for an explanation to account for these concerns, but the Editorial Office did not receive a reply. The Editor apologizes to the readership for any inconvenience caused. [Molecular Medicine Reports 23: 439, 2021; DOI: 10.3892/mmr.2021.12078]."
20,TOP2A,7153,79.5788605680261,35884419,2022,"An Integrated Bioinformatics Analysis towards the Identification of Diagnostic, Prognostic, and Predictive Key Biomarkers for Urinary Bladder Cancer.",Cancers,Sarafidis M; Lambrou GI; Zoumpourlis V; Koutsouris D,10.3390/cancers14143358,TOP2A,category; general,biomarker; diagnostic; expression; prognostic; urine; validation,True,True,False,True,True,True,True,TOP2A,TOP2; TOP2alpha; TOPIIA; TP2A,"DNA topoisomerase 2-alpha; DNA gyrase; DNA topoisomerase (ATP-hydrolyzing); DNA topoisomerase II, 170 kD; DNA topoisomerase II, alpha isozyme; topoisomerase (DNA) II alpha 170kDa",DNA topoisomerase II alpha,"Bladder cancer (BCa) is one of the most prevalent cancers worldwide and accounts for high morbidity and mortality. This study intended to elucidate potential key biomarkers related to the occurrence, development, and prognosis of BCa through an integrated bioinformatics analysis. In this context, a systematic meta-analysis, integrating 18 microarray gene expression datasets from the GEO repository into a merged meta-dataset, identified 815 robust differentially expressed genes (DEGs). The key hub genes resulted from DEG-based protein-protein interaction and weighted gene co-expression network analyses were screened for their differential expression in urine and blood plasma samples of BCa patients. Subsequently, they were tested for their prognostic value, and a three-gene signature model, including <i>COL3A1</i>, <i>FOXM1</i>, and <i>PLK4</i>, was built. In addition, they were tested for their predictive value regarding muscle-invasive BCa patients' response to neoadjuvant chemotherapy. A six-gene signature model, including <i>ANXA5</i>, <i>CD44</i>, <i>NCAM1</i>, <i>SPP1</i>, <i>CDCA8</i>, and <i>KIF14</i>, was developed. In conclusion, this study identified nine key biomarker genes, namely <i>ANXA5</i>, <i>CDT1</i>, <i>COL3A1</i>, <i>SPP1</i>, <i>VEGFA</i>, <i>CDCA8</i>, <i>HJURP</i>, <i>TOP2A</i>, and <i>COL6A1</i>, which were differentially expressed in urine or blood of BCa patients, held a prognostic or predictive value, and were immunohistochemically validated. These biomarkers may be of significance as prognostic and therapeutic targets for BCa."
20,TOP2A,7153,79.5788605680261,33298978,2020,"Copy number variations in primary tumor, serum and lymph node metastasis of bladder cancer patients treated with radical cystectomy.",Scientific reports,Soave A; Kluwe L; Yu H; Rink M; Gild P; Vetterlein MW; Marks P; Sauter G; Fisch M; Meyer CP; Ludwig T; Dahlem R; Minner S; Pantel K; Steinbach B; Schwarzenbach H,10.1038/s41598-020-75869-x,TOP2A,category; general,urine,False,False,False,False,False,False,False,TOP2A,TOP2; TOP2alpha; TOPIIA; TP2A,"DNA topoisomerase 2-alpha; DNA gyrase; DNA topoisomerase (ATP-hydrolyzing); DNA topoisomerase II, 170 kD; DNA topoisomerase II, alpha isozyme; topoisomerase (DNA) II alpha 170kDa",DNA topoisomerase II alpha,"The aim of the present study was to analyze copy number variations (CNV) of multiple oncogenes and tumor suppressor genes in genomic DNA from primary tumor tissue, lymph node metastasis and cell-free DNA (cfDNA) from serum of 72 urothelial carcinoma of bladder (UCB) patients treated with radical cystectomy (RC), using multiplex ligation-dependent probe amplification (MLPA). We hypothesized that primary tumor and lymph node metastasis show similar CNV profiles, and CNV are more present in lymph node metastasis compared to primary tumor tissue. Samples from 43 (59.7%) patients could be analyzed. In total, 35 (83%), 26 (68%) and 8 (42%) patients had CNV in primary tumor, serum and lymph node metastasis, respectively. MYC, CCND1, ERBB2 and CCNE1 displayed the most frequent amplifications. In particular, CNV in ERBB2 was associated with aggressive tumor characteristics. CNV in both ERBB2 and TOP2A were risk factors for disease recurrence. The current findings show that CNV are present in various oncogenes and tumor suppressor genes in genomic DNA from primary tumor, lymph node metastasis and cfDNA from serum. CNV were more present in genomic DNA from primary tumor tissue compared to cfDNA from serum and genomic DNA from lymph node metastasis. Patients with CNV in ERBB2 and TOP2A are at increased risk for disease recurrence following RC. Further studies are necessary to validate, whether these genes may represent promising candidates for targeted-therapy."
20,TOP2A,7153,79.5788605680261,41374402,2025,Overexpression of <i>CDC20</i> Confer a Poorer Prognosis in Bladder Cancer Identified by Gene Co-Expression Network Analysis.,"Diagnostics (Basel, Switzerland)",Yang X; Guo Y; Wang L; Miao Z; Lu X; Ruan J; Tian W,10.3390/diagnostics15233016,TOP2A,category; general,biomarker; diagnostic; expression; prognostic; validation,True,True,False,False,True,True,True,TOP2A,TOP2; TOP2alpha; TOPIIA; TP2A,"DNA topoisomerase 2-alpha; DNA gyrase; DNA topoisomerase (ATP-hydrolyzing); DNA topoisomerase II, 170 kD; DNA topoisomerase II, alpha isozyme; topoisomerase (DNA) II alpha 170kDa",DNA topoisomerase II alpha,"<b>Background/Objectives</b>: Bladder cancer (BCa) ranks as the tenth most prevalent malignancy worldwide, characterized by high morbidity and mortality rates. Despite advancements in understanding its pathogenesis, the identification of robust prognostic biomarkers remains critical for improving clinical outcomes. This study aims to identify and validate novel prognostic markers for BCa through integrated bioinformatics and experimental approaches. <b>Methods</b>: Gene expression data and clinical information were obtained from the GEO (GSE13507) and TCGA databases. Differential gene expression analysis and weighted gene co-expression network analysis (WGCNA) were employed to identify overlapping genes. Functional enrichment analysis was performed to explore biological functions, followed by protein-protein interaction (PPI) network construction and survival analysis. Key candidate genes were screened using the CytoHubba plugin in Cytoscape. <i>CDC20</i> expression was validated through RT-qPCR, and its functional role in BCa cells was assessed in vitro. <b>Results</b>: Eight candidate hub genes (<i>TROAP</i>, <i>TPX2</i>, <i>TOP2A</i>, <i>KIF2C</i>, <i>AURKA</i>, <i>CDC20</i>, <i>PRC1</i>, and <i>AURKB</i>) were identified. Survival analysis revealed that high <i>CDC20</i> expression was significantly associated with decreased overall survival in BCa patients. Mechanistic investigations demonstrated that <i>CDC20</i> promotes tumor invasion and growth by modulating mitosis and cell cycle progression, while also influencing the tumor microenvironment through immune cell regulation. Experimental validation confirmed the tumor-promoting role of <i>CDC20</i> in BCa cells. <b>Conclusions</b>: This study identifies <i>CDC20</i> as a key prognostic biomarker for bladder cancer, providing novel insights for early diagnosis, clinical treatment, and prognosis assessment. The findings highlight the potential of <i>CDC20</i> as a therapeutic target and underscore the value of integrated bioinformatics and experimental validation in biomarker discovery."
20,TOP2A,7153,79.5788605680261,29234286,2017,Identification of Biomarkers Correlated with the TNM Staging and Overall Survival of Patients with Bladder Cancer.,Frontiers in physiology,Li S; Liu X; Liu T; Meng X; Yin X; Fang C; Huang D; Cao Y; Weng H; Zeng X; Wang X,10.3389/fphys.2017.00947,TOP2A,category; general,biomarker; diagnostic; expression; prognostic,True,True,False,False,True,False,True,TOP2A,TOP2; TOP2alpha; TOPIIA; TP2A,"DNA topoisomerase 2-alpha; DNA gyrase; DNA topoisomerase (ATP-hydrolyzing); DNA topoisomerase II, 170 kD; DNA topoisomerase II, alpha isozyme; topoisomerase (DNA) II alpha 170kDa",DNA topoisomerase II alpha,"<b>Objective:</b> To identify candidate biomarkers correlated with clinical prognosis of patients with bladder cancer (BC). <b>Methods:</b> Weighted gene co-expression network analysis was applied to build a co-expression network to identify hub genes correlated with tumor node metastasis (TNM) staging of BC patients. Functional enrichment analysis was conducted to functionally annotate the hub genes. Protein-protein interaction network analysis of hub genes was performed to identify the interactions among the hub genes. Survival analyses were conducted to characterize the role of hub genes on the survival of BC patients. Gene set enrichment analyses were conducted to find the potential mechanisms involved in the tumor proliferation promoted by hub genes. <b>Results:</b> Based on the results of topological overlap measure based clustering and the inclusion criteria, top 50 hub genes were identified. Hub genes were enriched in cell proliferation associated gene ontology terms (mitotic sister chromatid segregation, mitotic cell cycle and, cell cycle, etc.) and Kyoto Encyclopedia of Genes and Genomes (KEGG) pathways (cell cycle, Oocyte meiosis, etc.). 17 hub genes were found to interact with ≥5 of the hub genes. Survival analysis of hub genes suggested that lower expression of MMP11, COL5A2, CDC25B, TOP2A, CENPF, CDCA3, TK1, TPX2, CDCA8, AEBP1, and FOXM1were associated with better overall survival of BC patients. BC samples with higher expression of hub genes were enriched in gene sets associated with P53 pathway, apical junction, mitotic spindle, G2M checkpoint, and myogenesis, etc. <b>Conclusions:</b> We identified several candidate biomarkers correlated with the TNM staging and overall survival of BC patients. Accordingly, they might be used as potential diagnostic biomarkers and therapeutic targets with clinical utility."
20,TOP2A,7153,79.5788605680261,41533196,2026,Using transcriptomics and molecular docking to uncover the pharmacological targets and its associated biological mechanisms of paeoniflorigenone in treating bladder cancer.,Discover oncology,Ge T; Liu F; Cai M; Wu J; Zhang C,10.1007/s12672-026-04404-7,TOP2A,category; general,expression; prognostic,False,False,False,False,True,False,True,TOP2A,TOP2; TOP2alpha; TOPIIA; TP2A,"DNA topoisomerase 2-alpha; DNA gyrase; DNA topoisomerase (ATP-hydrolyzing); DNA topoisomerase II, 170 kD; DNA topoisomerase II, alpha isozyme; topoisomerase (DNA) II alpha 170kDa",DNA topoisomerase II alpha,"BACKGROUND: Paeoniflorigenone (PAG) is a bioactive compound found in the root of moutan cortex. It has demonstrated anti-cancer effects, although the specific mechanism of action remains unclear. The objective of this study was to investigate the pharmacological mechanisms of PAG in the treatment of bladder cancer using transcriptomics and molecular docking. METHOD: PAG-associated targets were gathered using SuperPred, SEA, SwissTargetPrediction, and PharmMapper. Bladder cancer-related targets were obtained from TCGA databases. The intersection of drug-disease targets was determined using the Venny tool. Metascape database was employed for GO and KEGG enrichment analysis of the common targets in drug-disease interaction. The STRING database and Cytoscape 3.9.0 were utilized to construct a PPI network of the overlapping targets. Molecular docking analysis was performed using AutoDockTools. Further analysis of the core targets was carried out using TCGA, HPA, Kaplan-Meier Plotter, and TIMER databases. RESULTS: A total of 50 potential targets for the treatment of bladder cancer by PAG were found, and among them, MMP1, MMP7, MMP9, MMP13, MMP14, JUN, TGFBR2, PRSS1, and TOP2A were determined as the core targets. KEGG and GO analysis results indicated that PAG treatment primarily involves response to oxidative stress, MAPK signaling pathway, and IL-17 signaling pathway in bladder cancer. Molecular docking results demonstrated that the binding energies between PAG and the core targets were all below - 5 kJ/mol, indicating a spontaneous binding of PAG to the core targets. These findings were further confirmed through analysis of mRNA expression levels, protein expression levels, prognostic values, and immune infiltration. CONCLUSION: It was initially discovered that PAG exerts its therapeutic effects on bladder cancer by targeting multiple pathways and multiple targets. This finding will enhance our comprehension of the potential mechanism by which PAG combats bladder cancer, and it will serve as a theoretical foundation for future research endeavors."
20,TOP2A,7153,79.5788605680261,37393350,2023,Pectolinarigenin inhibits bladder urothelial carcinoma cell proliferation by regulating DNA damage/autophagy pathways.,Cell death discovery,Deng Z; Shen D; Yu M; Zhou F; Shan D; Fang Y; Jin W; Qian K; Li S; Wang G; Zhang Y; Ju L; Xiao Y; Wang X,10.1038/s41420-023-01508-9,TOP2A,general,,False,False,False,False,False,False,False,TOP2A,TOP2; TOP2alpha; TOPIIA; TP2A,"DNA topoisomerase 2-alpha; DNA gyrase; DNA topoisomerase (ATP-hydrolyzing); DNA topoisomerase II, 170 kD; DNA topoisomerase II, alpha isozyme; topoisomerase (DNA) II alpha 170kDa",DNA topoisomerase II alpha,"Pectolinarigenin (PEC), an active compound isolated from traditional herbal medicine, has shown potential anti-tumor properties against various types of cancer cells. However, its mechanism of action in bladder cancer (BLCA), which is one of the fatal human carcinomas, remains unexplored. In this study, we first revealed that PEC, as a potential DNA topoisomerase II alpha (TOP2A) poison, can target TOP2A and cause significant DNA damage. PEC induced G2/M phase cell cycle arrest via p53 pathway. Simultaneously, PEC can perform its unique function by inhibiting the late autophagic flux. The blocking of autophagy caused proliferation inhibition of BLCA and further enhanced the DNA damage effect of PEC. In addition, we proved that PEC could intensify the cytotoxic effect of gemcitabine (GEM) on BLCA cells in vivo and in vitro. Summarily, we first systematically revealed that PEC had great potential as a novel TOP2A poison and an inhibitor of late autophagic flux in treating BLCA."
20,TOP2A,7153,79.5788605680261,23470167,2013,Tumour expression of bladder cancer-associated urinary proteins.,BJU international,Lindén M; Segersten U; Runeson M; Wester K; Busch C; Pettersson U; Lind SB; Malmström PU,10.1111/j.1464-410X.2012.11653.x,TOP2A,category; general,biomarker; diagnostic; expression; prognostic; urine; validation,True,True,False,True,True,True,True,TOP2A,TOP2; TOP2alpha; TOPIIA; TP2A,"DNA topoisomerase 2-alpha; DNA gyrase; DNA topoisomerase (ATP-hydrolyzing); DNA topoisomerase II, 170 kD; DNA topoisomerase II, alpha isozyme; topoisomerase (DNA) II alpha 170kDa",DNA topoisomerase II alpha,"UNLABELLED: WHAT'S KNOWN ON THE SUBJECT? AND WHAT DOES THE STUDY ADD?: The current basis for diagnosis and prognosis in urinary bladder cancer is based on the pathologists' assessment of a biopsy of the tumour. Urinary biomarkers are preferable as they can be non-invasively sampled. Urinary cytology is the only test with widespread use but is hampered by poor reproducibility and low sensitivity. By studying the protein expression in bladder tumour tissue samples of proteins previously found in elevated levels in the urine of patients with bladder cancer, we have been able to show that these proteins originate from the tumour. The immunoreactivity of three of the investigated proteins increased with higher stage. Also a serine peptidase inhibitor was found to be predictive of progression from non-muscle-invasive to muscle-invasive tumours. OBJECTIVES: To analyse the expression of five bladder cancer-associated urinary proteins and investigate if expression is related to the malignant phenotype of the tumour. To explore the possible prognostic value of these proteins. PATIENTS AND METHODS: Urine samples, 16 from patients with bladder cancer and 26 from controls, were used in Western Blotting experiments. Tissue microarrays with bladder tissue from 344 patients diagnosed with bladder cancer between 1984 and 2005 was used in immunohistochemistry experiments. The proteins apolipoprotein E (APOE), fibrinogen β chain precursor (FGB), leucine-rich α2-glycoprotein (LRG1), polymerase (RNA) I polypeptide E (POLR1E), α1-antitrypsin (SERPINA1) and topoisomerase 2A (TOP2A) were probed with antibodies validated by the Human Protein Atlas. RESULTS: Increased expressions of APOE, FGB and POLR1E were correlated with increased tumour stage (P < 0.001). Expression of SERPINA1 in Ta and T1 tumours was found to increase the risk of tumour progression (hazard ratio 2.57, 95% confidence interval 1.13-5.87; P = 0.025) CONCLUSIONS: All proteins previously detected in urine from patients with bladder cancer were also expressed in bladder cancer tissue. The expression of APOE, FGB and POLR1E increased with stage and they are potential diagnostic markers. SERPINA1 was identified as a prognostic marker candidate."
20,TOP2A,7153,79.5788605680261,37949208,2023,Network based approach to identify interactions between Type 2 diabetes and cancer comorbidities.,Life sciences,Nayan SI; Rahman MH; Hasan MM; Raj SMRH; Almoyad MAA; Liò P; Moni MA,10.1016/j.lfs.2023.122244,TOP2A,category; general,expression,False,False,True,False,False,False,True,TOP2A,TOP2; TOP2alpha; TOPIIA; TP2A,"DNA topoisomerase 2-alpha; DNA gyrase; DNA topoisomerase (ATP-hydrolyzing); DNA topoisomerase II, 170 kD; DNA topoisomerase II, alpha isozyme; topoisomerase (DNA) II alpha 170kDa",DNA topoisomerase II alpha,"High blood sugar and insulin insensitivity causes the lifelong chronic metabolic disease called Type 2 diabetes (T2D) which has a higher chance of developing different malignancies. T2D with comorbidities like Cancers can make normal medications for those disorders more difficult. There may be a significant correlation between comorbidities and have an impact on one another's health. These associations may be due to a number of direct and indirect mechanisms. Such molecular mechanisms that underpin T2D and cancer are yet unknown. However, the large volumes of data available on these diseases allowed us to use analytical tools for uncovering their interrelated pathways. Here, we tried to present a system for investigating potential comorbidity relationships between T2D and Cancer disease by looking at the molecular processes involved, analyzing a huge number of freely accessible transcriptomic datasets of various disorders using bioinformatics. Using semantic similarity and gene set enrichment analysis, we created an informatics pipeline that evaluates and integrates Gene Ontology (GO), expression of genes, and biological process data. We discovered genes that are common in T2D and Cancer along with molecular pathways and GOs. We compared the top 200 Differentially Expressed Genes (DEGs) from each selected T2D and cancer dataset and found the most significant common genes. Among all the common genes 13 genes were found most frequent. We also found 4 common GO terms: GO:0000003, GO:0000122, GO:0000165, and GO:0000278 among all the common GO terms between T2d and different cancers. Using these genes and GO term semantic similarity, we calculated the distance between these two diseases. The semantic similarity results of our study showed a higher association of Liver Cancer (LiC), Breast Cancer (BreC), Colorectal Cancer (CC), and Bladder Cancer (BlaC) with T2D. Furthermore we found KIF4A, NUSAP1, CENPF, CCNB1, TOP2A, CCNB2, RRM2, HMMR, NDC80, NCAPG, and IGFBP5 common hub proteins among different cancers correlated to T2D. AGE-RAGE signaling pathway in diabetic complications, Osteoclast differentiation, TNF signaling pathway, IL-17 signaling pathway, p53 signaling pathway, MAPK signaling pathway, Human T-cell leukemia virus 1 infection, and Non-alcoholic fatty liver disease are the 8 most significant pathways found among 18 common pathways between T2D and selected cancers. As a result of our technique, we now know more about disease pathways that are critical between T2D and cancer."
20,TOP2A,7153,79.5788605680261,40598454,2025,"Investigating the molecular mechanisms, drug prediction, and validation of CCNA2 and MAD2L1 in esophageal squamous cell carcinoma based on bioinformatics.",BMC medical genomics,Guo C; Wang P; Huang D; Guo J; Liu T,10.1186/s12920-025-02173-w,TOP2A,category; general,biomarker; expression; prognostic; validation,True,False,False,False,True,True,True,TOP2A,TOP2; TOP2alpha; TOPIIA; TP2A,"DNA topoisomerase 2-alpha; DNA gyrase; DNA topoisomerase (ATP-hydrolyzing); DNA topoisomerase II, 170 kD; DNA topoisomerase II, alpha isozyme; topoisomerase (DNA) II alpha 170kDa",DNA topoisomerase II alpha,"OBJECTIVE: Aims to comprehensively investigate the expression patterns of CCNA2 and MAD2L1 in esophageal squamous cell carcinoma using bioinformatics methods. METHODS: Based on WGCNA analysis of gene mutation expression, methylation level distribution, mRNA expression and ESCC-related genes in public databases, were employed for investigating potential biomarkers for prognosis of esophageal squamous cell carcinoma(ESCC).Finally,. performing qRT-PCR and immunohistochemistry to validate. RESULTS: Ultimately identified 4 hub genes: CDK1, CCNA2,TOP2A and MAD2L1. Bioinformatics analysis showed high expression of these four genes in ESCC (P < 0.05). CCNA2 and MAD2L1 were selected for subsequent analysis based on literature.3.Single gene enrichment analysis revealed significant enrichment of CCNA2 and MAD2L1 in pathways related to splicing, bladder cancer, non-homologous end joining and homologous recombination, glycosaminoglycan biosynthesis chondroitin sulfate, progesterone-mediated oocyte maturation and mismatch repair. PASTAA database indicated the involvement of transcription factors such as Roralpha1, Pou6f1, Roralpha2, Atf-1, Pax-3, C/ebpalpha, Nkx2-1 in the regulation of CCNA2, while no transcription factors were predicted for MAD2L1..Immune infiltration analysis revealed a close association between ESCC and plasma cells, CD8 + T cells, monocytes, M0 macrophages, M1 macrophages, dendritic cells, and resting mast cells.Drug prediction for CCNA2 included 7 drugs such as ETHINYL ESTRADIOL, Seliciclib and TAMOXIFEN, while no drugs were predicted for MAD2L1.qRT-PCR and immunohistochemistry demonstrated high expression of CCNA2 in ESCC, while MAD2L1 showed no significant difference between ESCC and normal esophageal squamous epithelial tissues. CONCLUSION: CCNA2 and MAD2L1 may be potential biomarkers for ESCC, providing a novel basis for understanding the molecular mechanisms underlying ESCC pathogenesis.Additionally, the potential drugs predicted for CCNA2 may emerge as a new hope for ESCC patients in the future."
20,TOP2A,7153,79.5788605680261,38144520,2023,Anti-tumor target screening of sea cucumber saponin Frondoside A: a bioinformatics and molecular docking analysis.,Frontiers in oncology,Liu G; Zhang S; Lin R; Cao X; Yuan L,10.3389/fonc.2023.1307838,TOP2A,category; general,expression; prognostic,False,False,False,False,True,False,True,TOP2A,TOP2; TOP2alpha; TOPIIA; TP2A,"DNA topoisomerase 2-alpha; DNA gyrase; DNA topoisomerase (ATP-hydrolyzing); DNA topoisomerase II, 170 kD; DNA topoisomerase II, alpha isozyme; topoisomerase (DNA) II alpha 170kDa",DNA topoisomerase II alpha,"Cancer remains the leading cause of death worldwide. In spite of significant advances in targeted and immunotherapeutic approaches, clinical outcomes for cancer remain poor. The aim of the present study was to investigate the potential mechanisms and therapeutic targets of Frondoside A for the treatment of liver, pancreatic, and bladder cancers. The data presented in our study demonstrated that Frondoside A reduced the viability and migration of HepG2, Panc02, and UM-UC-3 cancer cell <i>in vitro</i>. Moreover, we utilized the GEO database to screen and identify for differentially expressed genes (DEGs) in liver, pancreatic, and bladder cancers, which resulted in the identification of 714, 357, and 101 DEGs, respectively. Gene Ontology (GO) analysis and Kyoto Encyclopedia of Genes and Genomes (KEGG) pathway annotation were performed using the Metascape database for DEGs that were significantly associated with cancer development. The protein-protein interaction (PPI) networks of the identified DEGs in liver, pancreatic, and bladder cancers were analyzed using Cytoscape 3.9.0 software, and subsequently identified potential key genes that were associated with these networks. Subsequently, their prognostic values were assessed by gene expression level analysis and Kaplan-Meier survival analysis (GEPIA). Furthermore, we utilized TIMER 2.0 to investigate the correlation between the expression of the identified key gene and cancer immune infiltration. Finally, molecular docking simulations were performed to assess the affinity of Frondoside A and key genes. Our results showed a significant correlation between these DEGs and cancer progression. Combined, these analyses revealed that Frondoside A involves in the regulation of multiple pathways, such as drug metabolism, cell cycle in liver cancer by inhibiting the expression of CDK1, TOP2A, CDC20, and KIF20A, and regulates protein digestion and absorption, receptor interaction in pancreatic cancer by down-regulation of ASPM, TOP2A, DLGAP5, TPX2, KIF23, MELK, LAMA3, and ANLN. While in bladder cancer, Frondoside A regulates muscle contraction, complement and coagulation cascade by increase FLNC expression. In conclusion, the present study offers valuable insights into the molecular mechanism underlying the anticancer effects of Frondoside A, and suggests that Frondoside A can be used as a functional food supplement or further developed as a natural anti-cancer drug."
20,TOP2A,7153,79.5788605680261,39800632,2025,Study of urine-based mRNA biomarkers for early detection of nonmuscle invasive bladder cancer (NMIBC).,Urologic oncology,Abazari O; Shahidi M; Dayati P; Valizadeh S; Vahidi S; Tafti MA; Zavarreza J,10.1016/j.urolonc.2024.12.273,TOP2A,category; general,biomarker; diagnostic; expression; urine,True,True,False,True,False,False,True,TOP2A,TOP2; TOP2alpha; TOPIIA; TP2A,"DNA topoisomerase 2-alpha; DNA gyrase; DNA topoisomerase (ATP-hydrolyzing); DNA topoisomerase II, 170 kD; DNA topoisomerase II, alpha isozyme; topoisomerase (DNA) II alpha 170kDa",DNA topoisomerase II alpha,"BACKGROUND AND OBJECTIVE: Research into new noninvasive diagnostic tools for bladder cancer (BCa) with superior sensitivity and specificity to cystoscopy and cytology is promising. The current study evaluated a diagnostic panel of tumor progression-related mRNAs in urine samples of NMIBC patients and controls. METHODS: This study carefully selected 129 participants, including 67 NMIBC patients, 31 hematuria patients due to nonmalignant urological disorders, and 31 healthy individuals. Subsequently, ten significantly dysregulated mRNAs were identified in the urine specimens of these participants using RT-qPCR. KEY FINDINGS: Expression levels of CA9, CDK1, CD24, TERT, CEP55, TOP2A, IQGAP3, UBE2C, and CRH in urine samples from NMIBC patients were higher than those in healthy individuals. Notably, CD24, TOP2A, IQGAP3, UBE2C, and CRH mRNA levels in NMIBC patients were significantly higher than in the hematuria group. In diagnosing low-grade from healthy and hematuria groups, analysis of the 5-gene profile yielded a sensitivity of 98 % and a specificity of 100 % and 90 %, respectively. For diagnosing high-grade tumors from healthy and hematuria groups, sensitivity was 96 % and 100 %, and specificity was 100 % and 83 %, respectively. CONCLUSIONS AND CLINICAL IMPLICATIONS: These results emphasize the potential application of urine mRNA profiling in the early diagnosis of NMIBC and provide new insights into the molecular mechanisms involved."
20,TOP2A,7153,79.5788605680261,28078605,2017,Transcriptional Regulatory Network Analysis for Gastric Cancer Based on mRNA Microarray.,Pathology oncology research : POR,Wang Y,10.1007/s12253-016-0159-1,TOP2A,category; general,expression,False,False,False,False,False,False,True,TOP2A,TOP2; TOP2alpha; TOPIIA; TP2A,"DNA topoisomerase 2-alpha; DNA gyrase; DNA topoisomerase (ATP-hydrolyzing); DNA topoisomerase II, 170 kD; DNA topoisomerase II, alpha isozyme; topoisomerase (DNA) II alpha 170kDa",DNA topoisomerase II alpha,"We aimed to screen the differential expressed genes (DEGs) and transcriptional factors (TFs) related to gastric cancer. GSE19826 microarray data downloaded from Gene Expression Omnibus was used to identify the differentially expressed genes (DEGs) and PPI network of DEGs were constructed by the Retrieval of Interacting Genes database. Pathway enrichment analysis of DEGs were performed by Gene Set Enrichment Analysis. Then, the transcriptional regulatory network was constructed based on TRANSFAC database. Finally, regulatory impact factor (RIF) of TF was calculated. We identified 446 DEGs including 209 up- and 237 down-regulated genes. These DEGs were mainly significantly enriched in 5 pathways including ECM receptor interaction (p = 0.013899), spliceosome (p = 0.025591), bladder cancer (p = 0.026316), focal adhesion (p = 0.047809) and WNT signaling pathway (p = 0.048077). PPI network with 247 nodes and 913 edges were constructed and COL5A2 was the hub node. Transcriptional regulatory network with 6 differently expressed TFs, 58 non-differently expressed TFs, 44 DEGs and 735 non-DEGs was constructed. Finally, top 5 TFs including CRX, TFAP4, NKX2-1, MYB and RARG with higher Z<sub>RIF</sub> were screened. The identified DEGs such as COL5A2 and TOP2A, and TFs including EGR2, FOXM1, NKX2-1 and TFAP4 might be the critical genes and TFs for gastric cancer."
20,TOP2A,7153,79.5788605680261,34769400,2021,Ciprofloxacin and Levofloxacin as Potential Drugs in Genitourinary Cancer Treatment-The Effect of Dose-Response on 2D and 3D Cell Cultures.,International journal of molecular sciences,Kloskowski T; Szeliski K; Fekner Z; Rasmus M; Dąbrowski P; Wolska A; Siedlecka N; Adamowicz J; Drewa T; Pokrywczyńska M,10.3390/ijms222111970,TOP2A,category; general,biomarker; expression,False,False,True,True,False,False,True,TOP2A,TOP2; TOP2alpha; TOPIIA; TP2A,"DNA topoisomerase 2-alpha; DNA gyrase; DNA topoisomerase (ATP-hydrolyzing); DNA topoisomerase II, 170 kD; DNA topoisomerase II, alpha isozyme; topoisomerase (DNA) II alpha 170kDa",DNA topoisomerase II alpha,"INTRODUCTION: Introducing new drugs for clinical application is a very difficult, long, drawn-out, and costly process, which is why drug repositioning is increasingly gaining in importance. The aim of this study was to analyze the cytotoxic properties of ciprofloxacin and levofloxacin on bladder and prostate cell lines in vitro. METHODS: Bladder and prostate cancer cell lines together with their non-malignant counterparts were used in this study. In order to evaluate the cytotoxic effect of both drugs on tested cell lines, MTT assay, real-time cell growth analysis, apoptosis detection, cell cycle changes, molecular analysis, and 3D cultures were examined. RESULTS: Both fluoroquinolones exhibited a toxic effect on all of the tested cell lines. In the case of non-malignant cell lines, the cytotoxic effect was weaker, which was especially pronounced in the bladder cell line. A comparison of both fluoroquinolones showed the advantage of ciprofloxacin (lower doses of drug caused a stronger cytotoxic effect). Both fluoroquinolones led to an increase in late apoptotic cells and an inhibition of cell cycle mainly in the S phase. Molecular analysis showed changes in <i>BAX</i>, <i>BCL2</i>, <i>TP53</i>, and <i>CDKN1</i> expression in tested cell lines following incubation with ciprofloxacin and levofloxacin. The downregulation of topoisomerase II genes (<i>TOP2A</i> and <i>TOP2B</i>) was noticed. Three-dimensional (3D) cell culture analysis confirmed the higher cytotoxic effect of tested fluoroquinolone against cancer cell lines. CONCLUSIONS: Our results suggest that both ciprofloxacin and levofloxacin may have great potential, especially in the supportive therapy of bladder cancer treatment. Taking into account the low costs of such therapy, fluoroquinolones seem to be ideal candidates for repositioning into bladder cancer therapeutics."
20,TOP2A,7153,79.5788605680261,37101770,2023,Circular RNA Ubiquitin-associated Protein 2 Silencing Suppresses Bladder Cancer Progression by Downregulating DNA Topoisomerase 2-alpha Through Sponging miR-496.,European urology open science,Fu Y; Liu K; Zhao L; Jiang X; Wang T,10.1016/j.euros.2023.01.008,DNA topoisomerase 2-alpha; TOP2A,category; general,expression; prognostic,False,False,False,True,True,False,True,TOP2A,TOP2; TOP2alpha; TOPIIA; TP2A,"DNA topoisomerase 2-alpha; DNA gyrase; DNA topoisomerase (ATP-hydrolyzing); DNA topoisomerase II, 170 kD; DNA topoisomerase II, alpha isozyme; topoisomerase (DNA) II alpha 170kDa",DNA topoisomerase II alpha,"BACKGROUND: Circular RNAs (circRNAs) have been uncovered to be implicated in the malignant development of bladder cancer (BC). OBJECTIVE: Herein, this work aimed to investigate the role and mechanism of circRNA ubiquitin-associated protein 2 (circUBAP2) in BC progression. DESIGN SETTING AND PARTICIPANTS: Quantitative real-time polymerase chain reaction and Western blotting were used for the detection of genes and proteins. OUTCOME MEASUREMENTS AND STATISTICAL ANALYSIS: In vitro functional experiments were conducted using colony formation, 5-ethynyl-2'-deoxyuridine (EdU), Transwell, wound healing, and flow cytometry assays, respectively. A glycolysis analysis was conducted by assessing glucose uptake and lactate production. A murine xenograft model was established to perform in vivo experiments. The binding interaction between miR-496 and circUBAP2 or DNA topoisomerase 2-alpha (TOP2A) was verified using a dual-luciferase reporter assay. RESULTS AND LIMITATIONS: CircUBAP2 was highly expressed in BC patients, and high circUBAP2 expression showed a shorter survival rate. Functionally, knockdown of circUBAP2 could suppress BC cell growth, migration, invasion, and aerobic glycolysis in vitro, as well as impede BC growth in nude mice. Mechanistically, circUBAP2 acted as a sponge for miR-496, which targeted TOP2A. Moreover, circUBAP2 could indirectly regulate TOP2A expression through sequestering miR-496. Furthermore, a series of rescue experiments showed that miR-496 inhibition reversed the anticancer action of circUBAP2 knockdown on BC cells. Moreover, miR-496 could attenuate BC cell malignant phenotypes and aerobic glycolysis, which were abolished by TOP2A overexpression. CONCLUSIONS: Silencing of circUBAP2 could suppress BC growth, invasion, migration, and aerobic glycolysis by the miR-496/TOP2A axis, suggesting a promising target for the molecular targeted therapies of BC. PATIENT SUMMARY: Circular RNA ubiquitin-associated protein 2 (circUBAP2) was found to be associated with poor prognosis in bladder cancer (BC). Knockdown of circUBAP2 might suppress BC growth, invasion, migration, and aerobic glycolysis, indicating that it may be a new target for the development of molecular targeted therapy for BC."
20,TOP2A,7153,79.5788605680261,12647367,2002,[HER-2 and TOP 2A gene amplifications in urinary bladder carcinoma].,Verhandlungen der Deutschen Gesellschaft fur Pathologie,Simon R; Atefy R; Wagner U; Forster T; Fijan A; Bruderer J; Wilber K; Mihatsch MJ; Gasser T; Sauter G,,TOP2A,category; general,prognostic; urine,False,False,False,True,True,False,False,TOP2A,TOP2; TOP2alpha; TOPIIA; TP2A,"DNA topoisomerase 2-alpha; DNA gyrase; DNA topoisomerase (ATP-hydrolyzing); DNA topoisomerase II, 170 kD; DNA topoisomerase II, alpha isozyme; topoisomerase (DNA) II alpha 170kDa",DNA topoisomerase II alpha,"The HER-2/neu gene is frequently amplified in bladder cancer. Topoisomerase 2 Alpha (TOP2A) which is located nearby the HER-2/neu gene is an important molecular target for several anti cancer drugs. The frequency of TOP2A amplification in urinary bladder cancer is unknown. It was the aim of this study to determine the frequency of HER-2 and TOP2A amplification in urinary bladder cancer and to evaluate the association of these amplifications with tumor phenotype. For this purpose a tissue microarray containing 768 pTa, 425 pT1 and 571 pT2-4 carcinomas was analyzed by fluorescence in situ hybridization (FISH). Amplifications of both genes were significantly associated with advanced tumor stage and high grade. HER-2 amplification was found in 1.6% of pTa, 7.2% of pT1 and 13.8% of pT2-4 carcinomas (p < 0.0001). HER-2 amplification was present in only 1.1% of grade 1 and 0.8% of grade 2 tumors but in 14.2% of grade 3 tumors (p < 0.0001). TOP2A amplification was present in 0.7% pTa, 1.8% pT1 and 3.4% pT2-4 carcinomas (p < 0.0001). TOP2A was found in none of the grade 1, in 0.2% of grade 2 and 3.8% of grade 3 tumors (p < 0.0001). 1% of all analyzed tumors had simultaneously high level amplification of TOP2A and HER-2. Amplification of both genes were significantly associated with tumor specific survival if all tumors were analyzed together. Given the high frequency of HER-2 amplification in urinary bladder cancer, some of these tumors may respond favorable to Herceptin therapy. The TOP2A amplification status may influence response to anthracyclin treatment."
20,TOP2A,7153,79.5788605680261,29581849,2018,Urinary cell-free nucleic acid IQGAP3: a new non-invasive diagnostic marker for bladder cancer.,Oncotarget,Kim WT; Kim YH; Jeong P; Seo SP; Kang HW; Kim YJ; Yun SJ; Lee SC; Moon SK; Choi YH; Lee GT; Kim IY; Kim WJ,10.18632/oncotarget.24436,TOP2A,category; general,biomarker; diagnostic; expression; roc_auc; urine,True,True,True,True,False,False,True,TOP2A,TOP2; TOP2alpha; TOPIIA; TP2A,"DNA topoisomerase 2-alpha; DNA gyrase; DNA topoisomerase (ATP-hydrolyzing); DNA topoisomerase II, 170 kD; DNA topoisomerase II, alpha isozyme; topoisomerase (DNA) II alpha 170kDa",DNA topoisomerase II alpha,"BACKGROUND: There is growing interest in developing new non-invasive diagnostic tools for bladder cancer (BC) that have better sensitivity and specificity than cystoscopy and cytology. This study examined the value of urinary cell-free nucleic acid (NA) as a diagnostic marker for BC. MATERIAL AND METHODS: A total of 81 patients (74 BC and 7 normal controls) were used for a tissue set, and 212 patients (92 BC and 120 normal controls) were used as a urine set. Expression of tissue mRNA and urinary cell-free NAs was then examined. RESULTS: Four candidate genes were top-ranked in the tissue microarray. Expression levels of two of these (IQGAP3 and TOP2A) in BC tissue and urine samples from BC patients were significantly higher than those in samples from the control groups. Binary logistic regression analysis of cell-free NA levels in urine samples revealed that IQGAP3 was significantly associated with BC: PicoGreen-adjusted odds ratio (OR), 3.434; confidence interval (CI), 2.999-4.180; <i>P</i><0.001; RiboGreen-adjusted OR, 2.242; CI, 1.793-2.840; <i>P</i><0.001. Further analysis of IQGAP3 urinary cell-free NAs with respect to tumor invasiveness and grade also yielded a high AUC, suggesting that IQGAP3 can discriminate between BC patients and non-cancer patients with hematuria. CONCLUSIONS: Levels of IQGAP3 urinary cell-free NA in BC patients were significantly higher than those in normal controls or patients with hematuria. High levels of IQGAP3 urinary cell-free NA also reflected high expression in BC tissues. Therefore, IQGAP3 urinary cell-free NA may be a complementary diagnostic biomarker for BC."
20,TOP2A,7153,79.5788605680261,25889321,2015,Gene expression patterns combined with network analysis identify hub genes associated with bladder cancer.,Computational biology and chemistry,Bi D; Ning H; Liu S; Que X; Ding K,10.1016/j.compbiolchem.2015.04.001,TOP2A,category; general,biomarker; diagnostic; expression; urine; validation,True,True,False,False,False,True,True,TOP2A,TOP2; TOP2alpha; TOPIIA; TP2A,"DNA topoisomerase 2-alpha; DNA gyrase; DNA topoisomerase (ATP-hydrolyzing); DNA topoisomerase II, 170 kD; DNA topoisomerase II, alpha isozyme; topoisomerase (DNA) II alpha 170kDa",DNA topoisomerase II alpha,"OBJECTIVES: To explore molecular mechanisms of bladder cancer (BC), network strategy was used to find biomarkers for early detection and diagnosis. METHODS: The differentially expressed genes (DEGs) between bladder carcinoma patients and normal subjects were screened using empirical Bayes method of the linear models for microarray data package. Co-expression networks were constructed by differentially co-expressed genes and links. Regulatory impact factors (RIF) metric was used to identify critical transcription factors (TFs). The protein-protein interaction (PPI) networks were constructed by the Search Tool for the Retrieval of Interacting Genes/Proteins (STRING) and clusters were obtained through molecular complex detection (MCODE) algorithm. Centralities analyses for complex networks were performed based on degree, stress and betweenness. Enrichment analyses were performed based on Gene Ontology (GO) and Kyoto Encyclopedia of Genes and Genomes (KEGG) databases. RESULTS: Co-expression networks and TFs (based on expression data of global DEGs and DEGs in different stages and grades) were identified. Hub genes of complex networks, such as UBE2C, ACTA2, FABP4, CKS2, FN1 and TOP2A, were also obtained according to analysis of degree. In gene enrichment analyses of global DEGs, cell adhesion, proteinaceous extracellular matrix and extracellular matrix structural constituent were top three GO terms. ECM-receptor interaction, focal adhesion, and cell cycle were significant pathways. CONCLUSIONS: Our results provide some potential underlying biomarkers of BC. However, further validation is required and deep studies are needed to elucidate the pathogenesis of BC."
20,TOP2A,7153,79.5788605680261,12691100,2002,[HER-2 and TOP2A gene amplification in urinary bladder cancer].,Verhandlungen der Deutschen Gesellschaft fur Pathologie,Simon R; Atefy R; Wagner U; Forster T; Fijan A; Bruderer J; Wilber K; Mihatsch M; Gasser T G; Sauter G,,TOP2A,category; general,urine,False,False,False,True,False,False,False,TOP2A,TOP2; TOP2alpha; TOPIIA; TP2A,"DNA topoisomerase 2-alpha; DNA gyrase; DNA topoisomerase (ATP-hydrolyzing); DNA topoisomerase II, 170 kD; DNA topoisomerase II, alpha isozyme; topoisomerase (DNA) II alpha 170kDa",DNA topoisomerase II alpha,
20,TOP2A,7153,79.5788605680261,41794917,2026,Key hub genes identification and therapeutic target prediction via multi-validation for the senescence-inflammation axis in prostate cancer.,Scientific reports,Wang Y; Liu Q; Yi M; Liu Y; He J; Zhang HC,10.1038/s41598-026-42497-w,TOP2A,category; general,biomarker; expression; validation,False,False,True,False,False,True,True,TOP2A,TOP2; TOP2alpha; TOPIIA; TP2A,"DNA topoisomerase 2-alpha; DNA gyrase; DNA topoisomerase (ATP-hydrolyzing); DNA topoisomerase II, 170 kD; DNA topoisomerase II, alpha isozyme; topoisomerase (DNA) II alpha 170kDa",DNA topoisomerase II alpha,"Cellular senescence remodels the microenvironment via SASP, and immune inflammation promotes carcinogenesis through DNA damage and immune remodeling; the “senescence-inflammation” vicious cycle formed by these two processes is a core driver of cancer development and progression, yet its mechanism in prostate cancer progression remains unclear. The regulatory mechanisms of “senescence-inflammation” related genes in prostate cancer were revealed, targeted drugs were predicted, and new insights were provided for the clinical treatment of prostate cancer. In this study, gene expression profile data of prostate cancer were obtained from the Gene Expression Omnibus (GEO). Differentially expressed genes were screened out through bioinformatics analysis and verified by experiments; GO and KEGG analyses were used to explore the prostate cancer-specific biological processes and signaling pathways involved, immune infiltration characteristics were revealed by combining immune infiltration tools with single-cell technology, and finally, drugs with therapeutic potential were predicted through core gene target analysis. Prostate cancer-related differentially expressed genes were found to number 203. Notable hub genes included ACTB, RPLP0, TOP2A, TXN, HSP90B1, TAGLN, RPSA, and ANXA2. According to enrichment analysis, apoptosis, cellular senescence, inflammation, and the initiation of immunological responses are the main factors contributing to the development of bladder cancer. The immunological processes of prostate cancer are significantly influenced by memory B cells, CD8 T cells, follicular helper T cells, M1 macrophages, monocytes, and NK cells, as confirmed by immune infiltration and single-cell data. Furthermore, hub genes were found to be significantly expressed in a variety of immune cells by single-cell studies; monocytes and macrophages in particular exhibited high levels of ACTB, RPLP0, RPSA, and ANXA2. We next used Western blotting, PCR, and immunohistochemistry to evaluate these genes’ expression in clinical samples. Lastly, Miconazole, Fostamatinib, Quercetin, Resveratrol, and Regorafenib were shown to be possible important drugs or ingredients for the treatment of prostate cancer by our drug-target interaction prediction analysis. We clarified the mechanism by which immune-inflammatory and aging-related genes contribute to the pathogenesis of prostate cancer. We identified and validated four core genes, namely TXN, TOP2A, ANXA2, and HSP90B1, and predicted potential therapeutic agents, specifically resveratrol and regorafenib. These findings provide a theoretical basis for research on the molecular mechanisms of prostate cancer and its clinical treatment."
20,TOP2A,7153,79.5788605680261,25026175,2014,Copy number analysis of 24 oncogenes: MDM4 identified as a putative marker for low recurrence risk in non muscle invasive bladder cancer.,International journal of molecular sciences,Salvi S; Calistri D; Gurioli G; Carretta E; Serra L; Gunelli R; Zoli W; Casadio V,10.3390/ijms150712458,TOP2A,category; general,biomarker; diagnostic; prognostic; urine,False,False,False,False,True,False,False,TOP2A,TOP2; TOP2alpha; TOPIIA; TP2A,"DNA topoisomerase 2-alpha; DNA gyrase; DNA topoisomerase (ATP-hydrolyzing); DNA topoisomerase II, 170 kD; DNA topoisomerase II, alpha isozyme; topoisomerase (DNA) II alpha 170kDa",DNA topoisomerase II alpha,"Patients with non-muscle invasive bladder cancer (NMIBC) generally have a high risk of relapsing locally after primary tumor resection. The search for new predictive markers of local recurrence thus represents an important goal for the management of this disease. We studied the copy number variations (CNVs) of 24 oncogenes (MDM4, MYCN, ALK, PDGFRA, KIT, KDR, DHFR, EGFR, MET, SMO, FGFR1, MYC, ABL1, RET, CCND1, CCND2, CDK4, MDM2, AURKB, ERBB2, TOP2A, AURKA, AR and BRAF) using multiplex ligation probe amplification technique to verify their role as predictive markers of recurrence. Formalin-fixed paraffin-embedded tissue samples from 43 patients who underwent transurethral resection of the bladder (TURB) were used; 23 patients had relapsed and 20 were disease-free after 5 years. Amplification frequencies were analyzed for all genes and MDM4 was the only gene that showed significantly higher amplification in non recurrent patients than in recurrent ones (0.65 vs. 0.3; Fisher's test p=0.023). Recurrence-free survival analysis confirmed the predictive role of MDM4 (log-rank test p=0.041). Our preliminary results indicate a putative role for the MDM4 gene in predicting local recurrence of bladder cancer. Confirmation of this hypothesis is needed in a larger cohort of NMIBC patients."
20,TOP2A,7153,79.5788605680261,31289523,2019,DNA topoisomerase IIα and RAD21 cohesin complex component are predicted as potential therapeutic targets in bladder cancer.,Oncology letters,Yu Z; Xu Q; Wang G; Rowe M; Driskell C; Xie Q; Wu M; Jia D,10.3892/ol.2019.10365,TOP2alpha,general,,False,False,True,True,True,False,False,TOP2A,TOP2; TOP2alpha; TOPIIA; TP2A,"DNA topoisomerase 2-alpha; DNA gyrase; DNA topoisomerase (ATP-hydrolyzing); DNA topoisomerase II, 170 kD; DNA topoisomerase II, alpha isozyme; topoisomerase (DNA) II alpha 170kDa",DNA topoisomerase II alpha,"Cancer is essentially a genetic disease. Accumulated gene mutations accelerate genome instability, which eventually leads to uncontrollable growth of the tumor. Bladder cancer is the most common form of urinary tract cancer. This form of cancer has a poor prognosis due to its clinical heterogeneity and molecular diversity. Despite recent scientific advances, the knowledge and treatment of bladder cancer still lags behind that of other types of solid tumor. In the present study, available large data portals and other studies were used to obtain clinically relevant information, and the data were systematically processed to decipher the genes associated with bladder cancer. Genes associated with the survival time of patients with bladder cancer were successfully identified. The genes were enriched in common biological processes and pathways, and upregulated in tumor samples from patients. Among the top genes identified as associated with good or poor survival in bladder cancer, DNA topoisomerase IIα (TOP2α) and RAD21 cohesin complex component (RAD21) were also increased in bladder cancer tissues and cell lines. Therefore, TOP2α and RAD21 could be used as potential therapeutic targets in bladder cancer."
20,TOP2A,7153,79.5788605680261,19913893,2010,Clinical implications and prognostic values of topoisomerase-II alpha expression in primary non-muscle-invasive bladder cancer.,Urology,Kim EJ; Lee YS; Kim YJ; Kim MJ; Ha YS; Jeong P; Lee OJ; Kim WJ,10.1016/j.urology.2009.08.055,TOP2alpha,general,,False,False,False,False,True,False,True,TOP2A,TOP2; TOP2alpha; TOPIIA; TP2A,"DNA topoisomerase 2-alpha; DNA gyrase; DNA topoisomerase (ATP-hydrolyzing); DNA topoisomerase II, 170 kD; DNA topoisomerase II, alpha isozyme; topoisomerase (DNA) II alpha 170kDa",DNA topoisomerase II alpha,"OBJECTIVES: To investigate the association between expression levels of topoisomerase-II alpha (TOP-2alpha) and prognosis in primary non-muscle-invasive bladder cancer (NMIBC). TOP-2alpha, a marker of cell proliferation, has been assessed as a prognostic indicator in several types of cancer. However, currently available data on the role of TOP-2alpha in prognosis are inconsistent. METHODS: Top-2alpha messenger ribonucleic acid (mRNA) levels were examined in 103 tumor specimens from patients with primary NMIBC by real-time polymerase chain reaction. Immunohistochemical staining was performed on 39 matched tumor samples. The median follow-up period for all patients was 51.8 months (range, 3.2-137). RESULTS: The mRNA expression levels of TOP-2alpha were significantly elevated in subjects with high-grade (P<.001) and high-stage (P=.041) tumors as compared with subjects with low-grade and low-stage tumors. Kaplan-Meier estimates revealed significant variation in tumor recurrence and progression depending on the level of TOP-2alpha expression (log-rank test, P<.05). Multivariate Cox regression analysis revealed that the level of TOP-2alpha expression is a strong predictor of recurrence (hazard ratio, 2.507; 95% confidence interval, 1.228-5.116; P=.012) and progression (hazard ratio, 4.192; 95% confidence interval, 1.002-17.536; P=.049) for NMIBC. The results of immunohistochemical staining generally correlated with mRNA expression levels. CONCLUSIONS: Enhanced expression of TOP-2alpha is positively associated with a high rate of recurrence and progression in NMIBC. Thus, TOP-2alpha represents a promising marker of prognosis for NMIBC."
20,TOP2A,7153,79.5788605680261,26981592,2016,Value of urinary topoisomerase-IIA cell-free DNA for diagnosis of bladder cancer.,Investigative and clinical urology,Kim YH; Yan C; Lee IS; Piao XM; Byun YJ; Jeong P; Kim WT; Yun SJ; Kim WJ,10.4111/icu.2016.57.2.106,DNA gyrase,general,,True,True,True,True,False,False,True,TOP2A,TOP2; TOP2alpha; TOPIIA; TP2A,"DNA topoisomerase 2-alpha; DNA gyrase; DNA topoisomerase (ATP-hydrolyzing); DNA topoisomerase II, 170 kD; DNA topoisomerase II, alpha isozyme; topoisomerase (DNA) II alpha 170kDa",DNA topoisomerase II alpha,"PURPOSE: Topoisomerase-II alpha (TopoIIA ), a DNA gyrase isoform that plays an important role in the cell cycle, is present in normal tissues and various human cancers, and can show altered expression in both. The aim of the current study was to examine the value of urinary TopoIIA cell-free DNA as a noninvasive diagnosis of bladder cancer (BC). MATERIALS AND METHODS: Two patient cohorts were examined. Cohort 1 (73 BC patients and seven controls) provided bladder tissue samples, whereas cohort 2 (83 BC patients, 54 nonmalignant hematuric patients, and 61 normal controls) provided urine samples. Real-time quantitative polymerase chain reaction was used to measure expression of TopoIIA mRNA in tissues and TopoIIA cell-free DNA in urine samples. RESULTS: The results showed that expression of TopoIIA mRNA in BC tissues was significantly higher than that in noncancer control tissues (p<0.001). The expression of urinary TopoIIA cell-free DNA in BC patients was also significantly higher than that in noncancer patient controls and hematuria patients (p < 0.001 and p < 0.001, respectively). High expression of urinary TopoIIA cell-free DNA was also detected in muscle invasive bladder cancer (MIBC) when compared with nonmuscle invasive bladder cancer (NMIBC) (p=0.002). Receiver operating characteristics (ROC) curve analysis was performed to examine the sensitivity/specificity of urinary TopoIIA cell-free DNA for diagnosing BC, NMIBC, and MIBC. The areas under the ROC curve for BC, NMIBC, and MIBC were 0.741, 0.701, and 0.838, respectively. CONCLUSIONS: In summary, the results of this study provide evidence that cell-free TopoIIA DNA may be a potential biomarker for BC."
20,TOP2A,7153,79.5788605680261,21779195,2011,Mycobacterial infection after intravesical bacillus Calmette-Guërin treatment for bladder cancer: a case report.,The Korean journal of laboratory medicine,Park CH; Jang MA; Ahn YH; Hwang YY; Ki CS; Lee NY,10.3343/kjlm.2011.31.3.197,DNA gyrase,general,,False,False,False,True,False,False,False,TOP2A,TOP2; TOP2alpha; TOPIIA; TP2A,"DNA topoisomerase 2-alpha; DNA gyrase; DNA topoisomerase (ATP-hydrolyzing); DNA topoisomerase II, 170 kD; DNA topoisomerase II, alpha isozyme; topoisomerase (DNA) II alpha 170kDa",DNA topoisomerase II alpha,"Bacillus Calmette-Guërin (BCG) has been traditionally used as a vaccine against tuberculosis. Further, intravesical administration of BCG has been shown to be effective in treating bladder cancer. Although BCG contains a live attenuated strain of Mycobacterium bovis, complications such as M. bovis BCG infection caused by BCG administration are extremely rare. Here, we report a case of BCG infection occurring after intravesical BCG therapy. A 67-yr-old man presented with azotemia and weight loss. He had been diagnosed with bladder cancer 4 yr back, and had undergone transurethral resection of the bladder tumor and intravesical BCG (Tice strain) therapy at that time. An acid-fast bacterial strain was isolated from his urine sample. We did not detect Mycobacterium tuberculosis protein 64 (MPT-64) antigen in the isolates obtained from his sample, and multiplex PCR and PCR-reverse blot hybridization assay indicated that the isolate was a member of the M. tuberculosis complex, but was not M. tuberculosis. Finally, sequence analysis of 16S ribosomal RNA and DNA gyrase, subunit B (gyrB) suggested that the organism was M. bovis or M. bovis BCG. Although we could not confirm that M. bovis BCG was the causative agent, the results of the 3 molecular methods and the MPT-64 antigen assay suggest this finding. This is an important finding, especially because M. bovis BCG cannot be identified using common commercial molecular genetics tools."
